2026-02-14 23:12:00.366 DEBUG 28248 --- [http-nio-8080-exec-8] org.example.dao.UserMapper.findById      : ==>  Preparing: SELECT * FROM user WHERE id = ?
2026-02-14 23:12:00.373 DEBUG 28248 --- [http-nio-8080-exec-8] org.example.dao.UserMapper.findById      : ==> Parameters: 15(Integer)
2026-02-14 23:12:00.374 DEBUG 28248 --- [http-nio-8080-exec-8] org.example.dao.UserMapper.findById      : <==      Total: 1
2026-02-14 23:12:00.374 DEBUG 28248 --- [http-nio-8080-exec-8] org.example.dao.UserMapper.findById      : ==>  Preparing: SELECT * FROM user WHERE id = ?
2026-02-14 23:12:00.374 DEBUG 28248 --- [http-nio-8080-exec-8] org.example.dao.UserMapper.findById      : ==> Parameters: 15(Integer)
2026-02-14 23:12:00.375 DEBUG 28248 --- [http-nio-8080-exec-8] org.example.dao.UserMapper.findById      : <==      Total: 1
2026-02-14 23:12:00.376 DEBUG 28248 --- [http-nio-8080-exec-8] org.example.dao.UserMapper.findById      : ==>  Preparing: SELECT * FROM user WHERE id = ?
2026-02-14 23:12:00.376 DEBUG 28248 --- [http-nio-8080-exec-8] org.example.dao.UserMapper.findById      : ==> Parameters: 15(Integer)
2026-02-14 23:12:00.377 DEBUG 28248 --- [http-nio-8080-exec-8] org.example.dao.UserMapper.findById      : <==      Total: 1
2026-02-14 23:12:00.377 DEBUG 28248 --- [http-nio-8080-exec-8] org.example.dao.UserMapper.findById      : ==>  Preparing: SELECT * FROM user WHERE id = ?
2026-02-14 23:12:00.377 DEBUG 28248 --- [http-nio-8080-exec-8] org.example.dao.UserMapper.findById      : ==> Parameters: 15(Integer)
2026-02-14 23:12:00.378 DEBUG 28248 --- [http-nio-8080-exec-8] org.example.dao.UserMapper.findById      : <==      Total: 1
2026-02-14 23:12:00.378 DEBUG 28248 --- [http-nio-8080-exec-8] org.example.dao.UserMapper.findById      : ==>  Preparing: SELECT * FROM user WHERE id = ?
2026-02-14 23:12:00.378 DEBUG 28248 --- [http-nio-8080-exec-8] org.example.dao.UserMapper.findById      : ==> Parameters: 15(Integer)
2026-02-14 23:12:00.379 DEBUG 28248 --- [http-nio-8080-exec-8] org.example.dao.UserMapper.findById      : <==      Total: 1
2026-02-14 23:12:00.379 DEBUG 28248 --- [http-nio-8080-exec-8] org.example.dao.UserMapper.findById      : ==>  Preparing: SELECT * FROM user WHERE id = ?
2026-02-14 23:12:00.379 DEBUG 28248 --- [http-nio-8080-exec-8] org.example.dao.UserMapper.findById      : ==> Parameters: 15(Integer)
2026-02-14 23:12:00.380 DEBUG 28248 --- [http-nio-8080-exec-8] org.example.dao.UserMapper.findById      : <==      Total: 1
2026-02-14 23:12:00.380 DEBUG 28248 --- [http-nio-8080-exec-8] org.example.dao.UserMapper.findById      : ==>  Preparing: SELECT * FROM user WHERE id = ?
2026-02-14 23:12:00.380 DEBUG 28248 --- [http-nio-8080-exec-8] org.example.dao.UserMapper.findById      : ==> Parameters: 15(Integer)
2026-02-14 23:12:00.381 DEBUG 28248 --- [http-nio-8080-exec-8] org.example.dao.UserMapper.findById      : <==      Total: 1
2026-02-14 23:12:00.381 DEBUG 28248 --- [http-nio-8080-exec-8] org.example.dao.UserMapper.findById      : ==>  Preparing: SELECT * FROM user WHERE id = ?
2026-02-14 23:12:00.381 DEBUG 28248 --- [http-nio-8080-exec-8] org.example.dao.UserMapper.findById      : ==> Parameters: 15(Integer)
2026-02-14 23:12:00.382 DEBUG 28248 --- [http-nio-8080-exec-8] org.example.dao.UserMapper.findById      : <==      Total: 1
2026-02-14 23:12:00.382 DEBUG 28248 --- [http-nio-8080-exec-8] org.example.dao.UserMapper.findById      : ==>  Preparing: SELECT * FROM user WHERE id = ?
2026-02-14 23:12:00.382 DEBUG 28248 --- [http-nio-8080-exec-8] org.example.dao.UserMapper.findById      : ==> Parameters: 15(Integer)
2026-02-14 23:12:00.383 DEBUG 28248 --- [http-nio-8080-exec-8] org.example.dao.UserMapper.findById      : <==      Total: 1
2026-02-14 23:12:00.383 DEBUG 28248 --- [http-nio-8080-exec-8] org.example.dao.UserMapper.findById      : ==>  Preparing: SELECT * FROM user WHERE id = ?
2026-02-14 23:12:00.383 DEBUG 28248 --- [http-nio-8080-exec-8] org.example.dao.UserMapper.findById      : ==> Parameters: 15(Integer)
2026-02-14 23:12:00.383 DEBUG 28248 --- [http-nio-8080-exec-8] org.example.dao.UserMapper.findById      : <==      Total: 1
2026-02-14 23:12:00.383 DEBUG 28248 --- [http-nio-8080-exec-8] org.example.dao.UserMapper.findById      : ==>  Preparing: SELECT * FROM user WHERE id = ?
2026-02-14 23:12:00.383 DEBUG 28248 --- [http-nio-8080-exec-8] org.example.dao.UserMapper.findById      : ==> Parameters: 15(Integer)
2026-02-14 23:12:00.384 DEBUG 28248 --- [http-nio-8080-exec-8] org.example.dao.UserMapper.findById      : <==      Total: 1
2026-02-14 23:12:00.384 DEBUG 28248 --- [http-nio-8080-exec-8] org.example.dao.UserMapper.findById      : ==>  Preparing: SELECT * FROM user WHERE id = ?
2026-02-14 23:12:00.384 DEBUG 28248 --- [http-nio-8080-exec-8] org.example.dao.UserMapper.findById      : ==> Parameters: 15(Integer)
2026-02-14 23:12:00.385 DEBUG 28248 --- [http-nio-8080-exec-8] org.example.dao.UserMapper.findById      : <==      Total: 1
2026-02-14 23:12:00.385 DEBUG 28248 --- [http-nio-8080-exec-8] org.example.dao.UserMapper.findById      : ==>  Preparing: SELECT * FROM user WHERE id = ?
2026-02-14 23:12:00.385 DEBUG 28248 --- [http-nio-8080-exec-8] org.example.dao.UserMapper.findById      : ==> Parameters: 15(Integer)
2026-02-14 23:12:00.385 DEBUG 28248 --- [http-nio-8080-exec-8] org.example.dao.UserMapper.findById      : <==      Total: 1
2026-02-14 23:12:00.385 DEBUG 28248 --- [http-nio-8080-exec-8] org.example.dao.UserMapper.findById      : ==>  Preparing: SELECT * FROM user WHERE id = ?
2026-02-14 23:12:00.385 DEBUG 28248 --- [http-nio-8080-exec-8] org.example.dao.UserMapper.findById      : ==> Parameters: 15(Integer)
2026-02-14 23:12:00.386 DEBUG 28248 --- [http-nio-8080-exec-8] org.example.dao.UserMapper.findById      : <==      Total: 1
2026-02-14 23:12:00.386 DEBUG 28248 --- [http-nio-8080-exec-8] org.example.dao.UserMapper.findById      : ==>  Preparing: SELECT * FROM user WHERE id = ?
2026-02-14 23:12:00.386 DEBUG 28248 --- [http-nio-8080-exec-8] org.example.dao.UserMapper.findById      : ==> Parameters: 15(Integer)
2026-02-14 23:12:00.387 DEBUG 28248 --- [http-nio-8080-exec-8] org.example.dao.UserMapper.findById      : <==      Total: 1
2026-02-14 23:12:00.387 DEBUG 28248 --- [http-nio-8080-exec-8] org.example.dao.UserMapper.findById      : ==>  Preparing: SELECT * FROM user WHERE id = ?
2026-02-14 23:12:00.387 DEBUG 28248 --- [http-nio-8080-exec-8] org.example.dao.UserMapper.findById      : ==> Parameters: 15(Integer)
2026-02-14 23:12:00.387 DEBUG 28248 --- [http-nio-8080-exec-8] org.example.dao.UserMapper.findById      : <==      Total: 1
2026-02-14 23:12:00.387 DEBUG 28248 --- [http-nio-8080-exec-8] org.example.dao.UserMapper.findById      : ==>  Preparing: SELECT * FROM user WHERE id = ?
2026-02-14 23:12:00.387 DEBUG 28248 --- [http-nio-8080-exec-8] org.example.dao.UserMapper.findById      : ==> Parameters: 15(Integer)
2026-02-14 23:12:00.388 DEBUG 28248 --- [http-nio-8080-exec-8] org.example.dao.UserMapper.findById      : <==      Total: 1
2026-02-14 23:12:00.388 DEBUG 28248 --- [http-nio-8080-exec-8] m.m.a.RequestResponseBodyMethodProcessor : Using 'application/json', given [*/*] and supported [application/json, application/*+json, application/json, application/*+json]
2026-02-14 23:12:00.388 DEBUG 28248 --- [http-nio-8080-exec-8] m.m.a.RequestResponseBodyMethodProcessor : Writing [org.example.common.ResponseResult@2a808094]
2026-02-14 23:12:00.390 DEBUG 28248 --- [http-nio-8080-exec-8] o.s.web.servlet.DispatcherServlet        : Completed 200 OK
2026-02-14 23:12:02.028 DEBUG 28248 --- [http-nio-8080-exec-1] o.s.web.servlet.DispatcherServlet        : GET "/api/chat/contacts", parameters={}
2026-02-14 23:12:02.029 DEBUG 28248 --- [http-nio-8080-exec-1] s.w.s.m.m.a.RequestMappingHandlerMapping : Mapped to org.example.controller.ChatController#getRecentContacts(HttpServletRequest)
2026-02-14 23:12:02.031 DEBUG 28248 --- [http-nio-8080-exec-1] o.e.d.C.findRecentContacts               : ==>  Preparing: SELECT m.*, CASE WHEN m.sender_id = 0 THEN '系统通知' ELSE u.name END as sender_name, CASE WHEN m.sender_id = 0 THEN '/static/logo.png' ELSE u.avatar END as sender_avatar, (SELECT COUNT(*) FROM chat_message cm WHERE cm.sender_id = contact_id AND cm.receiver_id = ? AND cm.is_read = 0) as unread_count FROM ( SELECT CASE WHEN sender_id = ? THEN receiver_id ELSE sender_id END as contact_id, MAX(create_time) as max_time FROM chat_message WHERE sender_id = ? OR receiver_id = ? GROUP BY contact_id ) t JOIN chat_message m ON ( (m.sender_id = ? AND m.receiver_id = t.contact_id) OR (m.sender_id = t.contact_id AND m.receiver_id = ?) ) AND m.create_time = t.max_time LEFT JOIN user u ON u.id = t.contact_id ORDER BY m.create_time DESC
2026-02-14 23:12:02.032 DEBUG 28248 --- [http-nio-8080-exec-1] o.e.d.C.findRecentContacts               : ==> Parameters: 21(Integer), 21(Integer), 21(Integer), 21(Integer), 21(Integer), 21(Integer)
2026-02-14 23:12:02.035 DEBUG 28248 --- [http-nio-8080-exec-1] o.e.d.C.findRecentContacts               : <==      Total: 2
2026-02-14 23:12:02.036 DEBUG 28248 --- [http-nio-8080-exec-1] org.example.dao.UserMapper.findById      : ==>  Preparing: SELECT * FROM user WHERE id = ?
2026-02-14 23:12:02.036 DEBUG 28248 --- [http-nio-8080-exec-1] org.example.dao.UserMapper.findById      : ==> Parameters: 21(Integer)
2026-02-14 23:12:02.037 DEBUG 28248 --- [http-nio-8080-exec-1] org.example.dao.UserMapper.findById      : <==      Total: 1
2026-02-14 23:12:02.038 DEBUG 28248 --- [http-nio-8080-exec-1] m.m.a.RequestResponseBodyMethodProcessor : Using 'application/json', given [*/*] and supported [application/json, application/*+json, application/json, application/*+json]
2026-02-14 23:12:02.038 DEBUG 28248 --- [http-nio-8080-exec-1] m.m.a.RequestResponseBodyMethodProcessor : Writing [org.example.common.ResponseResult@4907684]
2026-02-14 23:12:02.039 DEBUG 28248 --- [http-nio-8080-exec-1] o.s.web.servlet.DispatcherServlet        : Completed 200 OK
2026-02-14 23:12:02.044 DEBUG 28248 --- [http-nio-8080-exec-6] o.s.web.servlet.DispatcherServlet        : GET "/api/chat/contacts", parameters={}
2026-02-14 23:12:02.044 DEBUG 28248 --- [http-nio-8080-exec-6] s.w.s.m.m.a.RequestMappingHandlerMapping : Mapped to org.example.controller.ChatController#getRecentContacts(HttpServletRequest)
2026-02-14 23:12:02.046 DEBUG 28248 --- [http-nio-8080-exec-6] o.e.d.C.findRecentContacts               : ==>  Preparing: SELECT m.*, CASE WHEN m.sender_id = 0 THEN '系统通知' ELSE u.name END as sender_name, CASE WHEN m.sender_id = 0 THEN '/static/logo.png' ELSE u.avatar END as sender_avatar, (SELECT COUNT(*) FROM chat_message cm WHERE cm.sender_id = contact_id AND cm.receiver_id = ? AND cm.is_read = 0) as unread_count FROM ( SELECT CASE WHEN sender_id = ? THEN receiver_id ELSE sender_id END as contact_id, MAX(create_time) as max_time FROM chat_message WHERE sender_id = ? OR receiver_id = ? GROUP BY contact_id ) t JOIN chat_message m ON ( (m.sender_id = ? AND m.receiver_id = t.contact_id) OR (m.sender_id = t.contact_id AND m.receiver_id = ?) ) AND m.create_time = t.max_time LEFT JOIN user u ON u.id = t.contact_id ORDER BY m.create_time DESC
2026-02-14 23:12:02.047 DEBUG 28248 --- [http-nio-8080-exec-6] o.e.d.C.findRecentContacts               : ==> Parameters: 21(Integer), 21(Integer), 21(Integer), 21(Integer), 21(Integer), 21(Integer)
2026-02-14 23:12:02.048 DEBUG 28248 --- [http-nio-8080-exec-6] o.e.d.C.findRecentContacts               : <==      Total: 2
2026-02-14 23:12:02.049 DEBUG 28248 --- [http-nio-8080-exec-6] org.example.dao.UserMapper.findById      : ==>  Preparing: SELECT * FROM user WHERE id = ?
2026-02-14 23:12:02.049 DEBUG 28248 --- [http-nio-8080-exec-6] org.example.dao.UserMapper.findById      : ==> Parameters: 21(Integer)
2026-02-14 23:12:02.049 DEBUG 28248 --- [http-nio-8080-exec-6] org.example.dao.UserMapper.findById      : <==      Total: 1
2026-02-14 23:12:02.050 DEBUG 28248 --- [http-nio-8080-exec-6] m.m.a.RequestResponseBodyMethodProcessor : Using 'application/json', given [*/*] and supported [application/json, application/*+json, application/json, application/*+json]
2026-02-14 23:12:02.050 DEBUG 28248 --- [http-nio-8080-exec-6] m.m.a.RequestResponseBodyMethodProcessor : Writing [org.example.common.ResponseResult@3b61150c]
2026-02-14 23:12:02.051 DEBUG 28248 --- [http-nio-8080-exec-6] o.s.web.servlet.DispatcherServlet        : Completed 200 OK
2026-02-14 23:12:02.063 DEBUG 28248 --- [http-nio-8080-exec-3] o.s.web.servlet.DispatcherServlet        : GET "/ws/chat?userId=21", parameters={masked}
2026-02-14 23:12:02.067 DEBUG 28248 --- [http-nio-8080-exec-3] o.s.w.s.s.s.WebSocketHandlerMapping      : Mapped to org.springframework.web.socket.server.support.WebSocketHttpRequestHandler@7bc2ae16
2026-02-14 23:12:02.067 DEBUG 28248 --- [http-nio-8080-exec-3] o.s.w.s.s.s.WebSocketHttpRequestHandler  : GET /ws/chat
2026-02-14 23:12:02.069 DEBUG 28248 --- [http-nio-8080-exec-3] o.s.web.servlet.DispatcherServlet        : Completed 101 SWITCHING_PROTOCOLS
2026-02-14 23:12:02.071 DEBUG 28248 --- [http-nio-8080-exec-3] s.w.s.h.LoggingWebSocketHandlerDecorator : New StandardWebSocketSession[id=f44a49eb-9165-1a96-48bb-d51321d06dfb, uri=ws://localhost:8080/ws/chat?userId=21]
2026-02-14 23:12:02.072  INFO 28248 --- [http-nio-8080-exec-3] o.example.handler.ChatWebSocketHandler   : 聊天 WebSocket 连接建立: 用户 21
2026-02-14 23:12:03.151 DEBUG 28248 --- [http-nio-8080-exec-7] o.s.web.servlet.DispatcherServlet        : GET "/api/chat/contacts", parameters={}
2026-02-14 23:12:03.152 DEBUG 28248 --- [http-nio-8080-exec-7] s.w.s.m.m.a.RequestMappingHandlerMapping : Mapped to org.example.controller.ChatController#getRecentContacts(HttpServletRequest)
2026-02-14 23:12:03.154 DEBUG 28248 --- [http-nio-8080-exec-7] o.e.d.C.findRecentContacts               : ==>  Preparing: SELECT m.*, CASE WHEN m.sender_id = 0 THEN '系统通知' ELSE u.name END as sender_name, CASE WHEN m.sender_id = 0 THEN '/static/logo.png' ELSE u.avatar END as sender_avatar, (SELECT COUNT(*) FROM chat_message cm WHERE cm.sender_id = contact_id AND cm.receiver_id = ? AND cm.is_read = 0) as unread_count FROM ( SELECT CASE WHEN sender_id = ? THEN receiver_id ELSE sender_id END as contact_id, MAX(create_time) as max_time FROM chat_message WHERE sender_id = ? OR receiver_id = ? GROUP BY contact_id ) t JOIN chat_message m ON ( (m.sender_id = ? AND m.receiver_id = t.contact_id) OR (m.sender_id = t.contact_id AND m.receiver_id = ?) ) AND m.create_time = t.max_time LEFT JOIN user u ON u.id = t.contact_id ORDER BY m.create_time DESC
2026-02-14 23:12:03.154 DEBUG 28248 --- [http-nio-8080-exec-7] o.e.d.C.findRecentContacts               : ==> Parameters: 15(Integer), 15(Integer), 15(Integer), 15(Integer), 15(Integer), 15(Integer)
2026-02-14 23:12:03.156 DEBUG 28248 --- [http-nio-8080-exec-7] o.e.d.C.findRecentContacts               : <==      Total: 2
2026-02-14 23:12:03.157 DEBUG 28248 --- [http-nio-8080-exec-7] m.m.a.RequestResponseBodyMethodProcessor : Using 'application/json', given [*/*] and supported [application/json, application/*+json, application/json, application/*+json]
2026-02-14 23:12:03.157 DEBUG 28248 --- [http-nio-8080-exec-7] m.m.a.RequestResponseBodyMethodProcessor : Writing [org.example.common.ResponseResult@4d4cd202]
2026-02-14 23:12:03.158 DEBUG 28248 --- [http-nio-8080-exec-7] o.s.web.servlet.DispatcherServlet        : Completed 200 OK
2026-02-14 23:12:03.164 DEBUG 28248 --- [http-nio-8080-exec-2] o.s.web.servlet.DispatcherServlet        : GET "/ws/chat?userId=15", parameters={masked}
2026-02-14 23:12:03.164 DEBUG 28248 --- [http-nio-8080-exec-9] o.s.web.servlet.DispatcherServlet        : GET "/api/chat/contacts", parameters={}
2026-02-14 23:12:03.165 DEBUG 28248 --- [http-nio-8080-exec-9] s.w.s.m.m.a.RequestMappingHandlerMapping : Mapped to org.example.controller.ChatController#getRecentContacts(HttpServletRequest)
2026-02-14 23:12:03.165 DEBUG 28248 --- [http-nio-8080-exec-2] o.s.w.s.s.s.WebSocketHandlerMapping      : Mapped to org.springframework.web.socket.server.support.WebSocketHttpRequestHandler@7bc2ae16
2026-02-14 23:12:03.165 DEBUG 28248 --- [http-nio-8080-exec-2] o.s.w.s.s.s.WebSocketHttpRequestHandler  : GET /ws/chat
2026-02-14 23:12:03.166 DEBUG 28248 --- [http-nio-8080-exec-2] o.s.web.servlet.DispatcherServlet        : Completed 101 SWITCHING_PROTOCOLS
2026-02-14 23:12:03.167 DEBUG 28248 --- [http-nio-8080-exec-2] s.w.s.h.LoggingWebSocketHandlerDecorator : New StandardWebSocketSession[id=28d0956e-72db-19fc-4edd-82378c82573e, uri=ws://localhost:8080/ws/chat?userId=15]
2026-02-14 23:12:03.167 DEBUG 28248 --- [http-nio-8080-exec-9] o.e.d.C.findRecentContacts               : ==>  Preparing: SELECT m.*, CASE WHEN m.sender_id = 0 THEN '系统通知' ELSE u.name END as sender_name, CASE WHEN m.sender_id = 0 THEN '/static/logo.png' ELSE u.avatar END as sender_avatar, (SELECT COUNT(*) FROM chat_message cm WHERE cm.sender_id = contact_id AND cm.receiver_id = ? AND cm.is_read = 0) as unread_count FROM ( SELECT CASE WHEN sender_id = ? THEN receiver_id ELSE sender_id END as contact_id, MAX(create_time) as max_time FROM chat_message WHERE sender_id = ? OR receiver_id = ? GROUP BY contact_id ) t JOIN chat_message m ON ( (m.sender_id = ? AND m.receiver_id = t.contact_id) OR (m.sender_id = t.contact_id AND m.receiver_id = ?) ) AND m.create_time = t.max_time LEFT JOIN user u ON u.id = t.contact_id ORDER BY m.create_time DESC
2026-02-14 23:12:03.167  INFO 28248 --- [http-nio-8080-exec-2] o.example.handler.ChatWebSocketHandler   : 聊天 WebSocket 连接建立: 用户 15
2026-02-14 23:12:03.167 DEBUG 28248 --- [http-nio-8080-exec-9] o.e.d.C.findRecentContacts               : ==> Parameters: 15(Integer), 15(Integer), 15(Integer), 15(Integer), 15(Integer), 15(Integer)
2026-02-14 23:12:03.170 DEBUG 28248 --- [http-nio-8080-exec-9] o.e.d.C.findRecentContacts               : <==      Total: 2
2026-02-14 23:12:03.171 DEBUG 28248 --- [http-nio-8080-exec-9] m.m.a.RequestResponseBodyMethodProcessor : Using 'application/json', given [*/*] and supported [application/json, application/*+json, application/json, application/*+json]
2026-02-14 23:12:03.171 DEBUG 28248 --- [http-nio-8080-exec-9] m.m.a.RequestResponseBodyMethodProcessor : Writing [org.example.common.ResponseResult@7d140489]
2026-02-14 23:12:03.172 DEBUG 28248 --- [http-nio-8080-exec-9] o.s.web.servlet.DispatcherServlet        : Completed 200 OK
2026-02-14 23:12:04.208 DEBUG 28248 --- [http-nio-8080-exec-4] o.s.web.servlet.DispatcherServlet        : POST "/api/chat/read?senderId=21", parameters={masked}
2026-02-14 23:12:04.208 DEBUG 28248 --- [http-nio-8080-exec-4] s.w.s.m.m.a.RequestMappingHandlerMapping : Mapped to org.example.controller.ChatController#markAsRead(Integer, HttpServletRequest)
2026-02-14 23:12:04.211 DEBUG 28248 --- [http-nio-8080-exec-4] o.e.dao.ChatMessageMapper.markAsRead     : ==>  Preparing: UPDATE chat_message SET is_read = 1 WHERE sender_id = ? AND receiver_id = ? AND is_read = 0
2026-02-14 23:12:04.211 DEBUG 28248 --- [http-nio-8080-exec-4] o.e.dao.ChatMessageMapper.markAsRead     : ==> Parameters: 21(Integer), 15(Integer)
2026-02-14 23:12:04.212 DEBUG 28248 --- [http-nio-8080-exec-4] o.e.dao.ChatMessageMapper.markAsRead     : <==    Updates: 0
2026-02-14 23:12:04.213  INFO 28248 --- [http-nio-8080-exec-4] o.example.service.impl.ChatServiceImpl   : 已发送已读回执: 接收者15 -> 发送者21
2026-02-14 23:12:04.214 DEBUG 28248 --- [http-nio-8080-exec-4] m.m.a.RequestResponseBodyMethodProcessor : Using 'application/json', given [*/*] and supported [application/json, application/*+json, application/json, application/*+json]
2026-02-14 23:12:04.214 DEBUG 28248 --- [http-nio-8080-exec-4] m.m.a.RequestResponseBodyMethodProcessor : Writing [org.example.common.ResponseResult@139fbf5d]
2026-02-14 23:12:04.215 DEBUG 28248 --- [http-nio-8080-exec-4] o.s.web.servlet.DispatcherServlet        : Completed 200 OK
2026-02-14 23:12:04.234 DEBUG 28248 --- [http-nio-8080-exec-1] o.s.web.servlet.DispatcherServlet        : GET "/ws/chat?userId=15", parameters={masked}
2026-02-14 23:12:04.235 DEBUG 28248 --- [http-nio-8080-exec-1] o.s.w.s.s.s.WebSocketHandlerMapping      : Mapped to org.springframework.web.socket.server.support.WebSocketHttpRequestHandler@7bc2ae16
2026-02-14 23:12:04.236 DEBUG 28248 --- [http-nio-8080-exec-1] o.s.w.s.s.s.WebSocketHttpRequestHandler  : GET /ws/chat
2026-02-14 23:12:04.236 DEBUG 28248 --- [http-nio-8080-exec-6] o.s.web.servlet.DispatcherServlet        : GET "/api/chat/history?targetUserId=21&page=1&pageSize=20", parameters={masked}
2026-02-14 23:12:04.237 DEBUG 28248 --- [http-nio-8080-exec-6] s.w.s.m.m.a.RequestMappingHandlerMapping : Mapped to org.example.controller.ChatController#getHistory(Integer, HttpServletRequest)
2026-02-14 23:12:04.237 DEBUG 28248 --- [http-nio-8080-exec-1] o.s.web.servlet.DispatcherServlet        : Completed 101 SWITCHING_PROTOCOLS
2026-02-14 23:12:04.239 DEBUG 28248 --- [http-nio-8080-exec-1] s.w.s.h.LoggingWebSocketHandlerDecorator : New StandardWebSocketSession[id=cfa9f839-6a85-5fe4-955a-e19e275e0959, uri=ws://localhost:8080/ws/chat?userId=15]
2026-02-14 23:12:04.239  INFO 28248 --- [http-nio-8080-exec-1] o.example.handler.ChatWebSocketHandler   : 聊天 WebSocket 连接建立: 用户 15
2026-02-14 23:12:04.241 DEBUG 28248 --- [http-nio-8080-exec-6] o.e.dao.ChatMessageMapper.findHistory    : ==>  Preparing: SELECT m.*, u.name as sender_name, u.avatar as sender_avatar FROM chat_message m LEFT JOIN user u ON m.sender_id = u.id WHERE (m.sender_id = ? AND m.receiver_id = ?) OR (m.sender_id = ? AND m.receiver_id = ?) ORDER BY m.create_time ASC
2026-02-14 23:12:04.241 DEBUG 28248 --- [http-nio-8080-exec-6] o.e.dao.ChatMessageMapper.findHistory    : ==> Parameters: 15(Integer), 21(Integer), 21(Integer), 15(Integer)
2026-02-14 23:12:04.244 DEBUG 28248 --- [http-nio-8080-exec-6] o.e.dao.ChatMessageMapper.findHistory    : <==      Total: 152
2026-02-14 23:12:04.244 DEBUG 28248 --- [http-nio-8080-exec-6] org.example.dao.UserMapper.findById      : ==>  Preparing: SELECT * FROM user WHERE id = ?
2026-02-14 23:12:04.245 DEBUG 28248 --- [http-nio-8080-exec-6] org.example.dao.UserMapper.findById      : ==> Parameters: 15(Integer)
2026-02-14 23:12:04.245 DEBUG 28248 --- [http-nio-8080-exec-6] org.example.dao.UserMapper.findById      : <==      Total: 1
2026-02-14 23:12:04.245 DEBUG 28248 --- [http-nio-8080-exec-6] org.example.dao.UserMapper.findById      : ==>  Preparing: SELECT * FROM user WHERE id = ?
2026-02-14 23:12:04.246 DEBUG 28248 --- [http-nio-8080-exec-6] org.example.dao.UserMapper.findById      : ==> Parameters: 15(Integer)
2026-02-14 23:12:04.247 DEBUG 28248 --- [http-nio-8080-exec-6] org.example.dao.UserMapper.findById      : <==      Total: 1
2026-02-14 23:12:04.248 DEBUG 28248 --- [http-nio-8080-exec-6] org.example.dao.UserMapper.findById      : ==>  Preparing: SELECT * FROM user WHERE id = ?
2026-02-14 23:12:04.248 DEBUG 28248 --- [http-nio-8080-exec-6] org.example.dao.UserMapper.findById      : ==> Parameters: 15(Integer)
2026-02-14 23:12:04.249 DEBUG 28248 --- [http-nio-8080-exec-6] org.example.dao.UserMapper.findById      : <==      Total: 1
2026-02-14 23:12:04.249 DEBUG 28248 --- [http-nio-8080-exec-6] org.example.dao.UserMapper.findById      : ==>  Preparing: SELECT * FROM user WHERE id = ?
2026-02-14 23:12:04.249 DEBUG 28248 --- [http-nio-8080-exec-6] org.example.dao.UserMapper.findById      : ==> Parameters: 15(Integer)
2026-02-14 23:12:04.250 DEBUG 28248 --- [http-nio-8080-exec-6] org.example.dao.UserMapper.findById      : <==      Total: 1
2026-02-14 23:12:04.250 DEBUG 28248 --- [http-nio-8080-exec-6] org.example.dao.UserMapper.findById      : ==>  Preparing: SELECT * FROM user WHERE id = ?
2026-02-14 23:12:04.250 DEBUG 28248 --- [http-nio-8080-exec-6] org.example.dao.UserMapper.findById      : ==> Parameters: 15(Integer)
2026-02-14 23:12:04.251 DEBUG 28248 --- [http-nio-8080-exec-6] org.example.dao.UserMapper.findById      : <==      Total: 1
2026-02-14 23:12:04.251 DEBUG 28248 --- [http-nio-8080-exec-6] org.example.dao.UserMapper.findById      : ==>  Preparing: SELECT * FROM user WHERE id = ?
2026-02-14 23:12:04.251 DEBUG 28248 --- [http-nio-8080-exec-6] org.example.dao.UserMapper.findById      : ==> Parameters: 15(Integer)
2026-02-14 23:12:04.251 DEBUG 28248 --- [http-nio-8080-exec-6] org.example.dao.UserMapper.findById      : <==      Total: 1
2026-02-14 23:12:04.251 DEBUG 28248 --- [http-nio-8080-exec-6] org.example.dao.UserMapper.findById      : ==>  Preparing: SELECT * FROM user WHERE id = ?
2026-02-14 23:12:04.252 DEBUG 28248 --- [http-nio-8080-exec-6] org.example.dao.UserMapper.findById      : ==> Parameters: 15(Integer)
2026-02-14 23:12:04.252 DEBUG 28248 --- [http-nio-8080-exec-6] org.example.dao.UserMapper.findById      : <==      Total: 1
2026-02-14 23:12:04.252 DEBUG 28248 --- [http-nio-8080-exec-6] org.example.dao.UserMapper.findById      : ==>  Preparing: SELECT * FROM user WHERE id = ?
2026-02-14 23:12:04.252 DEBUG 28248 --- [http-nio-8080-exec-6] org.example.dao.UserMapper.findById      : ==> Parameters: 15(Integer)
2026-02-14 23:12:04.253 DEBUG 28248 --- [http-nio-8080-exec-6] org.example.dao.UserMapper.findById      : <==      Total: 1
2026-02-14 23:12:04.253 DEBUG 28248 --- [http-nio-8080-exec-6] org.example.dao.UserMapper.findById      : ==>  Preparing: SELECT * FROM user WHERE id = ?
2026-02-14 23:12:04.253 DEBUG 28248 --- [http-nio-8080-exec-6] org.example.dao.UserMapper.findById      : ==> Parameters: 15(Integer)
2026-02-14 23:12:04.254 DEBUG 28248 --- [http-nio-8080-exec-6] org.example.dao.UserMapper.findById      : <==      Total: 1
2026-02-14 23:12:04.254 DEBUG 28248 --- [http-nio-8080-exec-6] org.example.dao.UserMapper.findById      : ==>  Preparing: SELECT * FROM user WHERE id = ?
2026-02-14 23:12:04.254 DEBUG 28248 --- [http-nio-8080-exec-6] org.example.dao.UserMapper.findById      : ==> Parameters: 15(Integer)
2026-02-14 23:12:04.254 DEBUG 28248 --- [http-nio-8080-exec-6] org.example.dao.UserMapper.findById      : <==      Total: 1
2026-02-14 23:12:04.254 DEBUG 28248 --- [http-nio-8080-exec-6] org.example.dao.UserMapper.findById      : ==>  Preparing: SELECT * FROM user WHERE id = ?
2026-02-14 23:12:04.254 DEBUG 28248 --- [http-nio-8080-exec-6] org.example.dao.UserMapper.findById      : ==> Parameters: 15(Integer)
2026-02-14 23:12:04.255 DEBUG 28248 --- [http-nio-8080-exec-6] org.example.dao.UserMapper.findById      : <==      Total: 1
2026-02-14 23:12:04.255 DEBUG 28248 --- [http-nio-8080-exec-6] org.example.dao.UserMapper.findById      : ==>  Preparing: SELECT * FROM user WHERE id = ?
2026-02-14 23:12:04.255 DEBUG 28248 --- [http-nio-8080-exec-6] org.example.dao.UserMapper.findById      : ==> Parameters: 15(Integer)
2026-02-14 23:12:04.255 DEBUG 28248 --- [http-nio-8080-exec-6] org.example.dao.UserMapper.findById      : <==      Total: 1
2026-02-14 23:12:04.255 DEBUG 28248 --- [http-nio-8080-exec-6] org.example.dao.UserMapper.findById      : ==>  Preparing: SELECT * FROM user WHERE id = ?
2026-02-14 23:12:04.255 DEBUG 28248 --- [http-nio-8080-exec-6] org.example.dao.UserMapper.findById      : ==> Parameters: 15(Integer)
2026-02-14 23:12:04.256 DEBUG 28248 --- [http-nio-8080-exec-6] org.example.dao.UserMapper.findById      : <==      Total: 1
2026-02-14 23:12:04.256 DEBUG 28248 --- [http-nio-8080-exec-6] org.example.dao.UserMapper.findById      : ==>  Preparing: SELECT * FROM user WHERE id = ?
2026-02-14 23:12:04.256 DEBUG 28248 --- [http-nio-8080-exec-6] org.example.dao.UserMapper.findById      : ==> Parameters: 15(Integer)
2026-02-14 23:12:04.256 DEBUG 28248 --- [http-nio-8080-exec-6] org.example.dao.UserMapper.findById      : <==      Total: 1
2026-02-14 23:12:04.256 DEBUG 28248 --- [http-nio-8080-exec-6] org.example.dao.UserMapper.findById      : ==>  Preparing: SELECT * FROM user WHERE id = ?
2026-02-14 23:12:04.256 DEBUG 28248 --- [http-nio-8080-exec-6] org.example.dao.UserMapper.findById      : ==> Parameters: 15(Integer)
2026-02-14 23:12:04.257 DEBUG 28248 --- [http-nio-8080-exec-6] org.example.dao.UserMapper.findById      : <==      Total: 1
2026-02-14 23:12:04.257 DEBUG 28248 --- [http-nio-8080-exec-6] org.example.dao.UserMapper.findById      : ==>  Preparing: SELECT * FROM user WHERE id = ?
2026-02-14 23:12:04.257 DEBUG 28248 --- [http-nio-8080-exec-6] org.example.dao.UserMapper.findById      : ==> Parameters: 15(Integer)
2026-02-14 23:12:04.257 DEBUG 28248 --- [http-nio-8080-exec-6] org.example.dao.UserMapper.findById      : <==      Total: 1
2026-02-14 23:12:04.258 DEBUG 28248 --- [http-nio-8080-exec-6] org.example.dao.UserMapper.findById      : ==>  Preparing: SELECT * FROM user WHERE id = ?
2026-02-14 23:12:04.258 DEBUG 28248 --- [http-nio-8080-exec-6] org.example.dao.UserMapper.findById      : ==> Parameters: 15(Integer)
2026-02-14 23:12:04.258 DEBUG 28248 --- [http-nio-8080-exec-6] org.example.dao.UserMapper.findById      : <==      Total: 1
2026-02-14 23:12:04.258 DEBUG 28248 --- [http-nio-8080-exec-6] org.example.dao.UserMapper.findById      : ==>  Preparing: SELECT * FROM user WHERE id = ?
2026-02-14 23:12:04.258 DEBUG 28248 --- [http-nio-8080-exec-6] org.example.dao.UserMapper.findById      : ==> Parameters: 15(Integer)
2026-02-14 23:12:04.259 DEBUG 28248 --- [http-nio-8080-exec-6] org.example.dao.UserMapper.findById      : <==      Total: 1
2026-02-14 23:12:04.259 DEBUG 28248 --- [http-nio-8080-exec-6] org.example.dao.UserMapper.findById      : ==>  Preparing: SELECT * FROM user WHERE id = ?
2026-02-14 23:12:04.259 DEBUG 28248 --- [http-nio-8080-exec-6] org.example.dao.UserMapper.findById      : ==> Parameters: 15(Integer)
2026-02-14 23:12:04.260 DEBUG 28248 --- [http-nio-8080-exec-6] org.example.dao.UserMapper.findById      : <==      Total: 1
2026-02-14 23:12:04.260 DEBUG 28248 --- [http-nio-8080-exec-6] org.example.dao.UserMapper.findById      : ==>  Preparing: SELECT * FROM user WHERE id = ?
2026-02-14 23:12:04.260 DEBUG 28248 --- [http-nio-8080-exec-6] org.example.dao.UserMapper.findById      : ==> Parameters: 15(Integer)
2026-02-14 23:12:04.260 DEBUG 28248 --- [http-nio-8080-exec-6] org.example.dao.UserMapper.findById      : <==      Total: 1
2026-02-14 23:12:04.261 DEBUG 28248 --- [http-nio-8080-exec-6] org.example.dao.UserMapper.findById      : ==>  Preparing: SELECT * FROM user WHERE id = ?
2026-02-14 23:12:04.261 DEBUG 28248 --- [http-nio-8080-exec-6] org.example.dao.UserMapper.findById      : ==> Parameters: 15(Integer)
2026-02-14 23:12:04.261 DEBUG 28248 --- [http-nio-8080-exec-6] org.example.dao.UserMapper.findById      : <==      Total: 1
2026-02-14 23:12:04.262 DEBUG 28248 --- [http-nio-8080-exec-6] org.example.dao.UserMapper.findById      : ==>  Preparing: SELECT * FROM user WHERE id = ?
2026-02-14 23:12:04.262 DEBUG 28248 --- [http-nio-8080-exec-6] org.example.dao.UserMapper.findById      : ==> Parameters: 15(Integer)
2026-02-14 23:12:04.262 DEBUG 28248 --- [http-nio-8080-exec-6] org.example.dao.UserMapper.findById      : <==      Total: 1
2026-02-14 23:12:04.262 DEBUG 28248 --- [http-nio-8080-exec-6] org.example.dao.UserMapper.findById      : ==>  Preparing: SELECT * FROM user WHERE id = ?
2026-02-14 23:12:04.262 DEBUG 28248 --- [http-nio-8080-exec-6] org.example.dao.UserMapper.findById      : ==> Parameters: 15(Integer)
2026-02-14 23:12:04.263 DEBUG 28248 --- [http-nio-8080-exec-6] org.example.dao.UserMapper.findById      : <==      Total: 1
2026-02-14 23:12:04.263 DEBUG 28248 --- [http-nio-8080-exec-6] org.example.dao.UserMapper.findById      : ==>  Preparing: SELECT * FROM user WHERE id = ?
2026-02-14 23:12:04.263 DEBUG 28248 --- [http-nio-8080-exec-6] org.example.dao.UserMapper.findById      : ==> Parameters: 15(Integer)
2026-02-14 23:12:04.264 DEBUG 28248 --- [http-nio-8080-exec-6] org.example.dao.UserMapper.findById      : <==      Total: 1
2026-02-14 23:12:04.264 DEBUG 28248 --- [http-nio-8080-exec-6] org.example.dao.UserMapper.findById      : ==>  Preparing: SELECT * FROM user WHERE id = ?
2026-02-14 23:12:04.264 DEBUG 28248 --- [http-nio-8080-exec-6] org.example.dao.UserMapper.findById      : ==> Parameters: 15(Integer)
2026-02-14 23:12:04.264 DEBUG 28248 --- [http-nio-8080-exec-6] org.example.dao.UserMapper.findById      : <==      Total: 1
2026-02-14 23:12:04.264 DEBUG 28248 --- [http-nio-8080-exec-6] org.example.dao.UserMapper.findById      : ==>  Preparing: SELECT * FROM user WHERE id = ?
2026-02-14 23:12:04.265 DEBUG 28248 --- [http-nio-8080-exec-6] org.example.dao.UserMapper.findById      : ==> Parameters: 15(Integer)
2026-02-14 23:12:04.265 DEBUG 28248 --- [http-nio-8080-exec-6] org.example.dao.UserMapper.findById      : <==      Total: 1
2026-02-14 23:12:04.265 DEBUG 28248 --- [http-nio-8080-exec-6] org.example.dao.UserMapper.findById      : ==>  Preparing: SELECT * FROM user WHERE id = ?
2026-02-14 23:12:04.265 DEBUG 28248 --- [http-nio-8080-exec-6] org.example.dao.UserMapper.findById      : ==> Parameters: 15(Integer)
2026-02-14 23:12:04.265 DEBUG 28248 --- [http-nio-8080-exec-6] org.example.dao.UserMapper.findById      : <==      Total: 1
2026-02-14 23:12:04.266 DEBUG 28248 --- [http-nio-8080-exec-6] org.example.dao.UserMapper.findById      : ==>  Preparing: SELECT * FROM user WHERE id = ?
2026-02-14 23:12:04.266 DEBUG 28248 --- [http-nio-8080-exec-6] org.example.dao.UserMapper.findById      : ==> Parameters: 15(Integer)
2026-02-14 23:12:04.266 DEBUG 28248 --- [http-nio-8080-exec-6] org.example.dao.UserMapper.findById      : <==      Total: 1
2026-02-14 23:12:04.266 DEBUG 28248 --- [http-nio-8080-exec-6] org.example.dao.UserMapper.findById      : ==>  Preparing: SELECT * FROM user WHERE id = ?
2026-02-14 23:12:04.266 DEBUG 28248 --- [http-nio-8080-exec-6] org.example.dao.UserMapper.findById      : ==> Parameters: 15(Integer)
2026-02-14 23:12:04.267 DEBUG 28248 --- [http-nio-8080-exec-6] org.example.dao.UserMapper.findById      : <==      Total: 1
2026-02-14 23:12:04.267 DEBUG 28248 --- [http-nio-8080-exec-6] org.example.dao.UserMapper.findById      : ==>  Preparing: SELECT * FROM user WHERE id = ?
2026-02-14 23:12:04.267 DEBUG 28248 --- [http-nio-8080-exec-6] org.example.dao.UserMapper.findById      : ==> Parameters: 15(Integer)
2026-02-14 23:12:04.268 DEBUG 28248 --- [http-nio-8080-exec-6] org.example.dao.UserMapper.findById      : <==      Total: 1
2026-02-14 23:12:04.268 DEBUG 28248 --- [http-nio-8080-exec-6] org.example.dao.UserMapper.findById      : ==>  Preparing: SELECT * FROM user WHERE id = ?
2026-02-14 23:12:04.268 DEBUG 28248 --- [http-nio-8080-exec-6] org.example.dao.UserMapper.findById      : ==> Parameters: 15(Integer)
2026-02-14 23:12:04.268 DEBUG 28248 --- [http-nio-8080-exec-6] org.example.dao.UserMapper.findById      : <==      Total: 1
2026-02-14 23:12:04.269 DEBUG 28248 --- [http-nio-8080-exec-6] org.example.dao.UserMapper.findById      : ==>  Preparing: SELECT * FROM user WHERE id = ?
2026-02-14 23:12:04.269 DEBUG 28248 --- [http-nio-8080-exec-6] org.example.dao.UserMapper.findById      : ==> Parameters: 15(Integer)
2026-02-14 23:12:04.269 DEBUG 28248 --- [http-nio-8080-exec-6] org.example.dao.UserMapper.findById      : <==      Total: 1
2026-02-14 23:12:04.269 DEBUG 28248 --- [http-nio-8080-exec-6] org.example.dao.UserMapper.findById      : ==>  Preparing: SELECT * FROM user WHERE id = ?
2026-02-14 23:12:04.269 DEBUG 28248 --- [http-nio-8080-exec-6] org.example.dao.UserMapper.findById      : ==> Parameters: 15(Integer)
2026-02-14 23:12:04.269 DEBUG 28248 --- [http-nio-8080-exec-6] org.example.dao.UserMapper.findById      : <==      Total: 1
2026-02-14 23:12:04.269 DEBUG 28248 --- [http-nio-8080-exec-6] org.example.dao.UserMapper.findById      : ==>  Preparing: SELECT * FROM user WHERE id = ?
2026-02-14 23:12:04.269 DEBUG 28248 --- [http-nio-8080-exec-6] org.example.dao.UserMapper.findById      : ==> Parameters: 15(Integer)
2026-02-14 23:12:04.270 DEBUG 28248 --- [http-nio-8080-exec-6] org.example.dao.UserMapper.findById      : <==      Total: 1
2026-02-14 23:12:04.271 DEBUG 28248 --- [http-nio-8080-exec-6] org.example.dao.UserMapper.findById      : ==>  Preparing: SELECT * FROM user WHERE id = ?
2026-02-14 23:12:04.271 DEBUG 28248 --- [http-nio-8080-exec-6] org.example.dao.UserMapper.findById      : ==> Parameters: 15(Integer)
2026-02-14 23:12:04.271 DEBUG 28248 --- [http-nio-8080-exec-6] org.example.dao.UserMapper.findById      : <==      Total: 1
2026-02-14 23:12:04.271 DEBUG 28248 --- [http-nio-8080-exec-6] org.example.dao.UserMapper.findById      : ==>  Preparing: SELECT * FROM user WHERE id = ?
2026-02-14 23:12:04.271 DEBUG 28248 --- [http-nio-8080-exec-6] org.example.dao.UserMapper.findById      : ==> Parameters: 15(Integer)
2026-02-14 23:12:04.271 DEBUG 28248 --- [http-nio-8080-exec-6] org.example.dao.UserMapper.findById      : <==      Total: 1
2026-02-14 23:12:04.272 DEBUG 28248 --- [http-nio-8080-exec-6] org.example.dao.UserMapper.findById      : ==>  Preparing: SELECT * FROM user WHERE id = ?
2026-02-14 23:12:04.272 DEBUG 28248 --- [http-nio-8080-exec-6] org.example.dao.UserMapper.findById      : ==> Parameters: 15(Integer)
2026-02-14 23:12:04.272 DEBUG 28248 --- [http-nio-8080-exec-6] org.example.dao.UserMapper.findById      : <==      Total: 1
2026-02-14 23:12:04.272 DEBUG 28248 --- [http-nio-8080-exec-6] org.example.dao.UserMapper.findById      : ==>  Preparing: SELECT * FROM user WHERE id = ?
2026-02-14 23:12:04.272 DEBUG 28248 --- [http-nio-8080-exec-6] org.example.dao.UserMapper.findById      : ==> Parameters: 15(Integer)
2026-02-14 23:12:04.273 DEBUG 28248 --- [http-nio-8080-exec-6] org.example.dao.UserMapper.findById      : <==      Total: 1
2026-02-14 23:12:04.273 DEBUG 28248 --- [http-nio-8080-exec-6] org.example.dao.UserMapper.findById      : ==>  Preparing: SELECT * FROM user WHERE id = ?
2026-02-14 23:12:04.273 DEBUG 28248 --- [http-nio-8080-exec-6] org.example.dao.UserMapper.findById      : ==> Parameters: 15(Integer)
2026-02-14 23:12:04.273 DEBUG 28248 --- [http-nio-8080-exec-6] org.example.dao.UserMapper.findById      : <==      Total: 1
2026-02-14 23:12:04.274 DEBUG 28248 --- [http-nio-8080-exec-6] org.example.dao.UserMapper.findById      : ==>  Preparing: SELECT * FROM user WHERE id = ?
2026-02-14 23:12:04.274 DEBUG 28248 --- [http-nio-8080-exec-6] org.example.dao.UserMapper.findById      : ==> Parameters: 15(Integer)
2026-02-14 23:12:04.274 DEBUG 28248 --- [http-nio-8080-exec-6] org.example.dao.UserMapper.findById      : <==      Total: 1
2026-02-14 23:12:04.274 DEBUG 28248 --- [http-nio-8080-exec-6] org.example.dao.UserMapper.findById      : ==>  Preparing: SELECT * FROM user WHERE id = ?
2026-02-14 23:12:04.274 DEBUG 28248 --- [http-nio-8080-exec-6] org.example.dao.UserMapper.findById      : ==> Parameters: 15(Integer)
2026-02-14 23:12:04.274 DEBUG 28248 --- [http-nio-8080-exec-6] org.example.dao.UserMapper.findById      : <==      Total: 1
2026-02-14 23:12:04.275 DEBUG 28248 --- [http-nio-8080-exec-6] org.example.dao.UserMapper.findById      : ==>  Preparing: SELECT * FROM user WHERE id = ?
2026-02-14 23:12:04.275 DEBUG 28248 --- [http-nio-8080-exec-6] org.example.dao.UserMapper.findById      : ==> Parameters: 15(Integer)
2026-02-14 23:12:04.275 DEBUG 28248 --- [http-nio-8080-exec-6] org.example.dao.UserMapper.findById      : <==      Total: 1
2026-02-14 23:12:04.275 DEBUG 28248 --- [http-nio-8080-exec-6] org.example.dao.UserMapper.findById      : ==>  Preparing: SELECT * FROM user WHERE id = ?
2026-02-14 23:12:04.275 DEBUG 28248 --- [http-nio-8080-exec-6] org.example.dao.UserMapper.findById      : ==> Parameters: 15(Integer)
2026-02-14 23:12:04.275 DEBUG 28248 --- [http-nio-8080-exec-6] org.example.dao.UserMapper.findById      : <==      Total: 1
2026-02-14 23:12:04.276 DEBUG 28248 --- [http-nio-8080-exec-6] org.example.dao.UserMapper.findById      : ==>  Preparing: SELECT * FROM user WHERE id = ?
2026-02-14 23:12:04.276 DEBUG 28248 --- [http-nio-8080-exec-6] org.example.dao.UserMapper.findById      : ==> Parameters: 15(Integer)
2026-02-14 23:12:04.276 DEBUG 28248 --- [http-nio-8080-exec-6] org.example.dao.UserMapper.findById      : <==      Total: 1
2026-02-14 23:12:04.276 DEBUG 28248 --- [http-nio-8080-exec-6] org.example.dao.UserMapper.findById      : ==>  Preparing: SELECT * FROM user WHERE id = ?
2026-02-14 23:12:04.276 DEBUG 28248 --- [http-nio-8080-exec-6] org.example.dao.UserMapper.findById      : ==> Parameters: 15(Integer)
2026-02-14 23:12:04.277 DEBUG 28248 --- [http-nio-8080-exec-6] org.example.dao.UserMapper.findById      : <==      Total: 1
2026-02-14 23:12:04.277 DEBUG 28248 --- [http-nio-8080-exec-6] org.example.dao.UserMapper.findById      : ==>  Preparing: SELECT * FROM user WHERE id = ?
2026-02-14 23:12:04.277 DEBUG 28248 --- [http-nio-8080-exec-6] org.example.dao.UserMapper.findById      : ==> Parameters: 15(Integer)
2026-02-14 23:12:04.278 DEBUG 28248 --- [http-nio-8080-exec-6] org.example.dao.UserMapper.findById      : <==      Total: 1
2026-02-14 23:12:04.278 DEBUG 28248 --- [http-nio-8080-exec-6] org.example.dao.UserMapper.findById      : ==>  Preparing: SELECT * FROM user WHERE id = ?
2026-02-14 23:12:04.278 DEBUG 28248 --- [http-nio-8080-exec-6] org.example.dao.UserMapper.findById      : ==> Parameters: 15(Integer)
2026-02-14 23:12:04.278 DEBUG 28248 --- [http-nio-8080-exec-6] org.example.dao.UserMapper.findById      : <==      Total: 1
2026-02-14 23:12:04.278 DEBUG 28248 --- [http-nio-8080-exec-6] org.example.dao.UserMapper.findById      : ==>  Preparing: SELECT * FROM user WHERE id = ?
2026-02-14 23:12:04.279 DEBUG 28248 --- [http-nio-8080-exec-6] org.example.dao.UserMapper.findById      : ==> Parameters: 15(Integer)
2026-02-14 23:12:04.279 DEBUG 28248 --- [http-nio-8080-exec-6] org.example.dao.UserMapper.findById      : <==      Total: 1
2026-02-14 23:12:04.279 DEBUG 28248 --- [http-nio-8080-exec-6] org.example.dao.UserMapper.findById      : ==>  Preparing: SELECT * FROM user WHERE id = ?
2026-02-14 23:12:04.279 DEBUG 28248 --- [http-nio-8080-exec-6] org.example.dao.UserMapper.findById      : ==> Parameters: 15(Integer)
2026-02-14 23:12:04.280 DEBUG 28248 --- [http-nio-8080-exec-6] org.example.dao.UserMapper.findById      : <==      Total: 1
2026-02-14 23:12:04.280 DEBUG 28248 --- [http-nio-8080-exec-6] org.example.dao.UserMapper.findById      : ==>  Preparing: SELECT * FROM user WHERE id = ?
2026-02-14 23:12:04.280 DEBUG 28248 --- [http-nio-8080-exec-6] org.example.dao.UserMapper.findById      : ==> Parameters: 15(Integer)
2026-02-14 23:12:04.280 DEBUG 28248 --- [http-nio-8080-exec-6] org.example.dao.UserMapper.findById      : <==      Total: 1
2026-02-14 23:12:04.280 DEBUG 28248 --- [http-nio-8080-exec-6] org.example.dao.UserMapper.findById      : ==>  Preparing: SELECT * FROM user WHERE id = ?
2026-02-14 23:12:04.280 DEBUG 28248 --- [http-nio-8080-exec-6] org.example.dao.UserMapper.findById      : ==> Parameters: 15(Integer)
2026-02-14 23:12:04.281 DEBUG 28248 --- [http-nio-8080-exec-6] org.example.dao.UserMapper.findById      : <==      Total: 1
2026-02-14 23:12:04.281 DEBUG 28248 --- [http-nio-8080-exec-6] org.example.dao.UserMapper.findById      : ==>  Preparing: SELECT * FROM user WHERE id = ?
2026-02-14 23:12:04.281 DEBUG 28248 --- [http-nio-8080-exec-6] org.example.dao.UserMapper.findById      : ==> Parameters: 15(Integer)
2026-02-14 23:12:04.281 DEBUG 28248 --- [http-nio-8080-exec-6] org.example.dao.UserMapper.findById      : <==      Total: 1
2026-02-14 23:12:04.281 DEBUG 28248 --- [http-nio-8080-exec-6] org.example.dao.UserMapper.findById      : ==>  Preparing: SELECT * FROM user WHERE id = ?
2026-02-14 23:12:04.281 DEBUG 28248 --- [http-nio-8080-exec-6] org.example.dao.UserMapper.findById      : ==> Parameters: 15(Integer)
2026-02-14 23:12:04.282 DEBUG 28248 --- [http-nio-8080-exec-6] org.example.dao.UserMapper.findById      : <==      Total: 1
2026-02-14 23:12:04.283 DEBUG 28248 --- [http-nio-8080-exec-6] org.example.dao.UserMapper.findById      : ==>  Preparing: SELECT * FROM user WHERE id = ?
2026-02-14 23:12:04.283 DEBUG 28248 --- [http-nio-8080-exec-6] org.example.dao.UserMapper.findById      : ==> Parameters: 15(Integer)
2026-02-14 23:12:04.283 DEBUG 28248 --- [http-nio-8080-exec-6] org.example.dao.UserMapper.findById      : <==      Total: 1
2026-02-14 23:12:04.283 DEBUG 28248 --- [http-nio-8080-exec-6] org.example.dao.UserMapper.findById      : ==>  Preparing: SELECT * FROM user WHERE id = ?
2026-02-14 23:12:04.283 DEBUG 28248 --- [http-nio-8080-exec-6] org.example.dao.UserMapper.findById      : ==> Parameters: 15(Integer)
2026-02-14 23:12:04.284 DEBUG 28248 --- [http-nio-8080-exec-6] org.example.dao.UserMapper.findById      : <==      Total: 1
2026-02-14 23:12:04.284 DEBUG 28248 --- [http-nio-8080-exec-6] org.example.dao.UserMapper.findById      : ==>  Preparing: SELECT * FROM user WHERE id = ?
2026-02-14 23:12:04.284 DEBUG 28248 --- [http-nio-8080-exec-6] org.example.dao.UserMapper.findById      : ==> Parameters: 15(Integer)
2026-02-14 23:12:04.284 DEBUG 28248 --- [http-nio-8080-exec-6] org.example.dao.UserMapper.findById      : <==      Total: 1
2026-02-14 23:12:04.284 DEBUG 28248 --- [http-nio-8080-exec-6] org.example.dao.UserMapper.findById      : ==>  Preparing: SELECT * FROM user WHERE id = ?
2026-02-14 23:12:04.284 DEBUG 28248 --- [http-nio-8080-exec-6] org.example.dao.UserMapper.findById      : ==> Parameters: 15(Integer)
2026-02-14 23:12:04.285 DEBUG 28248 --- [http-nio-8080-exec-6] org.example.dao.UserMapper.findById      : <==      Total: 1
2026-02-14 23:12:04.285 DEBUG 28248 --- [http-nio-8080-exec-6] org.example.dao.UserMapper.findById      : ==>  Preparing: SELECT * FROM user WHERE id = ?
2026-02-14 23:12:04.285 DEBUG 28248 --- [http-nio-8080-exec-6] org.example.dao.UserMapper.findById      : ==> Parameters: 15(Integer)
2026-02-14 23:12:04.285 DEBUG 28248 --- [http-nio-8080-exec-6] org.example.dao.UserMapper.findById      : <==      Total: 1
2026-02-14 23:12:04.285 DEBUG 28248 --- [http-nio-8080-exec-6] org.example.dao.UserMapper.findById      : ==>  Preparing: SELECT * FROM user WHERE id = ?
2026-02-14 23:12:04.285 DEBUG 28248 --- [http-nio-8080-exec-6] org.example.dao.UserMapper.findById      : ==> Parameters: 15(Integer)
2026-02-14 23:12:04.286 DEBUG 28248 --- [http-nio-8080-exec-6] org.example.dao.UserMapper.findById      : <==      Total: 1
2026-02-14 23:12:04.286 DEBUG 28248 --- [http-nio-8080-exec-6] org.example.dao.UserMapper.findById      : ==>  Preparing: SELECT * FROM user WHERE id = ?
2026-02-14 23:12:04.286 DEBUG 28248 --- [http-nio-8080-exec-6] org.example.dao.UserMapper.findById      : ==> Parameters: 15(Integer)
2026-02-14 23:12:04.286 DEBUG 28248 --- [http-nio-8080-exec-6] org.example.dao.UserMapper.findById      : <==      Total: 1
2026-02-14 23:12:04.286 DEBUG 28248 --- [http-nio-8080-exec-6] org.example.dao.UserMapper.findById      : ==>  Preparing: SELECT * FROM user WHERE id = ?
2026-02-14 23:12:04.286 DEBUG 28248 --- [http-nio-8080-exec-6] org.example.dao.UserMapper.findById      : ==> Parameters: 15(Integer)
2026-02-14 23:12:04.287 DEBUG 28248 --- [http-nio-8080-exec-6] org.example.dao.UserMapper.findById      : <==      Total: 1
2026-02-14 23:12:04.287 DEBUG 28248 --- [http-nio-8080-exec-6] org.example.dao.UserMapper.findById      : ==>  Preparing: SELECT * FROM user WHERE id = ?
2026-02-14 23:12:04.287 DEBUG 28248 --- [http-nio-8080-exec-6] org.example.dao.UserMapper.findById      : ==> Parameters: 15(Integer)
2026-02-14 23:12:04.287 DEBUG 28248 --- [http-nio-8080-exec-6] org.example.dao.UserMapper.findById      : <==      Total: 1
2026-02-14 23:12:04.287 DEBUG 28248 --- [http-nio-8080-exec-6] org.example.dao.UserMapper.findById      : ==>  Preparing: SELECT * FROM user WHERE id = ?
2026-02-14 23:12:04.287 DEBUG 28248 --- [http-nio-8080-exec-6] org.example.dao.UserMapper.findById      : ==> Parameters: 15(Integer)
2026-02-14 23:12:04.288 DEBUG 28248 --- [http-nio-8080-exec-6] org.example.dao.UserMapper.findById      : <==      Total: 1
2026-02-14 23:12:04.288 DEBUG 28248 --- [http-nio-8080-exec-6] org.example.dao.UserMapper.findById      : ==>  Preparing: SELECT * FROM user WHERE id = ?
2026-02-14 23:12:04.288 DEBUG 28248 --- [http-nio-8080-exec-6] org.example.dao.UserMapper.findById      : ==> Parameters: 15(Integer)
2026-02-14 23:12:04.288 DEBUG 28248 --- [http-nio-8080-exec-6] org.example.dao.UserMapper.findById      : <==      Total: 1
2026-02-14 23:12:04.288 DEBUG 28248 --- [http-nio-8080-exec-6] org.example.dao.UserMapper.findById      : ==>  Preparing: SELECT * FROM user WHERE id = ?
2026-02-14 23:12:04.288 DEBUG 28248 --- [http-nio-8080-exec-6] org.example.dao.UserMapper.findById      : ==> Parameters: 15(Integer)
2026-02-14 23:12:04.289 DEBUG 28248 --- [http-nio-8080-exec-6] org.example.dao.UserMapper.findById      : <==      Total: 1
2026-02-14 23:12:04.289 DEBUG 28248 --- [http-nio-8080-exec-6] org.example.dao.UserMapper.findById      : ==>  Preparing: SELECT * FROM user WHERE id = ?
2026-02-14 23:12:04.289 DEBUG 28248 --- [http-nio-8080-exec-6] org.example.dao.UserMapper.findById      : ==> Parameters: 15(Integer)
2026-02-14 23:12:04.289 DEBUG 28248 --- [http-nio-8080-exec-6] org.example.dao.UserMapper.findById      : <==      Total: 1
2026-02-14 23:12:04.289 DEBUG 28248 --- [http-nio-8080-exec-6] org.example.dao.UserMapper.findById      : ==>  Preparing: SELECT * FROM user WHERE id = ?
2026-02-14 23:12:04.289 DEBUG 28248 --- [http-nio-8080-exec-6] org.example.dao.UserMapper.findById      : ==> Parameters: 15(Integer)
2026-02-14 23:12:04.290 DEBUG 28248 --- [http-nio-8080-exec-6] org.example.dao.UserMapper.findById      : <==      Total: 1
2026-02-14 23:12:04.290 DEBUG 28248 --- [http-nio-8080-exec-6] org.example.dao.UserMapper.findById      : ==>  Preparing: SELECT * FROM user WHERE id = ?
2026-02-14 23:12:04.290 DEBUG 28248 --- [http-nio-8080-exec-6] org.example.dao.UserMapper.findById      : ==> Parameters: 15(Integer)
2026-02-14 23:12:04.290 DEBUG 28248 --- [http-nio-8080-exec-6] org.example.dao.UserMapper.findById      : <==      Total: 1
2026-02-14 23:12:04.291 DEBUG 28248 --- [http-nio-8080-exec-6] m.m.a.RequestResponseBodyMethodProcessor : Using 'application/json', given [*/*] and supported [application/json, application/*+json, application/json, application/*+json]
2026-02-14 23:12:04.291 DEBUG 28248 --- [http-nio-8080-exec-6] m.m.a.RequestResponseBodyMethodProcessor : Writing [org.example.common.ResponseResult@7a209904]
2026-02-14 23:12:04.292 DEBUG 28248 --- [http-nio-8080-exec-6] o.s.web.servlet.DispatcherServlet        : Completed 200 OK
2026-02-14 23:12:04.418 DEBUG 28248 --- [http-nio-8080-exec-3] o.s.web.servlet.DispatcherServlet        : GET "/static/user-placeholder.png", parameters={}
2026-02-14 23:12:04.419 DEBUG 28248 --- [http-nio-8080-exec-3] o.s.w.s.handler.SimpleUrlHandlerMapping  : Mapped to ResourceHttpRequestHandler [classpath [META-INF/resources/], classpath [resources/], classpath [static/], classpath [public/], ServletContext [/]]
2026-02-14 23:12:04.420 DEBUG 28248 --- [http-nio-8080-exec-3] o.s.w.s.r.ResourceHttpRequestHandler     : Resource not found
2026-02-14 23:12:04.420 DEBUG 28248 --- [http-nio-8080-exec-3] o.s.web.servlet.DispatcherServlet        : Completed 404 NOT_FOUND
2026-02-14 23:12:04.420 DEBUG 28248 --- [http-nio-8080-exec-3] o.s.web.servlet.DispatcherServlet        : "ERROR" dispatch for GET "/error", parameters={}
2026-02-14 23:12:04.421 DEBUG 28248 --- [http-nio-8080-exec-3] s.w.s.m.m.a.RequestMappingHandlerMapping : Mapped to org.springframework.boot.autoconfigure.web.servlet.error.BasicErrorController#error(HttpServletRequest)
2026-02-14 23:12:04.421 DEBUG 28248 --- [http-nio-8080-exec-3] o.s.w.s.m.m.a.HttpEntityMethodProcessor  : Using 'application/json;q=0.8', given [image/avif, image/webp, image/apng, image/svg+xml, image/*, */*;q=0.8] and supported [application/json, application/*+json, application/json, application/*+json]
2026-02-14 23:12:04.421 DEBUG 28248 --- [http-nio-8080-exec-3] o.s.w.s.m.m.a.HttpEntityMethodProcessor  : Writing [{timestamp=Sat Feb 14 23:12:04 CST 2026, status=404, error=Not Found, path=/static/user-placeholder. (truncated)...]
2026-02-14 23:12:04.422 DEBUG 28248 --- [http-nio-8080-exec-3] o.s.web.servlet.DispatcherServlet        : Exiting from "ERROR" dispatch, status 404
2026-02-14 23:12:04.872 DEBUG 28248 --- [http-nio-8080-exec-2] o.s.web.servlet.DispatcherServlet        : POST "/api/chat/read?senderId=15", parameters={masked}
2026-02-14 23:12:04.873 DEBUG 28248 --- [http-nio-8080-exec-2] s.w.s.m.m.a.RequestMappingHandlerMapping : Mapped to org.example.controller.ChatController#markAsRead(Integer, HttpServletRequest)
2026-02-14 23:12:04.876 DEBUG 28248 --- [http-nio-8080-exec-2] o.e.dao.ChatMessageMapper.markAsRead     : ==>  Preparing: UPDATE chat_message SET is_read = 1 WHERE sender_id = ? AND receiver_id = ? AND is_read = 0
2026-02-14 23:12:04.876 DEBUG 28248 --- [http-nio-8080-exec-2] o.e.dao.ChatMessageMapper.markAsRead     : ==> Parameters: 15(Integer), 21(Integer)
2026-02-14 23:12:04.878 DEBUG 28248 --- [http-nio-8080-exec-2] o.e.dao.ChatMessageMapper.markAsRead     : <==    Updates: 0
2026-02-14 23:12:04.879  INFO 28248 --- [http-nio-8080-exec-2] o.example.service.impl.ChatServiceImpl   : 已发送已读回执: 接收者21 -> 发送者15
2026-02-14 23:12:04.880 DEBUG 28248 --- [http-nio-8080-exec-2] m.m.a.RequestResponseBodyMethodProcessor : Using 'application/json', given [*/*] and supported [application/json, application/*+json, application/json, application/*+json]
2026-02-14 23:12:04.880 DEBUG 28248 --- [http-nio-8080-exec-2] m.m.a.RequestResponseBodyMethodProcessor : Writing [org.example.common.ResponseResult@5e1c6ac4]
2026-02-14 23:12:04.881 DEBUG 28248 --- [http-nio-8080-exec-2] o.s.web.servlet.DispatcherServlet        : Completed 200 OK
2026-02-14 23:12:04.903 DEBUG 28248 --- [http-nio-8080-exec-9] o.s.web.servlet.DispatcherServlet        : GET "/api/chat/history?targetUserId=15&page=1&pageSize=20", parameters={masked}
2026-02-14 23:12:04.904 DEBUG 28248 --- [http-nio-8080-exec-9] s.w.s.m.m.a.RequestMappingHandlerMapping : Mapped to org.example.controller.ChatController#getHistory(Integer, HttpServletRequest)
2026-02-14 23:12:04.904 DEBUG 28248 --- [http-nio-8080-exec-10] o.s.web.servlet.DispatcherServlet        : GET "/ws/chat?userId=21", parameters={masked}
2026-02-14 23:12:04.905 DEBUG 28248 --- [http-nio-8080-exec-10] o.s.w.s.s.s.WebSocketHandlerMapping      : Mapped to org.springframework.web.socket.server.support.WebSocketHttpRequestHandler@7bc2ae16
2026-02-14 23:12:04.905 DEBUG 28248 --- [http-nio-8080-exec-10] o.s.w.s.s.s.WebSocketHttpRequestHandler  : GET /ws/chat
2026-02-14 23:12:04.906 DEBUG 28248 --- [http-nio-8080-exec-10] o.s.web.servlet.DispatcherServlet        : Completed 101 SWITCHING_PROTOCOLS
2026-02-14 23:12:04.907 DEBUG 28248 --- [http-nio-8080-exec-10] s.w.s.h.LoggingWebSocketHandlerDecorator : New StandardWebSocketSession[id=216e8db4-868e-cdc3-977f-abd451f75a5e, uri=ws://localhost:8080/ws/chat?userId=21]
2026-02-14 23:12:04.907 DEBUG 28248 --- [http-nio-8080-exec-9] o.e.dao.ChatMessageMapper.findHistory    : ==>  Preparing: SELECT m.*, u.name as sender_name, u.avatar as sender_avatar FROM chat_message m LEFT JOIN user u ON m.sender_id = u.id WHERE (m.sender_id = ? AND m.receiver_id = ?) OR (m.sender_id = ? AND m.receiver_id = ?) ORDER BY m.create_time ASC
2026-02-14 23:12:04.907  INFO 28248 --- [http-nio-8080-exec-10] o.example.handler.ChatWebSocketHandler   : 聊天 WebSocket 连接建立: 用户 21
2026-02-14 23:12:04.907 DEBUG 28248 --- [http-nio-8080-exec-9] o.e.dao.ChatMessageMapper.findHistory    : ==> Parameters: 21(Integer), 15(Integer), 15(Integer), 21(Integer)
2026-02-14 23:12:04.915 DEBUG 28248 --- [http-nio-8080-exec-9] o.e.dao.ChatMessageMapper.findHistory    : <==      Total: 152
2026-02-14 23:12:04.915 DEBUG 28248 --- [http-nio-8080-exec-9] org.example.dao.UserMapper.findById      : ==>  Preparing: SELECT * FROM user WHERE id = ?
2026-02-14 23:12:04.916 DEBUG 28248 --- [http-nio-8080-exec-9] org.example.dao.UserMapper.findById      : ==> Parameters: 15(Integer)
2026-02-14 23:12:04.917 DEBUG 28248 --- [http-nio-8080-exec-9] org.example.dao.UserMapper.findById      : <==      Total: 1
2026-02-14 23:12:04.917 DEBUG 28248 --- [http-nio-8080-exec-9] org.example.dao.UserMapper.findById      : ==>  Preparing: SELECT * FROM user WHERE id = ?
2026-02-14 23:12:04.918 DEBUG 28248 --- [http-nio-8080-exec-9] org.example.dao.UserMapper.findById      : ==> Parameters: 15(Integer)
2026-02-14 23:12:04.918 DEBUG 28248 --- [http-nio-8080-exec-9] org.example.dao.UserMapper.findById      : <==      Total: 1
2026-02-14 23:12:04.919 DEBUG 28248 --- [http-nio-8080-exec-9] org.example.dao.UserMapper.findById      : ==>  Preparing: SELECT * FROM user WHERE id = ?
2026-02-14 23:12:04.919 DEBUG 28248 --- [http-nio-8080-exec-9] org.example.dao.UserMapper.findById      : ==> Parameters: 15(Integer)
2026-02-14 23:12:04.919 DEBUG 28248 --- [http-nio-8080-exec-9] org.example.dao.UserMapper.findById      : <==      Total: 1
2026-02-14 23:12:04.920 DEBUG 28248 --- [http-nio-8080-exec-9] org.example.dao.UserMapper.findById      : ==>  Preparing: SELECT * FROM user WHERE id = ?
2026-02-14 23:12:04.920 DEBUG 28248 --- [http-nio-8080-exec-9] org.example.dao.UserMapper.findById      : ==> Parameters: 15(Integer)
2026-02-14 23:12:04.921 DEBUG 28248 --- [http-nio-8080-exec-9] org.example.dao.UserMapper.findById      : <==      Total: 1
2026-02-14 23:12:04.921 DEBUG 28248 --- [http-nio-8080-exec-9] org.example.dao.UserMapper.findById      : ==>  Preparing: SELECT * FROM user WHERE id = ?
2026-02-14 23:12:04.921 DEBUG 28248 --- [http-nio-8080-exec-9] org.example.dao.UserMapper.findById      : ==> Parameters: 15(Integer)
2026-02-14 23:12:04.922 DEBUG 28248 --- [http-nio-8080-exec-9] org.example.dao.UserMapper.findById      : <==      Total: 1
2026-02-14 23:12:04.922 DEBUG 28248 --- [http-nio-8080-exec-9] org.example.dao.UserMapper.findById      : ==>  Preparing: SELECT * FROM user WHERE id = ?
2026-02-14 23:12:04.922 DEBUG 28248 --- [http-nio-8080-exec-9] org.example.dao.UserMapper.findById      : ==> Parameters: 15(Integer)
2026-02-14 23:12:04.923 DEBUG 28248 --- [http-nio-8080-exec-9] org.example.dao.UserMapper.findById      : <==      Total: 1
2026-02-14 23:12:04.924 DEBUG 28248 --- [http-nio-8080-exec-9] org.example.dao.UserMapper.findById      : ==>  Preparing: SELECT * FROM user WHERE id = ?
2026-02-14 23:12:04.924 DEBUG 28248 --- [http-nio-8080-exec-9] org.example.dao.UserMapper.findById      : ==> Parameters: 15(Integer)
2026-02-14 23:12:04.925 DEBUG 28248 --- [http-nio-8080-exec-9] org.example.dao.UserMapper.findById      : <==      Total: 1
2026-02-14 23:12:04.925 DEBUG 28248 --- [http-nio-8080-exec-9] org.example.dao.UserMapper.findById      : ==>  Preparing: SELECT * FROM user WHERE id = ?
2026-02-14 23:12:04.926 DEBUG 28248 --- [http-nio-8080-exec-9] org.example.dao.UserMapper.findById      : ==> Parameters: 15(Integer)
2026-02-14 23:12:04.926 DEBUG 28248 --- [http-nio-8080-exec-9] org.example.dao.UserMapper.findById      : <==      Total: 1
2026-02-14 23:12:04.927 DEBUG 28248 --- [http-nio-8080-exec-9] org.example.dao.UserMapper.findById      : ==>  Preparing: SELECT * FROM user WHERE id = ?
2026-02-14 23:12:04.927 DEBUG 28248 --- [http-nio-8080-exec-9] org.example.dao.UserMapper.findById      : ==> Parameters: 15(Integer)
2026-02-14 23:12:04.928 DEBUG 28248 --- [http-nio-8080-exec-9] org.example.dao.UserMapper.findById      : <==      Total: 1
2026-02-14 23:12:04.928 DEBUG 28248 --- [http-nio-8080-exec-9] org.example.dao.UserMapper.findById      : ==>  Preparing: SELECT * FROM user WHERE id = ?
2026-02-14 23:12:04.928 DEBUG 28248 --- [http-nio-8080-exec-9] org.example.dao.UserMapper.findById      : ==> Parameters: 15(Integer)
2026-02-14 23:12:04.929 DEBUG 28248 --- [http-nio-8080-exec-9] org.example.dao.UserMapper.findById      : <==      Total: 1
2026-02-14 23:12:04.929 DEBUG 28248 --- [http-nio-8080-exec-9] org.example.dao.UserMapper.findById      : ==>  Preparing: SELECT * FROM user WHERE id = ?
2026-02-14 23:12:04.929 DEBUG 28248 --- [http-nio-8080-exec-9] org.example.dao.UserMapper.findById      : ==> Parameters: 15(Integer)
2026-02-14 23:12:04.930 DEBUG 28248 --- [http-nio-8080-exec-9] org.example.dao.UserMapper.findById      : <==      Total: 1
2026-02-14 23:12:04.931 DEBUG 28248 --- [http-nio-8080-exec-9] org.example.dao.UserMapper.findById      : ==>  Preparing: SELECT * FROM user WHERE id = ?
2026-02-14 23:12:04.931 DEBUG 28248 --- [http-nio-8080-exec-9] org.example.dao.UserMapper.findById      : ==> Parameters: 15(Integer)
2026-02-14 23:12:04.932 DEBUG 28248 --- [http-nio-8080-exec-9] org.example.dao.UserMapper.findById      : <==      Total: 1
2026-02-14 23:12:04.932 DEBUG 28248 --- [http-nio-8080-exec-9] org.example.dao.UserMapper.findById      : ==>  Preparing: SELECT * FROM user WHERE id = ?
2026-02-14 23:12:04.932 DEBUG 28248 --- [http-nio-8080-exec-9] org.example.dao.UserMapper.findById      : ==> Parameters: 15(Integer)
2026-02-14 23:12:04.933 DEBUG 28248 --- [http-nio-8080-exec-9] org.example.dao.UserMapper.findById      : <==      Total: 1
2026-02-14 23:12:04.933 DEBUG 28248 --- [http-nio-8080-exec-9] org.example.dao.UserMapper.findById      : ==>  Preparing: SELECT * FROM user WHERE id = ?
2026-02-14 23:12:04.933 DEBUG 28248 --- [http-nio-8080-exec-9] org.example.dao.UserMapper.findById      : ==> Parameters: 15(Integer)
2026-02-14 23:12:04.934 DEBUG 28248 --- [http-nio-8080-exec-9] org.example.dao.UserMapper.findById      : <==      Total: 1
2026-02-14 23:12:04.936 DEBUG 28248 --- [http-nio-8080-exec-9] org.example.dao.UserMapper.findById      : ==>  Preparing: SELECT * FROM user WHERE id = ?
2026-02-14 23:12:04.936 DEBUG 28248 --- [http-nio-8080-exec-9] org.example.dao.UserMapper.findById      : ==> Parameters: 15(Integer)
2026-02-14 23:12:04.937 DEBUG 28248 --- [http-nio-8080-exec-9] org.example.dao.UserMapper.findById      : <==      Total: 1
2026-02-14 23:12:04.938 DEBUG 28248 --- [http-nio-8080-exec-9] org.example.dao.UserMapper.findById      : ==>  Preparing: SELECT * FROM user WHERE id = ?
2026-02-14 23:12:04.938 DEBUG 28248 --- [http-nio-8080-exec-9] org.example.dao.UserMapper.findById      : ==> Parameters: 15(Integer)
2026-02-14 23:12:04.939 DEBUG 28248 --- [http-nio-8080-exec-9] org.example.dao.UserMapper.findById      : <==      Total: 1
2026-02-14 23:12:04.939 DEBUG 28248 --- [http-nio-8080-exec-9] org.example.dao.UserMapper.findById      : ==>  Preparing: SELECT * FROM user WHERE id = ?
2026-02-14 23:12:04.939 DEBUG 28248 --- [http-nio-8080-exec-9] org.example.dao.UserMapper.findById      : ==> Parameters: 15(Integer)
2026-02-14 23:12:04.950 DEBUG 28248 --- [http-nio-8080-exec-9] org.example.dao.UserMapper.findById      : <==      Total: 1
2026-02-14 23:12:04.950 DEBUG 28248 --- [http-nio-8080-exec-9] org.example.dao.UserMapper.findById      : ==>  Preparing: SELECT * FROM user WHERE id = ?
2026-02-14 23:12:04.950 DEBUG 28248 --- [http-nio-8080-exec-9] org.example.dao.UserMapper.findById      : ==> Parameters: 15(Integer)
2026-02-14 23:12:04.951 DEBUG 28248 --- [http-nio-8080-exec-9] org.example.dao.UserMapper.findById      : <==      Total: 1
2026-02-14 23:12:04.951 DEBUG 28248 --- [http-nio-8080-exec-9] org.example.dao.UserMapper.findById      : ==>  Preparing: SELECT * FROM user WHERE id = ?
2026-02-14 23:12:04.952 DEBUG 28248 --- [http-nio-8080-exec-9] org.example.dao.UserMapper.findById      : ==> Parameters: 15(Integer)
2026-02-14 23:12:04.952 DEBUG 28248 --- [http-nio-8080-exec-9] org.example.dao.UserMapper.findById      : <==      Total: 1
2026-02-14 23:12:04.953 DEBUG 28248 --- [http-nio-8080-exec-9] org.example.dao.UserMapper.findById      : ==>  Preparing: SELECT * FROM user WHERE id = ?
2026-02-14 23:12:04.953 DEBUG 28248 --- [http-nio-8080-exec-9] org.example.dao.UserMapper.findById      : ==> Parameters: 15(Integer)
2026-02-14 23:12:04.954 DEBUG 28248 --- [http-nio-8080-exec-9] org.example.dao.UserMapper.findById      : <==      Total: 1
2026-02-14 23:12:04.954 DEBUG 28248 --- [http-nio-8080-exec-9] org.example.dao.UserMapper.findById      : ==>  Preparing: SELECT * FROM user WHERE id = ?
2026-02-14 23:12:04.954 DEBUG 28248 --- [http-nio-8080-exec-9] org.example.dao.UserMapper.findById      : ==> Parameters: 15(Integer)
2026-02-14 23:12:04.955 DEBUG 28248 --- [http-nio-8080-exec-9] org.example.dao.UserMapper.findById      : <==      Total: 1
2026-02-14 23:12:04.955 DEBUG 28248 --- [http-nio-8080-exec-9] org.example.dao.UserMapper.findById      : ==>  Preparing: SELECT * FROM user WHERE id = ?
2026-02-14 23:12:04.956 DEBUG 28248 --- [http-nio-8080-exec-9] org.example.dao.UserMapper.findById      : ==> Parameters: 15(Integer)
2026-02-14 23:12:04.956 DEBUG 28248 --- [http-nio-8080-exec-9] org.example.dao.UserMapper.findById      : <==      Total: 1
2026-02-14 23:12:04.957 DEBUG 28248 --- [http-nio-8080-exec-9] org.example.dao.UserMapper.findById      : ==>  Preparing: SELECT * FROM user WHERE id = ?
2026-02-14 23:12:04.957 DEBUG 28248 --- [http-nio-8080-exec-9] org.example.dao.UserMapper.findById      : ==> Parameters: 15(Integer)
2026-02-14 23:12:04.958 DEBUG 28248 --- [http-nio-8080-exec-9] org.example.dao.UserMapper.findById      : <==      Total: 1
2026-02-14 23:12:04.958 DEBUG 28248 --- [http-nio-8080-exec-9] org.example.dao.UserMapper.findById      : ==>  Preparing: SELECT * FROM user WHERE id = ?
2026-02-14 23:12:04.959 DEBUG 28248 --- [http-nio-8080-exec-9] org.example.dao.UserMapper.findById      : ==> Parameters: 15(Integer)
2026-02-14 23:12:04.960 DEBUG 28248 --- [http-nio-8080-exec-9] org.example.dao.UserMapper.findById      : <==      Total: 1
2026-02-14 23:12:04.960 DEBUG 28248 --- [http-nio-8080-exec-9] org.example.dao.UserMapper.findById      : ==>  Preparing: SELECT * FROM user WHERE id = ?
2026-02-14 23:12:04.960 DEBUG 28248 --- [http-nio-8080-exec-9] org.example.dao.UserMapper.findById      : ==> Parameters: 15(Integer)
2026-02-14 23:12:04.961 DEBUG 28248 --- [http-nio-8080-exec-9] org.example.dao.UserMapper.findById      : <==      Total: 1
2026-02-14 23:12:04.961 DEBUG 28248 --- [http-nio-8080-exec-9] org.example.dao.UserMapper.findById      : ==>  Preparing: SELECT * FROM user WHERE id = ?
2026-02-14 23:12:04.961 DEBUG 28248 --- [http-nio-8080-exec-9] org.example.dao.UserMapper.findById      : ==> Parameters: 15(Integer)
2026-02-14 23:12:04.962 DEBUG 28248 --- [http-nio-8080-exec-9] org.example.dao.UserMapper.findById      : <==      Total: 1
2026-02-14 23:12:04.962 DEBUG 28248 --- [http-nio-8080-exec-9] org.example.dao.UserMapper.findById      : ==>  Preparing: SELECT * FROM user WHERE id = ?
2026-02-14 23:12:04.962 DEBUG 28248 --- [http-nio-8080-exec-9] org.example.dao.UserMapper.findById      : ==> Parameters: 15(Integer)
2026-02-14 23:12:04.963 DEBUG 28248 --- [http-nio-8080-exec-9] org.example.dao.UserMapper.findById      : <==      Total: 1
2026-02-14 23:12:04.963 DEBUG 28248 --- [http-nio-8080-exec-9] org.example.dao.UserMapper.findById      : ==>  Preparing: SELECT * FROM user WHERE id = ?
2026-02-14 23:12:04.963 DEBUG 28248 --- [http-nio-8080-exec-9] org.example.dao.UserMapper.findById      : ==> Parameters: 15(Integer)
2026-02-14 23:12:04.964 DEBUG 28248 --- [http-nio-8080-exec-9] org.example.dao.UserMapper.findById      : <==      Total: 1
2026-02-14 23:12:04.964 DEBUG 28248 --- [http-nio-8080-exec-9] org.example.dao.UserMapper.findById      : ==>  Preparing: SELECT * FROM user WHERE id = ?
2026-02-14 23:12:04.964 DEBUG 28248 --- [http-nio-8080-exec-9] org.example.dao.UserMapper.findById      : ==> Parameters: 15(Integer)
2026-02-14 23:12:04.965 DEBUG 28248 --- [http-nio-8080-exec-9] org.example.dao.UserMapper.findById      : <==      Total: 1
2026-02-14 23:12:04.965 DEBUG 28248 --- [http-nio-8080-exec-9] org.example.dao.UserMapper.findById      : ==>  Preparing: SELECT * FROM user WHERE id = ?
2026-02-14 23:12:04.965 DEBUG 28248 --- [http-nio-8080-exec-9] org.example.dao.UserMapper.findById      : ==> Parameters: 15(Integer)
2026-02-14 23:12:04.966 DEBUG 28248 --- [http-nio-8080-exec-9] org.example.dao.UserMapper.findById      : <==      Total: 1
2026-02-14 23:12:04.966 DEBUG 28248 --- [http-nio-8080-exec-9] org.example.dao.UserMapper.findById      : ==>  Preparing: SELECT * FROM user WHERE id = ?
2026-02-14 23:12:04.966 DEBUG 28248 --- [http-nio-8080-exec-9] org.example.dao.UserMapper.findById      : ==> Parameters: 15(Integer)
2026-02-14 23:12:04.967 DEBUG 28248 --- [http-nio-8080-exec-9] org.example.dao.UserMapper.findById      : <==      Total: 1
2026-02-14 23:12:04.967 DEBUG 28248 --- [http-nio-8080-exec-9] org.example.dao.UserMapper.findById      : ==>  Preparing: SELECT * FROM user WHERE id = ?
2026-02-14 23:12:04.967 DEBUG 28248 --- [http-nio-8080-exec-9] org.example.dao.UserMapper.findById      : ==> Parameters: 15(Integer)
2026-02-14 23:12:04.967 DEBUG 28248 --- [http-nio-8080-exec-9] org.example.dao.UserMapper.findById      : <==      Total: 1
2026-02-14 23:12:04.968 DEBUG 28248 --- [http-nio-8080-exec-9] org.example.dao.UserMapper.findById      : ==>  Preparing: SELECT * FROM user WHERE id = ?
2026-02-14 23:12:04.968 DEBUG 28248 --- [http-nio-8080-exec-9] org.example.dao.UserMapper.findById      : ==> Parameters: 15(Integer)
2026-02-14 23:12:04.969 DEBUG 28248 --- [http-nio-8080-exec-9] org.example.dao.UserMapper.findById      : <==      Total: 1
2026-02-14 23:12:04.969 DEBUG 28248 --- [http-nio-8080-exec-9] org.example.dao.UserMapper.findById      : ==>  Preparing: SELECT * FROM user WHERE id = ?
2026-02-14 23:12:04.969 DEBUG 28248 --- [http-nio-8080-exec-9] org.example.dao.UserMapper.findById      : ==> Parameters: 15(Integer)
2026-02-14 23:12:04.970 DEBUG 28248 --- [http-nio-8080-exec-9] org.example.dao.UserMapper.findById      : <==      Total: 1
2026-02-14 23:12:04.970 DEBUG 28248 --- [http-nio-8080-exec-9] org.example.dao.UserMapper.findById      : ==>  Preparing: SELECT * FROM user WHERE id = ?
2026-02-14 23:12:04.970 DEBUG 28248 --- [http-nio-8080-exec-9] org.example.dao.UserMapper.findById      : ==> Parameters: 15(Integer)
2026-02-14 23:12:04.971 DEBUG 28248 --- [http-nio-8080-exec-9] org.example.dao.UserMapper.findById      : <==      Total: 1
2026-02-14 23:12:04.971 DEBUG 28248 --- [http-nio-8080-exec-9] org.example.dao.UserMapper.findById      : ==>  Preparing: SELECT * FROM user WHERE id = ?
2026-02-14 23:12:04.971 DEBUG 28248 --- [http-nio-8080-exec-9] org.example.dao.UserMapper.findById      : ==> Parameters: 15(Integer)
2026-02-14 23:12:04.972 DEBUG 28248 --- [http-nio-8080-exec-9] org.example.dao.UserMapper.findById      : <==      Total: 1
2026-02-14 23:12:04.972 DEBUG 28248 --- [http-nio-8080-exec-9] org.example.dao.UserMapper.findById      : ==>  Preparing: SELECT * FROM user WHERE id = ?
2026-02-14 23:12:04.972 DEBUG 28248 --- [http-nio-8080-exec-9] org.example.dao.UserMapper.findById      : ==> Parameters: 15(Integer)
2026-02-14 23:12:04.973 DEBUG 28248 --- [http-nio-8080-exec-9] org.example.dao.UserMapper.findById      : <==      Total: 1
2026-02-14 23:12:04.973 DEBUG 28248 --- [http-nio-8080-exec-9] org.example.dao.UserMapper.findById      : ==>  Preparing: SELECT * FROM user WHERE id = ?
2026-02-14 23:12:04.973 DEBUG 28248 --- [http-nio-8080-exec-9] org.example.dao.UserMapper.findById      : ==> Parameters: 15(Integer)
2026-02-14 23:12:04.974 DEBUG 28248 --- [http-nio-8080-exec-9] org.example.dao.UserMapper.findById      : <==      Total: 1
2026-02-14 23:12:04.974 DEBUG 28248 --- [http-nio-8080-exec-9] org.example.dao.UserMapper.findById      : ==>  Preparing: SELECT * FROM user WHERE id = ?
2026-02-14 23:12:04.974 DEBUG 28248 --- [http-nio-8080-exec-9] org.example.dao.UserMapper.findById      : ==> Parameters: 15(Integer)
2026-02-14 23:12:04.975 DEBUG 28248 --- [http-nio-8080-exec-9] org.example.dao.UserMapper.findById      : <==      Total: 1
2026-02-14 23:12:04.975 DEBUG 28248 --- [http-nio-8080-exec-9] org.example.dao.UserMapper.findById      : ==>  Preparing: SELECT * FROM user WHERE id = ?
2026-02-14 23:12:04.975 DEBUG 28248 --- [http-nio-8080-exec-9] org.example.dao.UserMapper.findById      : ==> Parameters: 15(Integer)
2026-02-14 23:12:04.976 DEBUG 28248 --- [http-nio-8080-exec-9] org.example.dao.UserMapper.findById      : <==      Total: 1
2026-02-14 23:12:04.976 DEBUG 28248 --- [http-nio-8080-exec-9] org.example.dao.UserMapper.findById      : ==>  Preparing: SELECT * FROM user WHERE id = ?
2026-02-14 23:12:04.976 DEBUG 28248 --- [http-nio-8080-exec-9] org.example.dao.UserMapper.findById      : ==> Parameters: 15(Integer)
2026-02-14 23:12:04.976 DEBUG 28248 --- [http-nio-8080-exec-9] org.example.dao.UserMapper.findById      : <==      Total: 1
2026-02-14 23:12:04.976 DEBUG 28248 --- [http-nio-8080-exec-9] org.example.dao.UserMapper.findById      : ==>  Preparing: SELECT * FROM user WHERE id = ?
2026-02-14 23:12:04.976 DEBUG 28248 --- [http-nio-8080-exec-9] org.example.dao.UserMapper.findById      : ==> Parameters: 15(Integer)
2026-02-14 23:12:04.977 DEBUG 28248 --- [http-nio-8080-exec-9] org.example.dao.UserMapper.findById      : <==      Total: 1
2026-02-14 23:12:04.977 DEBUG 28248 --- [http-nio-8080-exec-9] org.example.dao.UserMapper.findById      : ==>  Preparing: SELECT * FROM user WHERE id = ?
2026-02-14 23:12:04.977 DEBUG 28248 --- [http-nio-8080-exec-9] org.example.dao.UserMapper.findById      : ==> Parameters: 15(Integer)
2026-02-14 23:12:04.977 DEBUG 28248 --- [http-nio-8080-exec-9] org.example.dao.UserMapper.findById      : <==      Total: 1
2026-02-14 23:12:04.977 DEBUG 28248 --- [http-nio-8080-exec-9] org.example.dao.UserMapper.findById      : ==>  Preparing: SELECT * FROM user WHERE id = ?
2026-02-14 23:12:04.978 DEBUG 28248 --- [http-nio-8080-exec-9] org.example.dao.UserMapper.findById      : ==> Parameters: 15(Integer)
2026-02-14 23:12:04.978 DEBUG 28248 --- [http-nio-8080-exec-9] org.example.dao.UserMapper.findById      : <==      Total: 1
2026-02-14 23:12:04.978 DEBUG 28248 --- [http-nio-8080-exec-9] org.example.dao.UserMapper.findById      : ==>  Preparing: SELECT * FROM user WHERE id = ?
2026-02-14 23:12:04.978 DEBUG 28248 --- [http-nio-8080-exec-9] org.example.dao.UserMapper.findById      : ==> Parameters: 15(Integer)
2026-02-14 23:12:04.979 DEBUG 28248 --- [http-nio-8080-exec-9] org.example.dao.UserMapper.findById      : <==      Total: 1
2026-02-14 23:12:04.979 DEBUG 28248 --- [http-nio-8080-exec-9] org.example.dao.UserMapper.findById      : ==>  Preparing: SELECT * FROM user WHERE id = ?
2026-02-14 23:12:04.979 DEBUG 28248 --- [http-nio-8080-exec-9] org.example.dao.UserMapper.findById      : ==> Parameters: 15(Integer)
2026-02-14 23:12:04.979 DEBUG 28248 --- [http-nio-8080-exec-9] org.example.dao.UserMapper.findById      : <==      Total: 1
2026-02-14 23:12:04.979 DEBUG 28248 --- [http-nio-8080-exec-9] org.example.dao.UserMapper.findById      : ==>  Preparing: SELECT * FROM user WHERE id = ?
2026-02-14 23:12:04.980 DEBUG 28248 --- [http-nio-8080-exec-9] org.example.dao.UserMapper.findById      : ==> Parameters: 15(Integer)
2026-02-14 23:12:04.980 DEBUG 28248 --- [http-nio-8080-exec-9] org.example.dao.UserMapper.findById      : <==      Total: 1
2026-02-14 23:12:04.981 DEBUG 28248 --- [http-nio-8080-exec-9] org.example.dao.UserMapper.findById      : ==>  Preparing: SELECT * FROM user WHERE id = ?
2026-02-14 23:12:04.981 DEBUG 28248 --- [http-nio-8080-exec-9] org.example.dao.UserMapper.findById      : ==> Parameters: 15(Integer)
2026-02-14 23:12:04.981 DEBUG 28248 --- [http-nio-8080-exec-9] org.example.dao.UserMapper.findById      : <==      Total: 1
2026-02-14 23:12:04.981 DEBUG 28248 --- [http-nio-8080-exec-9] org.example.dao.UserMapper.findById      : ==>  Preparing: SELECT * FROM user WHERE id = ?
2026-02-14 23:12:04.982 DEBUG 28248 --- [http-nio-8080-exec-9] org.example.dao.UserMapper.findById      : ==> Parameters: 15(Integer)
2026-02-14 23:12:04.982 DEBUG 28248 --- [http-nio-8080-exec-9] org.example.dao.UserMapper.findById      : <==      Total: 1
2026-02-14 23:12:04.982 DEBUG 28248 --- [http-nio-8080-exec-9] org.example.dao.UserMapper.findById      : ==>  Preparing: SELECT * FROM user WHERE id = ?
2026-02-14 23:12:04.982 DEBUG 28248 --- [http-nio-8080-exec-9] org.example.dao.UserMapper.findById      : ==> Parameters: 15(Integer)
2026-02-14 23:12:04.983 DEBUG 28248 --- [http-nio-8080-exec-9] org.example.dao.UserMapper.findById      : <==      Total: 1
2026-02-14 23:12:04.983 DEBUG 28248 --- [http-nio-8080-exec-9] org.example.dao.UserMapper.findById      : ==>  Preparing: SELECT * FROM user WHERE id = ?
2026-02-14 23:12:04.983 DEBUG 28248 --- [http-nio-8080-exec-9] org.example.dao.UserMapper.findById      : ==> Parameters: 15(Integer)
2026-02-14 23:12:04.983 DEBUG 28248 --- [http-nio-8080-exec-9] org.example.dao.UserMapper.findById      : <==      Total: 1
2026-02-14 23:12:04.984 DEBUG 28248 --- [http-nio-8080-exec-9] org.example.dao.UserMapper.findById      : ==>  Preparing: SELECT * FROM user WHERE id = ?
2026-02-14 23:12:04.984 DEBUG 28248 --- [http-nio-8080-exec-9] org.example.dao.UserMapper.findById      : ==> Parameters: 15(Integer)
2026-02-14 23:12:04.984 DEBUG 28248 --- [http-nio-8080-exec-9] org.example.dao.UserMapper.findById      : <==      Total: 1
2026-02-14 23:12:04.984 DEBUG 28248 --- [http-nio-8080-exec-9] org.example.dao.UserMapper.findById      : ==>  Preparing: SELECT * FROM user WHERE id = ?
2026-02-14 23:12:04.984 DEBUG 28248 --- [http-nio-8080-exec-9] org.example.dao.UserMapper.findById      : ==> Parameters: 15(Integer)
2026-02-14 23:12:04.985 DEBUG 28248 --- [http-nio-8080-exec-9] org.example.dao.UserMapper.findById      : <==      Total: 1
2026-02-14 23:12:04.985 DEBUG 28248 --- [http-nio-8080-exec-9] org.example.dao.UserMapper.findById      : ==>  Preparing: SELECT * FROM user WHERE id = ?
2026-02-14 23:12:04.985 DEBUG 28248 --- [http-nio-8080-exec-9] org.example.dao.UserMapper.findById      : ==> Parameters: 15(Integer)
2026-02-14 23:12:04.986 DEBUG 28248 --- [http-nio-8080-exec-9] org.example.dao.UserMapper.findById      : <==      Total: 1
2026-02-14 23:12:04.986 DEBUG 28248 --- [http-nio-8080-exec-9] org.example.dao.UserMapper.findById      : ==>  Preparing: SELECT * FROM user WHERE id = ?
2026-02-14 23:12:04.986 DEBUG 28248 --- [http-nio-8080-exec-9] org.example.dao.UserMapper.findById      : ==> Parameters: 15(Integer)
2026-02-14 23:12:04.986 DEBUG 28248 --- [http-nio-8080-exec-9] org.example.dao.UserMapper.findById      : <==      Total: 1
2026-02-14 23:12:04.986 DEBUG 28248 --- [http-nio-8080-exec-9] org.example.dao.UserMapper.findById      : ==>  Preparing: SELECT * FROM user WHERE id = ?
2026-02-14 23:12:04.986 DEBUG 28248 --- [http-nio-8080-exec-9] org.example.dao.UserMapper.findById      : ==> Parameters: 15(Integer)
2026-02-14 23:12:04.987 DEBUG 28248 --- [http-nio-8080-exec-9] org.example.dao.UserMapper.findById      : <==      Total: 1
2026-02-14 23:12:04.987 DEBUG 28248 --- [http-nio-8080-exec-9] org.example.dao.UserMapper.findById      : ==>  Preparing: SELECT * FROM user WHERE id = ?
2026-02-14 23:12:04.987 DEBUG 28248 --- [http-nio-8080-exec-9] org.example.dao.UserMapper.findById      : ==> Parameters: 15(Integer)
2026-02-14 23:12:04.987 DEBUG 28248 --- [http-nio-8080-exec-9] org.example.dao.UserMapper.findById      : <==      Total: 1
2026-02-14 23:12:04.988 DEBUG 28248 --- [http-nio-8080-exec-9] org.example.dao.UserMapper.findById      : ==>  Preparing: SELECT * FROM user WHERE id = ?
2026-02-14 23:12:04.988 DEBUG 28248 --- [http-nio-8080-exec-9] org.example.dao.UserMapper.findById      : ==> Parameters: 15(Integer)
2026-02-14 23:12:04.988 DEBUG 28248 --- [http-nio-8080-exec-9] org.example.dao.UserMapper.findById      : <==      Total: 1
2026-02-14 23:12:04.988 DEBUG 28248 --- [http-nio-8080-exec-9] org.example.dao.UserMapper.findById      : ==>  Preparing: SELECT * FROM user WHERE id = ?
2026-02-14 23:12:04.989 DEBUG 28248 --- [http-nio-8080-exec-9] org.example.dao.UserMapper.findById      : ==> Parameters: 15(Integer)
2026-02-14 23:12:04.989 DEBUG 28248 --- [http-nio-8080-exec-9] org.example.dao.UserMapper.findById      : <==      Total: 1
2026-02-14 23:12:04.989 DEBUG 28248 --- [http-nio-8080-exec-9] org.example.dao.UserMapper.findById      : ==>  Preparing: SELECT * FROM user WHERE id = ?
2026-02-14 23:12:04.989 DEBUG 28248 --- [http-nio-8080-exec-9] org.example.dao.UserMapper.findById      : ==> Parameters: 15(Integer)
2026-02-14 23:12:04.990 DEBUG 28248 --- [http-nio-8080-exec-9] org.example.dao.UserMapper.findById      : <==      Total: 1
2026-02-14 23:12:04.990 DEBUG 28248 --- [http-nio-8080-exec-9] org.example.dao.UserMapper.findById      : ==>  Preparing: SELECT * FROM user WHERE id = ?
2026-02-14 23:12:04.990 DEBUG 28248 --- [http-nio-8080-exec-9] org.example.dao.UserMapper.findById      : ==> Parameters: 15(Integer)
2026-02-14 23:12:04.990 DEBUG 28248 --- [http-nio-8080-exec-9] org.example.dao.UserMapper.findById      : <==      Total: 1
2026-02-14 23:12:04.990 DEBUG 28248 --- [http-nio-8080-exec-9] org.example.dao.UserMapper.findById      : ==>  Preparing: SELECT * FROM user WHERE id = ?
2026-02-14 23:12:04.990 DEBUG 28248 --- [http-nio-8080-exec-9] org.example.dao.UserMapper.findById      : ==> Parameters: 15(Integer)
2026-02-14 23:12:04.991 DEBUG 28248 --- [http-nio-8080-exec-9] org.example.dao.UserMapper.findById      : <==      Total: 1
2026-02-14 23:12:04.991 DEBUG 28248 --- [http-nio-8080-exec-9] org.example.dao.UserMapper.findById      : ==>  Preparing: SELECT * FROM user WHERE id = ?
2026-02-14 23:12:04.991 DEBUG 28248 --- [http-nio-8080-exec-9] org.example.dao.UserMapper.findById      : ==> Parameters: 15(Integer)
2026-02-14 23:12:04.992 DEBUG 28248 --- [http-nio-8080-exec-9] org.example.dao.UserMapper.findById      : <==      Total: 1
2026-02-14 23:12:04.992 DEBUG 28248 --- [http-nio-8080-exec-9] org.example.dao.UserMapper.findById      : ==>  Preparing: SELECT * FROM user WHERE id = ?
2026-02-14 23:12:04.992 DEBUG 28248 --- [http-nio-8080-exec-9] org.example.dao.UserMapper.findById      : ==> Parameters: 15(Integer)
2026-02-14 23:12:04.992 DEBUG 28248 --- [http-nio-8080-exec-9] org.example.dao.UserMapper.findById      : <==      Total: 1
2026-02-14 23:12:04.993 DEBUG 28248 --- [http-nio-8080-exec-9] org.example.dao.UserMapper.findById      : ==>  Preparing: SELECT * FROM user WHERE id = ?
2026-02-14 23:12:04.993 DEBUG 28248 --- [http-nio-8080-exec-9] org.example.dao.UserMapper.findById      : ==> Parameters: 15(Integer)
2026-02-14 23:12:04.993 DEBUG 28248 --- [http-nio-8080-exec-9] org.example.dao.UserMapper.findById      : <==      Total: 1
2026-02-14 23:12:04.993 DEBUG 28248 --- [http-nio-8080-exec-9] org.example.dao.UserMapper.findById      : ==>  Preparing: SELECT * FROM user WHERE id = ?
2026-02-14 23:12:04.993 DEBUG 28248 --- [http-nio-8080-exec-9] org.example.dao.UserMapper.findById      : ==> Parameters: 15(Integer)
2026-02-14 23:12:04.994 DEBUG 28248 --- [http-nio-8080-exec-9] org.example.dao.UserMapper.findById      : <==      Total: 1
2026-02-14 23:12:04.994 DEBUG 28248 --- [http-nio-8080-exec-9] org.example.dao.UserMapper.findById      : ==>  Preparing: SELECT * FROM user WHERE id = ?
2026-02-14 23:12:04.994 DEBUG 28248 --- [http-nio-8080-exec-9] org.example.dao.UserMapper.findById      : ==> Parameters: 15(Integer)
2026-02-14 23:12:04.994 DEBUG 28248 --- [http-nio-8080-exec-9] org.example.dao.UserMapper.findById      : <==      Total: 1
2026-02-14 23:12:04.995 DEBUG 28248 --- [http-nio-8080-exec-9] org.example.dao.UserMapper.findById      : ==>  Preparing: SELECT * FROM user WHERE id = ?
2026-02-14 23:12:04.995 DEBUG 28248 --- [http-nio-8080-exec-9] org.example.dao.UserMapper.findById      : ==> Parameters: 15(Integer)
2026-02-14 23:12:04.995 DEBUG 28248 --- [http-nio-8080-exec-9] org.example.dao.UserMapper.findById      : <==      Total: 1
2026-02-14 23:12:04.995 DEBUG 28248 --- [http-nio-8080-exec-9] m.m.a.RequestResponseBodyMethodProcessor : Using 'application/json', given [*/*] and supported [application/json, application/*+json, application/json, application/*+json]
2026-02-14 23:12:04.996 DEBUG 28248 --- [http-nio-8080-exec-9] m.m.a.RequestResponseBodyMethodProcessor : Writing [org.example.common.ResponseResult@6a3bede6]
2026-02-14 23:12:04.997 DEBUG 28248 --- [http-nio-8080-exec-9] o.s.web.servlet.DispatcherServlet        : Completed 200 OK
2026-02-14 23:12:07.367 DEBUG 28248 --- [http-nio-8080-exec-8] o.s.web.servlet.DispatcherServlet        : POST "/api/chat/send", parameters={}
2026-02-14 23:12:07.367 DEBUG 28248 --- [http-nio-8080-exec-8] s.w.s.m.m.a.RequestMappingHandlerMapping : Mapped to org.example.controller.ChatController#sendMessage(ChatMessage, HttpServletRequest)
2026-02-14 23:12:07.370 DEBUG 28248 --- [http-nio-8080-exec-8] m.m.a.RequestResponseBodyMethodProcessor : Read "application/json;charset=UTF-8" to [ChatMessage(id=null, senderId=null, receiverId=15, content=22, msgType=1, isRead=null, createTime=nu (truncated)...]
2026-02-14 23:12:07.371 DEBUG 28248 --- [http-nio-8080-exec-8] org.example.dao.UserMapper.findById      : ==>  Preparing: SELECT * FROM user WHERE id = ?
2026-02-14 23:12:07.371 DEBUG 28248 --- [http-nio-8080-exec-8] org.example.dao.UserMapper.findById      : ==> Parameters: 21(Integer)
2026-02-14 23:12:07.374 DEBUG 28248 --- [http-nio-8080-exec-8] org.example.dao.UserMapper.findById      : <==      Total: 1
2026-02-14 23:12:07.374 DEBUG 28248 --- [http-nio-8080-exec-8] o.example.dao.ChatMessageMapper.insert   : ==>  Preparing: INSERT INTO chat_message (sender_id, receiver_id, content, msg_type, is_read, create_time) VALUES (?, ?, ?, ?, 0, NOW())
2026-02-14 23:12:07.374 DEBUG 28248 --- [http-nio-8080-exec-8] o.example.dao.ChatMessageMapper.insert   : ==> Parameters: 21(Integer), 15(Integer), 22(String), 1(Integer)
2026-02-14 23:12:07.376 DEBUG 28248 --- [http-nio-8080-exec-8] o.example.dao.ChatMessageMapper.insert   : <==    Updates: 1
2026-02-14 23:12:07.384 DEBUG 28248 --- [http-nio-8080-exec-8] m.m.a.RequestResponseBodyMethodProcessor : Using 'application/json', given [*/*] and supported [application/json, application/*+json, application/json, application/*+json]
2026-02-14 23:12:07.384 DEBUG 28248 --- [http-nio-8080-exec-8] m.m.a.RequestResponseBodyMethodProcessor : Writing [org.example.common.ResponseResult@693a259e]
2026-02-14 23:12:07.386 DEBUG 28248 --- [http-nio-8080-exec-8] o.s.web.servlet.DispatcherServlet        : Completed 200 OK
2026-02-14 23:12:07.389 DEBUG 28248 --- [http-nio-8080-exec-1] o.s.web.servlet.DispatcherServlet        : POST "/api/chat/read?senderId=21", parameters={masked}
2026-02-14 23:12:07.394 DEBUG 28248 --- [http-nio-8080-exec-1] s.w.s.m.m.a.RequestMappingHandlerMapping : Mapped to org.example.controller.ChatController#markAsRead(Integer, HttpServletRequest)
2026-02-14 23:12:07.423 DEBUG 28248 --- [http-nio-8080-exec-1] o.e.dao.ChatMessageMapper.markAsRead     : ==>  Preparing: UPDATE chat_message SET is_read = 1 WHERE sender_id = ? AND receiver_id = ? AND is_read = 0
2026-02-14 23:12:07.425 DEBUG 28248 --- [http-nio-8080-exec-1] o.e.dao.ChatMessageMapper.markAsRead     : ==> Parameters: 21(Integer), 15(Integer)
2026-02-14 23:12:07.428 DEBUG 28248 --- [http-nio-8080-exec-1] o.e.dao.ChatMessageMapper.markAsRead     : <==    Updates: 1
2026-02-14 23:12:07.429  INFO 28248 --- [http-nio-8080-exec-1] o.example.service.impl.ChatServiceImpl   : 已发送已读回执: 接收者15 -> 发送者21
2026-02-14 23:12:07.433 DEBUG 28248 --- [http-nio-8080-exec-1] m.m.a.RequestResponseBodyMethodProcessor : Using 'application/json', given [*/*] and supported [application/json, application/*+json, application/json, application/*+json]
2026-02-14 23:12:07.433 DEBUG 28248 --- [http-nio-8080-exec-1] m.m.a.RequestResponseBodyMethodProcessor : Writing [org.example.common.ResponseResult@cf087d3]
2026-02-14 23:12:07.434 DEBUG 28248 --- [http-nio-8080-exec-1] o.s.web.servlet.DispatcherServlet        : Completed 200 OK
2026-02-14 23:12:08.971 DEBUG 28248 --- [http-nio-8080-exec-3] o.s.web.servlet.DispatcherServlet        : POST "/api/chat/send", parameters={}
2026-02-14 23:12:08.972 DEBUG 28248 --- [http-nio-8080-exec-3] s.w.s.m.m.a.RequestMappingHandlerMapping : Mapped to org.example.controller.ChatController#sendMessage(ChatMessage, HttpServletRequest)
2026-02-14 23:12:08.974 DEBUG 28248 --- [http-nio-8080-exec-3] m.m.a.RequestResponseBodyMethodProcessor : Read "application/json;charset=UTF-8" to [ChatMessage(id=null, senderId=null, receiverId=21, content=33, msgType=1, isRead=null, createTime=nu (truncated)...]
2026-02-14 23:12:08.976 DEBUG 28248 --- [http-nio-8080-exec-3] org.example.dao.UserMapper.findById      : ==>  Preparing: SELECT * FROM user WHERE id = ?
2026-02-14 23:12:08.976 DEBUG 28248 --- [http-nio-8080-exec-3] org.example.dao.UserMapper.findById      : ==> Parameters: 15(Integer)
2026-02-14 23:12:08.977 DEBUG 28248 --- [http-nio-8080-exec-3] org.example.dao.UserMapper.findById      : <==      Total: 1
2026-02-14 23:12:08.977 DEBUG 28248 --- [http-nio-8080-exec-3] o.example.dao.ChatMessageMapper.insert   : ==>  Preparing: INSERT INTO chat_message (sender_id, receiver_id, content, msg_type, is_read, create_time) VALUES (?, ?, ?, ?, 0, NOW())
2026-02-14 23:12:08.977 DEBUG 28248 --- [http-nio-8080-exec-3] o.example.dao.ChatMessageMapper.insert   : ==> Parameters: 15(Integer), 21(Integer), 33(String), 1(Integer)
2026-02-14 23:12:08.979 DEBUG 28248 --- [http-nio-8080-exec-3] o.example.dao.ChatMessageMapper.insert   : <==    Updates: 1
2026-02-14 23:12:08.982 DEBUG 28248 --- [http-nio-8080-exec-3] m.m.a.RequestResponseBodyMethodProcessor : Using 'application/json', given [*/*] and supported [application/json, application/*+json, application/json, application/*+json]
2026-02-14 23:12:08.982 DEBUG 28248 --- [http-nio-8080-exec-3] m.m.a.RequestResponseBodyMethodProcessor : Writing [org.example.common.ResponseResult@72a36358]
2026-02-14 23:12:08.983 DEBUG 28248 --- [http-nio-8080-exec-3] o.s.web.servlet.DispatcherServlet        : Completed 200 OK
2026-02-14 23:12:08.983 DEBUG 28248 --- [http-nio-8080-exec-5] o.s.web.servlet.DispatcherServlet        : POST "/api/chat/read?senderId=15", parameters={masked}
2026-02-14 23:12:08.983 DEBUG 28248 --- [http-nio-8080-exec-5] s.w.s.m.m.a.RequestMappingHandlerMapping : Mapped to org.example.controller.ChatController#markAsRead(Integer, HttpServletRequest)
2026-02-14 23:12:08.987 DEBUG 28248 --- [http-nio-8080-exec-5] o.e.dao.ChatMessageMapper.markAsRead     : ==>  Preparing: UPDATE chat_message SET is_read = 1 WHERE sender_id = ? AND receiver_id = ? AND is_read = 0
2026-02-14 23:12:08.988 DEBUG 28248 --- [http-nio-8080-exec-5] o.e.dao.ChatMessageMapper.markAsRead     : ==> Parameters: 15(Integer), 21(Integer)
2026-02-14 23:12:08.989 DEBUG 28248 --- [http-nio-8080-exec-5] o.e.dao.ChatMessageMapper.markAsRead     : <==    Updates: 1
2026-02-14 23:12:08.990  INFO 28248 --- [http-nio-8080-exec-5] o.example.service.impl.ChatServiceImpl   : 已发送已读回执: 接收者21 -> 发送者15
2026-02-14 23:12:08.992 DEBUG 28248 --- [http-nio-8080-exec-5] m.m.a.RequestResponseBodyMethodProcessor : Using 'application/json', given [*/*] and supported [application/json, application/*+json, application/json, application/*+json]
2026-02-14 23:12:08.993 DEBUG 28248 --- [http-nio-8080-exec-5] m.m.a.RequestResponseBodyMethodProcessor : Writing [org.example.common.ResponseResult@7cab62cf]
2026-02-14 23:12:08.993 DEBUG 28248 --- [http-nio-8080-exec-5] o.s.web.servlet.DispatcherServlet        : Completed 200 OK
2026-02-14 23:12:09.016 DEBUG 28248 --- [http-nio-8080-exec-7] o.s.web.servlet.DispatcherServlet        : GET "/static/user-placeholder.png", parameters={}
2026-02-14 23:12:09.017 DEBUG 28248 --- [http-nio-8080-exec-7] o.s.w.s.handler.SimpleUrlHandlerMapping  : Mapped to ResourceHttpRequestHandler [classpath [META-INF/resources/], classpath [resources/], classpath [static/], classpath [public/], ServletContext [/]]
2026-02-14 23:12:09.018 DEBUG 28248 --- [http-nio-8080-exec-7] o.s.w.s.r.ResourceHttpRequestHandler     : Resource not found
2026-02-14 23:12:09.018 DEBUG 28248 --- [http-nio-8080-exec-7] o.s.web.servlet.DispatcherServlet        : Completed 404 NOT_FOUND
2026-02-14 23:12:09.018 DEBUG 28248 --- [http-nio-8080-exec-7] o.s.web.servlet.DispatcherServlet        : "ERROR" dispatch for GET "/error", parameters={}
2026-02-14 23:12:09.019 DEBUG 28248 --- [http-nio-8080-exec-7] s.w.s.m.m.a.RequestMappingHandlerMapping : Mapped to org.springframework.boot.autoconfigure.web.servlet.error.BasicErrorController#error(HttpServletRequest)
2026-02-14 23:12:09.020 DEBUG 28248 --- [http-nio-8080-exec-7] o.s.w.s.m.m.a.HttpEntityMethodProcessor  : Using 'application/json;q=0.8', given [image/avif, image/webp, image/apng, image/svg+xml, image/*, */*;q=0.8] and supported [application/json, application/*+json, application/json, application/*+json]
2026-02-14 23:12:09.020 DEBUG 28248 --- [http-nio-8080-exec-7] o.s.w.s.m.m.a.HttpEntityMethodProcessor  : Writing [{timestamp=Sat Feb 14 23:12:09 CST 2026, status=404, error=Not Found, path=/static/user-placeholder. (truncated)...]
2026-02-14 23:12:09.021 DEBUG 28248 --- [http-nio-8080-exec-7] o.s.web.servlet.DispatcherServlet        : Exiting from "ERROR" dispatch, status 404
2026-02-14 23:12:09.115 DEBUG 28248 --- [http-nio-8080-exec-2] o.s.web.servlet.DispatcherServlet        : GET "/static/user-placeholder.png", parameters={}
2026-02-14 23:12:09.115 DEBUG 28248 --- [http-nio-8080-exec-2] o.s.w.s.handler.SimpleUrlHandlerMapping  : Mapped to ResourceHttpRequestHandler [classpath [META-INF/resources/], classpath [resources/], classpath [static/], classpath [public/], ServletContext [/]]
2026-02-14 23:12:09.116 DEBUG 28248 --- [http-nio-8080-exec-2] o.s.w.s.r.ResourceHttpRequestHandler     : Resource not found
2026-02-14 23:12:09.116 DEBUG 28248 --- [http-nio-8080-exec-2] o.s.web.servlet.DispatcherServlet        : Completed 404 NOT_FOUND
2026-02-14 23:12:09.116 DEBUG 28248 --- [http-nio-8080-exec-2] o.s.web.servlet.DispatcherServlet        : "ERROR" dispatch for GET "/error", parameters={}
2026-02-14 23:12:09.116 DEBUG 28248 --- [http-nio-8080-exec-2] s.w.s.m.m.a.RequestMappingHandlerMapping : Mapped to org.springframework.boot.autoconfigure.web.servlet.error.BasicErrorController#error(HttpServletRequest)
2026-02-14 23:12:09.118 DEBUG 28248 --- [http-nio-8080-exec-2] o.s.w.s.m.m.a.HttpEntityMethodProcessor  : Using 'application/json;q=0.8', given [image/avif, image/webp, image/apng, image/svg+xml, image/*, */*;q=0.8] and supported [application/json, application/*+json, application/json, application/*+json]
2026-02-14 23:12:09.118 DEBUG 28248 --- [http-nio-8080-exec-2] o.s.w.s.m.m.a.HttpEntityMethodProcessor  : Writing [{timestamp=Sat Feb 14 23:12:09 CST 2026, status=404, error=Not Found, path=/static/user-placeholder. (truncated)...]
2026-02-14 23:12:09.119 DEBUG 28248 --- [http-nio-8080-exec-2] o.s.web.servlet.DispatcherServlet        : Exiting from "ERROR" dispatch, status 404
2026-02-14 23:12:11.818 DEBUG 28248 --- [http-nio-8080-exec-10] o.s.web.servlet.DispatcherServlet        : POST "/api/chat/send", parameters={}
2026-02-14 23:12:11.819 DEBUG 28248 --- [http-nio-8080-exec-10] s.w.s.m.m.a.RequestMappingHandlerMapping : Mapped to org.example.controller.ChatController#sendMessage(ChatMessage, HttpServletRequest)
2026-02-14 23:12:11.822 DEBUG 28248 --- [http-nio-8080-exec-10] m.m.a.RequestResponseBodyMethodProcessor : Read "application/json;charset=UTF-8" to [ChatMessage(id=null, senderId=null, receiverId=15, content=11, msgType=1, isRead=null, createTime=nu (truncated)...]
2026-02-14 23:12:11.823 DEBUG 28248 --- [http-nio-8080-exec-10] org.example.dao.UserMapper.findById      : ==>  Preparing: SELECT * FROM user WHERE id = ?
2026-02-14 23:12:11.823 DEBUG 28248 --- [http-nio-8080-exec-10] org.example.dao.UserMapper.findById      : ==> Parameters: 21(Integer)
2026-02-14 23:12:11.824 DEBUG 28248 --- [http-nio-8080-exec-10] org.example.dao.UserMapper.findById      : <==      Total: 1
2026-02-14 23:12:11.824 DEBUG 28248 --- [http-nio-8080-exec-10] o.example.dao.ChatMessageMapper.insert   : ==>  Preparing: INSERT INTO chat_message (sender_id, receiver_id, content, msg_type, is_read, create_time) VALUES (?, ?, ?, ?, 0, NOW())
2026-02-14 23:12:11.824 DEBUG 28248 --- [http-nio-8080-exec-10] o.example.dao.ChatMessageMapper.insert   : ==> Parameters: 21(Integer), 15(Integer), 11(String), 1(Integer)
2026-02-14 23:12:11.828 DEBUG 28248 --- [http-nio-8080-exec-10] o.example.dao.ChatMessageMapper.insert   : <==    Updates: 1
2026-02-14 23:12:11.831 DEBUG 28248 --- [http-nio-8080-exec-10] m.m.a.RequestResponseBodyMethodProcessor : Using 'application/json', given [*/*] and supported [application/json, application/*+json, application/json, application/*+json]
2026-02-14 23:12:11.831 DEBUG 28248 --- [http-nio-8080-exec-10] m.m.a.RequestResponseBodyMethodProcessor : Writing [org.example.common.ResponseResult@2f4ed340]
2026-02-14 23:12:11.831 DEBUG 28248 --- [http-nio-8080-exec-10] o.s.web.servlet.DispatcherServlet        : Completed 200 OK
2026-02-14 23:12:11.833 DEBUG 28248 --- [http-nio-8080-exec-4] o.s.web.servlet.DispatcherServlet        : POST "/api/chat/read?senderId=21", parameters={masked}
2026-02-14 23:12:11.833 DEBUG 28248 --- [http-nio-8080-exec-4] s.w.s.m.m.a.RequestMappingHandlerMapping : Mapped to org.example.controller.ChatController#markAsRead(Integer, HttpServletRequest)
2026-02-14 23:12:11.836 DEBUG 28248 --- [http-nio-8080-exec-4] o.e.dao.ChatMessageMapper.markAsRead     : ==>  Preparing: UPDATE chat_message SET is_read = 1 WHERE sender_id = ? AND receiver_id = ? AND is_read = 0
2026-02-14 23:12:11.837 DEBUG 28248 --- [http-nio-8080-exec-4] o.e.dao.ChatMessageMapper.markAsRead     : ==> Parameters: 21(Integer), 15(Integer)
2026-02-14 23:12:11.839 DEBUG 28248 --- [http-nio-8080-exec-4] o.e.dao.ChatMessageMapper.markAsRead     : <==    Updates: 1
2026-02-14 23:12:11.839  INFO 28248 --- [http-nio-8080-exec-4] o.example.service.impl.ChatServiceImpl   : 已发送已读回执: 接收者15 -> 发送者21
2026-02-14 23:12:11.842 DEBUG 28248 --- [http-nio-8080-exec-4] m.m.a.RequestResponseBodyMethodProcessor : Using 'application/json', given [*/*] and supported [application/json, application/*+json, application/json, application/*+json]
2026-02-14 23:12:11.842 DEBUG 28248 --- [http-nio-8080-exec-4] m.m.a.RequestResponseBodyMethodProcessor : Writing [org.example.common.ResponseResult@56c1d142]
2026-02-14 23:12:11.843 DEBUG 28248 --- [http-nio-8080-exec-4] o.s.web.servlet.DispatcherServlet        : Completed 200 OK
2026-02-14 23:12:14.040 DEBUG 28248 --- [http-nio-8080-exec-1] o.s.web.servlet.DispatcherServlet        : POST "/api/chat/send", parameters={}
2026-02-14 23:12:14.041 DEBUG 28248 --- [http-nio-8080-exec-1] s.w.s.m.m.a.RequestMappingHandlerMapping : Mapped to org.example.controller.ChatController#sendMessage(ChatMessage, HttpServletRequest)
2026-02-14 23:12:14.044 DEBUG 28248 --- [http-nio-8080-exec-1] m.m.a.RequestResponseBodyMethodProcessor : Read "application/json;charset=UTF-8" to [ChatMessage(id=null, senderId=null, receiverId=21, content=22, msgType=1, isRead=null, createTime=nu (truncated)...]
2026-02-14 23:12:14.045 DEBUG 28248 --- [http-nio-8080-exec-1] org.example.dao.UserMapper.findById      : ==>  Preparing: SELECT * FROM user WHERE id = ?
2026-02-14 23:12:14.045 DEBUG 28248 --- [http-nio-8080-exec-1] org.example.dao.UserMapper.findById      : ==> Parameters: 15(Integer)
2026-02-14 23:12:14.046 DEBUG 28248 --- [http-nio-8080-exec-1] org.example.dao.UserMapper.findById      : <==      Total: 1
2026-02-14 23:12:14.046 DEBUG 28248 --- [http-nio-8080-exec-1] o.example.dao.ChatMessageMapper.insert   : ==>  Preparing: INSERT INTO chat_message (sender_id, receiver_id, content, msg_type, is_read, create_time) VALUES (?, ?, ?, ?, 0, NOW())
2026-02-14 23:12:14.046 DEBUG 28248 --- [http-nio-8080-exec-1] o.example.dao.ChatMessageMapper.insert   : ==> Parameters: 15(Integer), 21(Integer), 22(String), 1(Integer)
2026-02-14 23:12:14.048 DEBUG 28248 --- [http-nio-8080-exec-1] o.example.dao.ChatMessageMapper.insert   : <==    Updates: 1
2026-02-14 23:12:14.051 DEBUG 28248 --- [http-nio-8080-exec-1] m.m.a.RequestResponseBodyMethodProcessor : Using 'application/json', given [*/*] and supported [application/json, application/*+json, application/json, application/*+json]
2026-02-14 23:12:14.052 DEBUG 28248 --- [http-nio-8080-exec-1] m.m.a.RequestResponseBodyMethodProcessor : Writing [org.example.common.ResponseResult@4892c9af]
2026-02-14 23:12:14.052 DEBUG 28248 --- [http-nio-8080-exec-1] o.s.web.servlet.DispatcherServlet        : Completed 200 OK
2026-02-14 23:12:14.054 DEBUG 28248 --- [http-nio-8080-exec-3] o.s.web.servlet.DispatcherServlet        : POST "/api/chat/read?senderId=15", parameters={masked}
2026-02-14 23:12:14.055 DEBUG 28248 --- [http-nio-8080-exec-3] s.w.s.m.m.a.RequestMappingHandlerMapping : Mapped to org.example.controller.ChatController#markAsRead(Integer, HttpServletRequest)
2026-02-14 23:12:14.058 DEBUG 28248 --- [http-nio-8080-exec-3] o.e.dao.ChatMessageMapper.markAsRead     : ==>  Preparing: UPDATE chat_message SET is_read = 1 WHERE sender_id = ? AND receiver_id = ? AND is_read = 0
2026-02-14 23:12:14.058 DEBUG 28248 --- [http-nio-8080-exec-3] o.e.dao.ChatMessageMapper.markAsRead     : ==> Parameters: 15(Integer), 21(Integer)
2026-02-14 23:12:14.060 DEBUG 28248 --- [http-nio-8080-exec-3] o.e.dao.ChatMessageMapper.markAsRead     : <==    Updates: 1
2026-02-14 23:12:14.061  INFO 28248 --- [http-nio-8080-exec-3] o.example.service.impl.ChatServiceImpl   : 已发送已读回执: 接收者21 -> 发送者15
2026-02-14 23:12:14.064 DEBUG 28248 --- [http-nio-8080-exec-3] m.m.a.RequestResponseBodyMethodProcessor : Using 'application/json', given [*/*] and supported [application/json, application/*+json, application/json, application/*+json]
2026-02-14 23:12:14.065 DEBUG 28248 --- [http-nio-8080-exec-3] m.m.a.RequestResponseBodyMethodProcessor : Writing [org.example.common.ResponseResult@7770eaad]
2026-02-14 23:12:14.065 DEBUG 28248 --- [http-nio-8080-exec-3] o.s.web.servlet.DispatcherServlet        : Completed 200 OK
2026-02-14 23:12:14.087 DEBUG 28248 --- [http-nio-8080-exec-5] o.s.web.servlet.DispatcherServlet        : GET "/static/user-placeholder.png", parameters={}
2026-02-14 23:12:14.088 DEBUG 28248 --- [http-nio-8080-exec-5] o.s.w.s.handler.SimpleUrlHandlerMapping  : Mapped to ResourceHttpRequestHandler [classpath [META-INF/resources/], classpath [resources/], classpath [static/], classpath [public/], ServletContext [/]]
2026-02-14 23:12:14.090 DEBUG 28248 --- [http-nio-8080-exec-5] o.s.w.s.r.ResourceHttpRequestHandler     : Resource not found
2026-02-14 23:12:14.090 DEBUG 28248 --- [http-nio-8080-exec-5] o.s.web.servlet.DispatcherServlet        : Completed 404 NOT_FOUND
2026-02-14 23:12:14.091 DEBUG 28248 --- [http-nio-8080-exec-5] o.s.web.servlet.DispatcherServlet        : "ERROR" dispatch for GET "/error", parameters={}
2026-02-14 23:12:14.092 DEBUG 28248 --- [http-nio-8080-exec-5] s.w.s.m.m.a.RequestMappingHandlerMapping : Mapped to org.springframework.boot.autoconfigure.web.servlet.error.BasicErrorController#error(HttpServletRequest)
2026-02-14 23:12:14.093 DEBUG 28248 --- [http-nio-8080-exec-5] o.s.w.s.m.m.a.HttpEntityMethodProcessor  : Using 'application/json;q=0.8', given [image/avif, image/webp, image/apng, image/svg+xml, image/*, */*;q=0.8] and supported [application/json, application/*+json, application/json, application/*+json]
2026-02-14 23:12:14.093 DEBUG 28248 --- [http-nio-8080-exec-5] o.s.w.s.m.m.a.HttpEntityMethodProcessor  : Writing [{timestamp=Sat Feb 14 23:12:14 CST 2026, status=404, error=Not Found, path=/static/user-placeholder. (truncated)...]
2026-02-14 23:12:14.094 DEBUG 28248 --- [http-nio-8080-exec-5] o.s.web.servlet.DispatcherServlet        : Exiting from "ERROR" dispatch, status 404
2026-02-14 23:12:14.195 DEBUG 28248 --- [http-nio-8080-exec-2] o.s.web.servlet.DispatcherServlet        : GET "/static/user-placeholder.png", parameters={}
2026-02-14 23:12:14.195 DEBUG 28248 --- [http-nio-8080-exec-2] o.s.w.s.handler.SimpleUrlHandlerMapping  : Mapped to ResourceHttpRequestHandler [classpath [META-INF/resources/], classpath [resources/], classpath [static/], classpath [public/], ServletContext [/]]
2026-02-14 23:12:14.196 DEBUG 28248 --- [http-nio-8080-exec-2] o.s.w.s.r.ResourceHttpRequestHandler     : Resource not found
2026-02-14 23:12:14.196 DEBUG 28248 --- [http-nio-8080-exec-2] o.s.web.servlet.DispatcherServlet        : Completed 404 NOT_FOUND
2026-02-14 23:12:14.197 DEBUG 28248 --- [http-nio-8080-exec-2] o.s.web.servlet.DispatcherServlet        : "ERROR" dispatch for GET "/error", parameters={}
2026-02-14 23:12:14.197 DEBUG 28248 --- [http-nio-8080-exec-2] s.w.s.m.m.a.RequestMappingHandlerMapping : Mapped to org.springframework.boot.autoconfigure.web.servlet.error.BasicErrorController#error(HttpServletRequest)
2026-02-14 23:12:14.198 DEBUG 28248 --- [http-nio-8080-exec-2] o.s.w.s.m.m.a.HttpEntityMethodProcessor  : Using 'application/json;q=0.8', given [image/avif, image/webp, image/apng, image/svg+xml, image/*, */*;q=0.8] and supported [application/json, application/*+json, application/json, application/*+json]
2026-02-14 23:12:14.199 DEBUG 28248 --- [http-nio-8080-exec-2] o.s.w.s.m.m.a.HttpEntityMethodProcessor  : Writing [{timestamp=Sat Feb 14 23:12:14 CST 2026, status=404, error=Not Found, path=/static/user-placeholder. (truncated)...]
2026-02-14 23:12:14.200 DEBUG 28248 --- [http-nio-8080-exec-2] o.s.web.servlet.DispatcherServlet        : Exiting from "ERROR" dispatch, status 404
2026-02-14 23:12:17.275 DEBUG 28248 --- [http-nio-8080-exec-4] o.s.web.servlet.DispatcherServlet        : GET "/api/chat/contacts", parameters={}
2026-02-14 23:12:17.275 DEBUG 28248 --- [http-nio-8080-exec-4] s.w.s.m.m.a.RequestMappingHandlerMapping : Mapped to org.example.controller.ChatController#getRecentContacts(HttpServletRequest)
2026-02-14 23:12:17.278 DEBUG 28248 --- [http-nio-8080-exec-4] o.e.d.C.findRecentContacts               : ==>  Preparing: SELECT m.*, CASE WHEN m.sender_id = 0 THEN '系统通知' ELSE u.name END as sender_name, CASE WHEN m.sender_id = 0 THEN '/static/logo.png' ELSE u.avatar END as sender_avatar, (SELECT COUNT(*) FROM chat_message cm WHERE cm.sender_id = contact_id AND cm.receiver_id = ? AND cm.is_read = 0) as unread_count FROM ( SELECT CASE WHEN sender_id = ? THEN receiver_id ELSE sender_id END as contact_id, MAX(create_time) as max_time FROM chat_message WHERE sender_id = ? OR receiver_id = ? GROUP BY contact_id ) t JOIN chat_message m ON ( (m.sender_id = ? AND m.receiver_id = t.contact_id) OR (m.sender_id = t.contact_id AND m.receiver_id = ?) ) AND m.create_time = t.max_time LEFT JOIN user u ON u.id = t.contact_id ORDER BY m.create_time DESC
2026-02-14 23:12:17.279 DEBUG 28248 --- [http-nio-8080-exec-4] o.e.d.C.findRecentContacts               : ==> Parameters: 15(Integer), 15(Integer), 15(Integer), 15(Integer), 15(Integer), 15(Integer)
2026-02-14 23:12:17.284 DEBUG 28248 --- [http-nio-8080-exec-4] o.e.d.C.findRecentContacts               : <==      Total: 2
2026-02-14 23:12:17.284 DEBUG 28248 --- [http-nio-8080-exec-4] m.m.a.RequestResponseBodyMethodProcessor : Using 'application/json', given [*/*] and supported [application/json, application/*+json, application/json, application/*+json]
2026-02-14 23:12:17.285 DEBUG 28248 --- [http-nio-8080-exec-4] m.m.a.RequestResponseBodyMethodProcessor : Writing [org.example.common.ResponseResult@26afb44f]
2026-02-14 23:12:17.285 DEBUG 28248 --- [http-nio-8080-exec-4] o.s.web.servlet.DispatcherServlet        : Completed 200 OK
2026-02-14 23:12:18.352 DEBUG 28248 --- [http-nio-8080-exec-1] o.s.web.servlet.DispatcherServlet        : GET "/api/chat/contacts", parameters={}
2026-02-14 23:12:18.353 DEBUG 28248 --- [http-nio-8080-exec-1] s.w.s.m.m.a.RequestMappingHandlerMapping : Mapped to org.example.controller.ChatController#getRecentContacts(HttpServletRequest)
2026-02-14 23:12:18.357 DEBUG 28248 --- [http-nio-8080-exec-1] o.e.d.C.findRecentContacts               : ==>  Preparing: SELECT m.*, CASE WHEN m.sender_id = 0 THEN '系统通知' ELSE u.name END as sender_name, CASE WHEN m.sender_id = 0 THEN '/static/logo.png' ELSE u.avatar END as sender_avatar, (SELECT COUNT(*) FROM chat_message cm WHERE cm.sender_id = contact_id AND cm.receiver_id = ? AND cm.is_read = 0) as unread_count FROM ( SELECT CASE WHEN sender_id = ? THEN receiver_id ELSE sender_id END as contact_id, MAX(create_time) as max_time FROM chat_message WHERE sender_id = ? OR receiver_id = ? GROUP BY contact_id ) t JOIN chat_message m ON ( (m.sender_id = ? AND m.receiver_id = t.contact_id) OR (m.sender_id = t.contact_id AND m.receiver_id = ?) ) AND m.create_time = t.max_time LEFT JOIN user u ON u.id = t.contact_id ORDER BY m.create_time DESC
2026-02-14 23:12:18.358 DEBUG 28248 --- [http-nio-8080-exec-1] o.e.d.C.findRecentContacts               : ==> Parameters: 21(Integer), 21(Integer), 21(Integer), 21(Integer), 21(Integer), 21(Integer)
2026-02-14 23:12:18.361 DEBUG 28248 --- [http-nio-8080-exec-1] o.e.d.C.findRecentContacts               : <==      Total: 2
2026-02-14 23:12:18.361 DEBUG 28248 --- [http-nio-8080-exec-1] org.example.dao.UserMapper.findById      : ==>  Preparing: SELECT * FROM user WHERE id = ?
2026-02-14 23:12:18.362 DEBUG 28248 --- [http-nio-8080-exec-1] org.example.dao.UserMapper.findById      : ==> Parameters: 15(Integer)
2026-02-14 23:12:18.363 DEBUG 28248 --- [http-nio-8080-exec-1] org.example.dao.UserMapper.findById      : <==      Total: 1
2026-02-14 23:12:18.364 DEBUG 28248 --- [http-nio-8080-exec-1] m.m.a.RequestResponseBodyMethodProcessor : Using 'application/json', given [*/*] and supported [application/json, application/*+json, application/json, application/*+json]
2026-02-14 23:12:18.364 DEBUG 28248 --- [http-nio-8080-exec-1] m.m.a.RequestResponseBodyMethodProcessor : Writing [org.example.common.ResponseResult@186eff24]
2026-02-14 23:12:18.365 DEBUG 28248 --- [http-nio-8080-exec-1] o.s.web.servlet.DispatcherServlet        : Completed 200 OK
2026-02-14 23:12:18.942 DEBUG 28248 --- [http-nio-8080-exec-3] o.s.web.servlet.DispatcherServlet        : GET "/api/chat/history?targetUserId=0", parameters={masked}
2026-02-14 23:12:18.943 DEBUG 28248 --- [http-nio-8080-exec-3] s.w.s.m.m.a.RequestMappingHandlerMapping : Mapped to org.example.controller.ChatController#getHistory(Integer, HttpServletRequest)
2026-02-14 23:12:18.945 DEBUG 28248 --- [http-nio-8080-exec-3] o.e.dao.ChatMessageMapper.findHistory    : ==>  Preparing: SELECT m.*, u.name as sender_name, u.avatar as sender_avatar FROM chat_message m LEFT JOIN user u ON m.sender_id = u.id WHERE (m.sender_id = ? AND m.receiver_id = ?) OR (m.sender_id = ? AND m.receiver_id = ?) ORDER BY m.create_time ASC
2026-02-14 23:12:18.945 DEBUG 28248 --- [http-nio-8080-exec-3] o.e.dao.ChatMessageMapper.findHistory    : ==> Parameters: 21(Integer), 0(Integer), 0(Integer), 21(Integer)
2026-02-14 23:12:18.947 DEBUG 28248 --- [http-nio-8080-exec-3] o.e.dao.ChatMessageMapper.findHistory    : <==      Total: 4
2026-02-14 23:12:18.947 DEBUG 28248 --- [http-nio-8080-exec-3] org.example.dao.UserMapper.findById      : ==>  Preparing: SELECT * FROM user WHERE id = ?
2026-02-14 23:12:18.947 DEBUG 28248 --- [http-nio-8080-exec-3] org.example.dao.UserMapper.findById      : ==> Parameters: 0(Integer)
2026-02-14 23:12:18.948 DEBUG 28248 --- [http-nio-8080-exec-3] org.example.dao.UserMapper.findById      : <==      Total: 0
2026-02-14 23:12:18.948 DEBUG 28248 --- [http-nio-8080-exec-3] org.example.dao.UserMapper.findById      : ==>  Preparing: SELECT * FROM user WHERE id = ?
2026-02-14 23:12:18.949 DEBUG 28248 --- [http-nio-8080-exec-3] org.example.dao.UserMapper.findById      : ==> Parameters: 0(Integer)
2026-02-14 23:12:18.949 DEBUG 28248 --- [http-nio-8080-exec-3] org.example.dao.UserMapper.findById      : <==      Total: 0
2026-02-14 23:12:18.950 DEBUG 28248 --- [http-nio-8080-exec-3] org.example.dao.UserMapper.findById      : ==>  Preparing: SELECT * FROM user WHERE id = ?
2026-02-14 23:12:18.950 DEBUG 28248 --- [http-nio-8080-exec-3] org.example.dao.UserMapper.findById      : ==> Parameters: 0(Integer)
2026-02-14 23:12:18.950 DEBUG 28248 --- [http-nio-8080-exec-3] org.example.dao.UserMapper.findById      : <==      Total: 0
2026-02-14 23:12:18.951 DEBUG 28248 --- [http-nio-8080-exec-3] org.example.dao.UserMapper.findById      : ==>  Preparing: SELECT * FROM user WHERE id = ?
2026-02-14 23:12:18.951 DEBUG 28248 --- [http-nio-8080-exec-3] org.example.dao.UserMapper.findById      : ==> Parameters: 0(Integer)
2026-02-14 23:12:18.952 DEBUG 28248 --- [http-nio-8080-exec-3] org.example.dao.UserMapper.findById      : <==      Total: 0
2026-02-14 23:12:18.952 DEBUG 28248 --- [http-nio-8080-exec-3] m.m.a.RequestResponseBodyMethodProcessor : Using 'application/json', given [*/*] and supported [application/json, application/*+json, application/json, application/*+json]
2026-02-14 23:12:18.953 DEBUG 28248 --- [http-nio-8080-exec-3] m.m.a.RequestResponseBodyMethodProcessor : Writing [org.example.common.ResponseResult@79a885b0]
2026-02-14 23:12:18.953 DEBUG 28248 --- [http-nio-8080-exec-3] o.s.web.servlet.DispatcherServlet        : Completed 200 OK
2026-02-14 23:12:19.541 DEBUG 28248 --- [http-nio-8080-exec-7] o.s.web.servlet.DispatcherServlet        : GET "/api/chat/history?targetUserId=0", parameters={masked}
2026-02-14 23:12:19.542 DEBUG 28248 --- [http-nio-8080-exec-7] s.w.s.m.m.a.RequestMappingHandlerMapping : Mapped to org.example.controller.ChatController#getHistory(Integer, HttpServletRequest)
2026-02-14 23:12:19.545 DEBUG 28248 --- [http-nio-8080-exec-7] o.e.dao.ChatMessageMapper.findHistory    : ==>  Preparing: SELECT m.*, u.name as sender_name, u.avatar as sender_avatar FROM chat_message m LEFT JOIN user u ON m.sender_id = u.id WHERE (m.sender_id = ? AND m.receiver_id = ?) OR (m.sender_id = ? AND m.receiver_id = ?) ORDER BY m.create_time ASC
2026-02-14 23:12:19.545 DEBUG 28248 --- [http-nio-8080-exec-7] o.e.dao.ChatMessageMapper.findHistory    : ==> Parameters: 15(Integer), 0(Integer), 0(Integer), 15(Integer)
2026-02-14 23:12:19.547 DEBUG 28248 --- [http-nio-8080-exec-7] o.e.dao.ChatMessageMapper.findHistory    : <==      Total: 16
2026-02-14 23:12:19.548 DEBUG 28248 --- [http-nio-8080-exec-7] org.example.dao.UserMapper.findById      : ==>  Preparing: SELECT * FROM user WHERE id = ?
2026-02-14 23:12:19.548 DEBUG 28248 --- [http-nio-8080-exec-7] org.example.dao.UserMapper.findById      : ==> Parameters: 0(Integer)
2026-02-14 23:12:19.549 DEBUG 28248 --- [http-nio-8080-exec-7] org.example.dao.UserMapper.findById      : <==      Total: 0
2026-02-14 23:12:19.549 DEBUG 28248 --- [http-nio-8080-exec-7] org.example.dao.UserMapper.findById      : ==>  Preparing: SELECT * FROM user WHERE id = ?
2026-02-14 23:12:19.549 DEBUG 28248 --- [http-nio-8080-exec-7] org.example.dao.UserMapper.findById      : ==> Parameters: 0(Integer)
2026-02-14 23:12:19.550 DEBUG 28248 --- [http-nio-8080-exec-7] org.example.dao.UserMapper.findById      : <==      Total: 0
2026-02-14 23:12:19.550 DEBUG 28248 --- [http-nio-8080-exec-7] org.example.dao.UserMapper.findById      : ==>  Preparing: SELECT * FROM user WHERE id = ?
2026-02-14 23:12:19.550 DEBUG 28248 --- [http-nio-8080-exec-7] org.example.dao.UserMapper.findById      : ==> Parameters: 0(Integer)
2026-02-14 23:12:19.551 DEBUG 28248 --- [http-nio-8080-exec-7] org.example.dao.UserMapper.findById      : <==      Total: 0
2026-02-14 23:12:19.551 DEBUG 28248 --- [http-nio-8080-exec-7] org.example.dao.UserMapper.findById      : ==>  Preparing: SELECT * FROM user WHERE id = ?
2026-02-14 23:12:19.551 DEBUG 28248 --- [http-nio-8080-exec-7] org.example.dao.UserMapper.findById      : ==> Parameters: 0(Integer)
2026-02-14 23:12:19.551 DEBUG 28248 --- [http-nio-8080-exec-7] org.example.dao.UserMapper.findById      : <==      Total: 0
2026-02-14 23:12:19.552 DEBUG 28248 --- [http-nio-8080-exec-7] org.example.dao.UserMapper.findById      : ==>  Preparing: SELECT * FROM user WHERE id = ?
2026-02-14 23:12:19.552 DEBUG 28248 --- [http-nio-8080-exec-7] org.example.dao.UserMapper.findById      : ==> Parameters: 0(Integer)
2026-02-14 23:12:19.552 DEBUG 28248 --- [http-nio-8080-exec-7] org.example.dao.UserMapper.findById      : <==      Total: 0
2026-02-14 23:12:19.552 DEBUG 28248 --- [http-nio-8080-exec-7] org.example.dao.UserMapper.findById      : ==>  Preparing: SELECT * FROM user WHERE id = ?
2026-02-14 23:12:19.552 DEBUG 28248 --- [http-nio-8080-exec-7] org.example.dao.UserMapper.findById      : ==> Parameters: 0(Integer)
2026-02-14 23:12:19.552 DEBUG 28248 --- [http-nio-8080-exec-7] org.example.dao.UserMapper.findById      : <==      Total: 0
2026-02-14 23:12:19.553 DEBUG 28248 --- [http-nio-8080-exec-7] org.example.dao.UserMapper.findById      : ==>  Preparing: SELECT * FROM user WHERE id = ?
2026-02-14 23:12:19.553 DEBUG 28248 --- [http-nio-8080-exec-7] org.example.dao.UserMapper.findById      : ==> Parameters: 0(Integer)
2026-02-14 23:12:19.553 DEBUG 28248 --- [http-nio-8080-exec-7] org.example.dao.UserMapper.findById      : <==      Total: 0
2026-02-14 23:12:19.553 DEBUG 28248 --- [http-nio-8080-exec-7] org.example.dao.UserMapper.findById      : ==>  Preparing: SELECT * FROM user WHERE id = ?
2026-02-14 23:12:19.553 DEBUG 28248 --- [http-nio-8080-exec-7] org.example.dao.UserMapper.findById      : ==> Parameters: 0(Integer)
2026-02-14 23:12:19.553 DEBUG 28248 --- [http-nio-8080-exec-7] org.example.dao.UserMapper.findById      : <==      Total: 0
2026-02-14 23:12:19.554 DEBUG 28248 --- [http-nio-8080-exec-7] org.example.dao.UserMapper.findById      : ==>  Preparing: SELECT * FROM user WHERE id = ?
2026-02-14 23:12:19.554 DEBUG 28248 --- [http-nio-8080-exec-7] org.example.dao.UserMapper.findById      : ==> Parameters: 0(Integer)
2026-02-14 23:12:19.554 DEBUG 28248 --- [http-nio-8080-exec-7] org.example.dao.UserMapper.findById      : <==      Total: 0
2026-02-14 23:12:19.554 DEBUG 28248 --- [http-nio-8080-exec-7] org.example.dao.UserMapper.findById      : ==>  Preparing: SELECT * FROM user WHERE id = ?
2026-02-14 23:12:19.554 DEBUG 28248 --- [http-nio-8080-exec-7] org.example.dao.UserMapper.findById      : ==> Parameters: 0(Integer)
2026-02-14 23:12:19.554 DEBUG 28248 --- [http-nio-8080-exec-7] org.example.dao.UserMapper.findById      : <==      Total: 0
2026-02-14 23:12:19.554 DEBUG 28248 --- [http-nio-8080-exec-7] org.example.dao.UserMapper.findById      : ==>  Preparing: SELECT * FROM user WHERE id = ?
2026-02-14 23:12:19.554 DEBUG 28248 --- [http-nio-8080-exec-7] org.example.dao.UserMapper.findById      : ==> Parameters: 0(Integer)
2026-02-14 23:12:19.554 DEBUG 28248 --- [http-nio-8080-exec-7] org.example.dao.UserMapper.findById      : <==      Total: 0
2026-02-14 23:12:19.555 DEBUG 28248 --- [http-nio-8080-exec-7] org.example.dao.UserMapper.findById      : ==>  Preparing: SELECT * FROM user WHERE id = ?
2026-02-14 23:12:19.555 DEBUG 28248 --- [http-nio-8080-exec-7] org.example.dao.UserMapper.findById      : ==> Parameters: 0(Integer)
2026-02-14 23:12:19.555 DEBUG 28248 --- [http-nio-8080-exec-7] org.example.dao.UserMapper.findById      : <==      Total: 0
2026-02-14 23:12:19.555 DEBUG 28248 --- [http-nio-8080-exec-7] org.example.dao.UserMapper.findById      : ==>  Preparing: SELECT * FROM user WHERE id = ?
2026-02-14 23:12:19.555 DEBUG 28248 --- [http-nio-8080-exec-7] org.example.dao.UserMapper.findById      : ==> Parameters: 0(Integer)
2026-02-14 23:12:19.556 DEBUG 28248 --- [http-nio-8080-exec-7] org.example.dao.UserMapper.findById      : <==      Total: 0
2026-02-14 23:12:19.556 DEBUG 28248 --- [http-nio-8080-exec-7] org.example.dao.UserMapper.findById      : ==>  Preparing: SELECT * FROM user WHERE id = ?
2026-02-14 23:12:19.556 DEBUG 28248 --- [http-nio-8080-exec-7] org.example.dao.UserMapper.findById      : ==> Parameters: 0(Integer)
2026-02-14 23:12:19.556 DEBUG 28248 --- [http-nio-8080-exec-7] org.example.dao.UserMapper.findById      : <==      Total: 0
2026-02-14 23:12:19.556 DEBUG 28248 --- [http-nio-8080-exec-7] org.example.dao.UserMapper.findById      : ==>  Preparing: SELECT * FROM user WHERE id = ?
2026-02-14 23:12:19.556 DEBUG 28248 --- [http-nio-8080-exec-7] org.example.dao.UserMapper.findById      : ==> Parameters: 0(Integer)
2026-02-14 23:12:19.556 DEBUG 28248 --- [http-nio-8080-exec-7] org.example.dao.UserMapper.findById      : <==      Total: 0
2026-02-14 23:12:19.557 DEBUG 28248 --- [http-nio-8080-exec-7] org.example.dao.UserMapper.findById      : ==>  Preparing: SELECT * FROM user WHERE id = ?
2026-02-14 23:12:19.557 DEBUG 28248 --- [http-nio-8080-exec-7] org.example.dao.UserMapper.findById      : ==> Parameters: 0(Integer)
2026-02-14 23:12:19.557 DEBUG 28248 --- [http-nio-8080-exec-7] org.example.dao.UserMapper.findById      : <==      Total: 0
2026-02-14 23:12:19.557 DEBUG 28248 --- [http-nio-8080-exec-7] m.m.a.RequestResponseBodyMethodProcessor : Using 'application/json', given [*/*] and supported [application/json, application/*+json, application/json, application/*+json]
2026-02-14 23:12:19.558 DEBUG 28248 --- [http-nio-8080-exec-7] m.m.a.RequestResponseBodyMethodProcessor : Writing [org.example.common.ResponseResult@699d543e]
2026-02-14 23:12:19.558 DEBUG 28248 --- [http-nio-8080-exec-7] o.s.web.servlet.DispatcherServlet        : Completed 200 OK
2026-02-14 23:12:21.664 DEBUG 28248 --- [http-nio-8080-exec-9] o.s.web.servlet.DispatcherServlet        : GET "/attendant/orders?attendantId=21&orderStatus=&page=0&size=50", parameters={masked}
2026-02-14 23:12:21.664 DEBUG 28248 --- [http-nio-8080-exec-9] s.w.s.m.m.a.RequestMappingHandlerMapping : Mapped to org.example.controller.AttendantController#getAttendantOrders(Integer, Integer, Integer, Integer)
2026-02-14 23:12:21.667 DEBUG 28248 --- [http-nio-8080-exec-9] o.e.d.O.findAllOrdersWithPagination      : ==>  Preparing: SELECT * FROM `order` ORDER BY create_time DESC LIMIT ?, ?
2026-02-14 23:12:21.667 DEBUG 28248 --- [http-nio-8080-exec-9] o.e.d.O.findAllOrdersWithPagination      : ==> Parameters: 0(Integer), 1000(Integer)
2026-02-14 23:12:21.670 DEBUG 28248 --- [http-nio-8080-exec-9] o.e.d.O.findAllOrdersWithPagination      : <==      Total: 1
2026-02-14 23:12:21.671 DEBUG 28248 --- [http-nio-8080-exec-9] m.m.a.RequestResponseBodyMethodProcessor : Using 'application/json', given [*/*] and supported [application/json, application/*+json, application/json, application/*+json]
2026-02-14 23:12:21.671 DEBUG 28248 --- [http-nio-8080-exec-9] m.m.a.RequestResponseBodyMethodProcessor : Writing [org.example.common.ResponseResult@5c151e37]
2026-02-14 23:12:21.675 DEBUG 28248 --- [http-nio-8080-exec-9] o.s.web.servlet.DispatcherServlet        : Completed 200 OK
2026-02-14 23:12:24.108 DEBUG 28248 --- [http-nio-8080-exec-4] o.s.web.servlet.DispatcherServlet        : GET "/attendant/profile/21", parameters={}
2026-02-14 23:12:24.109 DEBUG 28248 --- [http-nio-8080-exec-4] s.w.s.m.m.a.RequestMappingHandlerMapping : Mapped to org.example.controller.AttendantController#getProfile(Integer)
2026-02-14 23:12:24.111 DEBUG 28248 --- [http-nio-8080-exec-4] org.example.dao.UserMapper.findById      : ==>  Preparing: SELECT * FROM user WHERE id = ?
2026-02-14 23:12:24.111 DEBUG 28248 --- [http-nio-8080-exec-4] org.example.dao.UserMapper.findById      : ==> Parameters: 21(Integer)
2026-02-14 23:12:24.112 DEBUG 28248 --- [http-nio-8080-exec-4] org.example.dao.UserMapper.findById      : <==      Total: 1
2026-02-14 23:12:24.112 DEBUG 28248 --- [http-nio-8080-exec-4] o.e.dao.AttendantMapper.findByUserId     : ==>  Preparing: SELECT * FROM attendant WHERE user_id = ?
2026-02-14 23:12:24.113 DEBUG 28248 --- [http-nio-8080-exec-4] o.e.dao.AttendantMapper.findByUserId     : ==> Parameters: 21(Integer)
2026-02-14 23:12:24.114 DEBUG 28248 --- [http-nio-8080-exec-4] o.e.dao.AttendantMapper.findByUserId     : <==      Total: 1
2026-02-14 23:12:24.115 DEBUG 28248 --- [http-nio-8080-exec-4] m.m.a.RequestResponseBodyMethodProcessor : Using 'application/json', given [*/*] and supported [application/json, application/*+json, application/json, application/*+json]
2026-02-14 23:12:24.115 DEBUG 28248 --- [http-nio-8080-exec-4] m.m.a.RequestResponseBodyMethodProcessor : Writing [org.example.common.ResponseResult@5b9b442c]
2026-02-14 23:12:24.116 DEBUG 28248 --- [http-nio-8080-exec-4] o.s.web.servlet.DispatcherServlet        : Completed 200 OK
2026-02-14 23:12:26.369 DEBUG 28248 --- [http-nio-8080-exec-1] o.s.web.servlet.DispatcherServlet        : GET "/api/chat/history?targetUserId=0", parameters={masked}
2026-02-14 23:12:26.370 DEBUG 28248 --- [http-nio-8080-exec-1] s.w.s.m.m.a.RequestMappingHandlerMapping : Mapped to org.example.controller.ChatController#getHistory(Integer, HttpServletRequest)
2026-02-14 23:12:26.372 DEBUG 28248 --- [http-nio-8080-exec-1] o.e.dao.ChatMessageMapper.findHistory    : ==>  Preparing: SELECT m.*, u.name as sender_name, u.avatar as sender_avatar FROM chat_message m LEFT JOIN user u ON m.sender_id = u.id WHERE (m.sender_id = ? AND m.receiver_id = ?) OR (m.sender_id = ? AND m.receiver_id = ?) ORDER BY m.create_time ASC
2026-02-14 23:12:26.373 DEBUG 28248 --- [http-nio-8080-exec-1] o.e.dao.ChatMessageMapper.findHistory    : ==> Parameters: 21(Integer), 0(Integer), 0(Integer), 21(Integer)
2026-02-14 23:12:26.374 DEBUG 28248 --- [http-nio-8080-exec-1] o.e.dao.ChatMessageMapper.findHistory    : <==      Total: 4
2026-02-14 23:12:26.374 DEBUG 28248 --- [http-nio-8080-exec-1] org.example.dao.UserMapper.findById      : ==>  Preparing: SELECT * FROM user WHERE id = ?
2026-02-14 23:12:26.374 DEBUG 28248 --- [http-nio-8080-exec-1] org.example.dao.UserMapper.findById      : ==> Parameters: 0(Integer)
2026-02-14 23:12:26.375 DEBUG 28248 --- [http-nio-8080-exec-1] org.example.dao.UserMapper.findById      : <==      Total: 0
2026-02-14 23:12:26.376 DEBUG 28248 --- [http-nio-8080-exec-1] org.example.dao.UserMapper.findById      : ==>  Preparing: SELECT * FROM user WHERE id = ?
2026-02-14 23:12:26.376 DEBUG 28248 --- [http-nio-8080-exec-1] org.example.dao.UserMapper.findById      : ==> Parameters: 0(Integer)
2026-02-14 23:12:26.377 DEBUG 28248 --- [http-nio-8080-exec-1] org.example.dao.UserMapper.findById      : <==      Total: 0
2026-02-14 23:12:26.377 DEBUG 28248 --- [http-nio-8080-exec-1] org.example.dao.UserMapper.findById      : ==>  Preparing: SELECT * FROM user WHERE id = ?
2026-02-14 23:12:26.377 DEBUG 28248 --- [http-nio-8080-exec-1] org.example.dao.UserMapper.findById      : ==> Parameters: 0(Integer)
2026-02-14 23:12:26.378 DEBUG 28248 --- [http-nio-8080-exec-1] org.example.dao.UserMapper.findById      : <==      Total: 0
2026-02-14 23:12:26.378 DEBUG 28248 --- [http-nio-8080-exec-1] org.example.dao.UserMapper.findById      : ==>  Preparing: SELECT * FROM user WHERE id = ?
2026-02-14 23:12:26.379 DEBUG 28248 --- [http-nio-8080-exec-1] org.example.dao.UserMapper.findById      : ==> Parameters: 0(Integer)
2026-02-14 23:12:26.380 DEBUG 28248 --- [http-nio-8080-exec-1] org.example.dao.UserMapper.findById      : <==      Total: 0
2026-02-14 23:12:26.381 DEBUG 28248 --- [http-nio-8080-exec-1] m.m.a.RequestResponseBodyMethodProcessor : Using 'application/json', given [*/*] and supported [application/json, application/*+json, application/json, application/*+json]
2026-02-14 23:12:26.381 DEBUG 28248 --- [http-nio-8080-exec-1] m.m.a.RequestResponseBodyMethodProcessor : Writing [org.example.common.ResponseResult@724445b0]
2026-02-14 23:12:26.381 DEBUG 28248 --- [http-nio-8080-exec-1] o.s.web.servlet.DispatcherServlet        : Completed 200 OK
2026-02-14 23:12:36.673 DEBUG 28248 --- [http-nio-8080-exec-3] o.s.web.servlet.DispatcherServlet        : GET "/attendant/orders?attendantId=21&orderStatus=&page=0&size=50", parameters={masked}
2026-02-14 23:12:36.674 DEBUG 28248 --- [http-nio-8080-exec-3] s.w.s.m.m.a.RequestMappingHandlerMapping : Mapped to org.example.controller.AttendantController#getAttendantOrders(Integer, Integer, Integer, Integer)
2026-02-14 23:12:36.675 DEBUG 28248 --- [http-nio-8080-exec-3] o.e.d.O.findAllOrdersWithPagination      : ==>  Preparing: SELECT * FROM `order` ORDER BY create_time DESC LIMIT ?, ?
2026-02-14 23:12:36.675 DEBUG 28248 --- [http-nio-8080-exec-3] o.e.d.O.findAllOrdersWithPagination      : ==> Parameters: 0(Integer), 1000(Integer)
2026-02-14 23:12:36.676 DEBUG 28248 --- [http-nio-8080-exec-3] o.e.d.O.findAllOrdersWithPagination      : <==      Total: 1
2026-02-14 23:12:36.676 DEBUG 28248 --- [http-nio-8080-exec-3] m.m.a.RequestResponseBodyMethodProcessor : Using 'application/json', given [*/*] and supported [application/json, application/*+json, application/json, application/*+json]
2026-02-14 23:12:36.676 DEBUG 28248 --- [http-nio-8080-exec-3] m.m.a.RequestResponseBodyMethodProcessor : Writing [org.example.common.ResponseResult@1840f608]
2026-02-14 23:12:36.677 DEBUG 28248 --- [http-nio-8080-exec-3] o.s.web.servlet.DispatcherServlet        : Completed 200 OK
2026-02-14 23:12:43.501 DEBUG 28248 --- [http-nio-8080-exec-7] o.s.web.servlet.DispatcherServlet        : GET "/attendant/recommended", parameters={}
2026-02-14 23:12:43.503 DEBUG 28248 --- [http-nio-8080-exec-7] s.w.s.m.m.a.RequestMappingHandlerMapping : Mapped to org.example.controller.AttendantController#getRecommendedAttendants()
2026-02-14 23:12:43.504 DEBUG 28248 --- [http-nio-8080-exec-7] o.e.dao.AttendantMapper.findRecommended  : ==>  Preparing: SELECT * FROM attendant WHERE status = 1 ORDER BY score DESC, experience_years DESC LIMIT 10
2026-02-14 23:12:43.504 DEBUG 28248 --- [http-nio-8080-exec-7] o.e.dao.AttendantMapper.findRecommended  : ==> Parameters: 
2026-02-14 23:12:43.505 DEBUG 28248 --- [http-nio-8080-exec-7] o.e.dao.AttendantMapper.findRecommended  : <==      Total: 5
2026-02-14 23:12:43.506 DEBUG 28248 --- [http-nio-8080-exec-7] org.example.dao.UserMapper.findById      : ==>  Preparing: SELECT * FROM user WHERE id = ?
2026-02-14 23:12:43.506 DEBUG 28248 --- [http-nio-8080-exec-7] org.example.dao.UserMapper.findById      : ==> Parameters: 21(Integer)
2026-02-14 23:12:43.507 DEBUG 28248 --- [http-nio-8080-exec-7] org.example.dao.UserMapper.findById      : <==      Total: 1
2026-02-14 23:12:43.507 DEBUG 28248 --- [http-nio-8080-exec-7] org.example.dao.UserMapper.findById      : ==>  Preparing: SELECT * FROM user WHERE id = ?
2026-02-14 23:12:43.507 DEBUG 28248 --- [http-nio-8080-exec-7] org.example.dao.UserMapper.findById      : ==> Parameters: 23(Integer)
2026-02-14 23:12:43.508 DEBUG 28248 --- [http-nio-8080-exec-7] org.example.dao.UserMapper.findById      : <==      Total: 1
2026-02-14 23:12:43.508 DEBUG 28248 --- [http-nio-8080-exec-7] org.example.dao.UserMapper.findById      : ==>  Preparing: SELECT * FROM user WHERE id = ?
2026-02-14 23:12:43.509 DEBUG 28248 --- [http-nio-8080-exec-7] org.example.dao.UserMapper.findById      : ==> Parameters: 24(Integer)
2026-02-14 23:12:43.509 DEBUG 28248 --- [http-nio-8080-exec-7] org.example.dao.UserMapper.findById      : <==      Total: 1
2026-02-14 23:12:43.510 DEBUG 28248 --- [http-nio-8080-exec-7] org.example.dao.UserMapper.findById      : ==>  Preparing: SELECT * FROM user WHERE id = ?
2026-02-14 23:12:43.510 DEBUG 28248 --- [http-nio-8080-exec-7] org.example.dao.UserMapper.findById      : ==> Parameters: 25(Integer)
2026-02-14 23:12:43.511 DEBUG 28248 --- [http-nio-8080-exec-7] org.example.dao.UserMapper.findById      : <==      Total: 1
2026-02-14 23:12:43.511 DEBUG 28248 --- [http-nio-8080-exec-7] org.example.dao.UserMapper.findById      : ==>  Preparing: SELECT * FROM user WHERE id = ?
2026-02-14 23:12:43.511 DEBUG 28248 --- [http-nio-8080-exec-7] org.example.dao.UserMapper.findById      : ==> Parameters: 1(Integer)
2026-02-14 23:12:43.512 DEBUG 28248 --- [http-nio-8080-exec-7] org.example.dao.UserMapper.findById      : <==      Total: 1
2026-02-14 23:12:43.512 DEBUG 28248 --- [http-nio-8080-exec-7] m.m.a.RequestResponseBodyMethodProcessor : Using 'application/json', given [*/*] and supported [application/json, application/*+json, application/json, application/*+json]
2026-02-14 23:12:43.513 DEBUG 28248 --- [http-nio-8080-exec-7] m.m.a.RequestResponseBodyMethodProcessor : Writing [org.example.common.ResponseResult@50c25262]
2026-02-14 23:12:43.513 DEBUG 28248 --- [http-nio-8080-exec-7] o.s.web.servlet.DispatcherServlet        : Completed 200 OK
2026-02-14 23:12:49.217 DEBUG 28248 --- [http-nio-8080-exec-2] s.w.s.h.LoggingWebSocketHandlerDecorator : StandardWebSocketSession[id=f115cf8f-35fa-8dff-4ddb-339149e48d38, uri=ws://localhost:8080/ws/chat?userId=15] closed with CloseStatus[code=1001, reason=null]
2026-02-14 23:12:49.218  INFO 28248 --- [http-nio-8080-exec-2] o.example.handler.ChatWebSocketHandler   : 聊天 WebSocket 连接断开: 用户 15
2026-02-14 23:12:49.218 DEBUG 28248 --- [http-nio-8080-exec-3] s.w.s.h.LoggingWebSocketHandlerDecorator : StandardWebSocketSession[id=2e6aa784-50e9-79e1-6aee-d6ee688d7dd6, uri=ws://localhost:8080/ws/orders?userId=15] closed with CloseStatus[code=1001, reason=null]
2026-02-14 23:12:49.218 DEBUG 28248 --- [http-nio-8080-exec-9] s.w.s.h.LoggingWebSocketHandlerDecorator : StandardWebSocketSession[id=cfa9f839-6a85-5fe4-955a-e19e275e0959, uri=ws://localhost:8080/ws/chat?userId=15] closed with CloseStatus[code=1001, reason=null]
2026-02-14 23:12:49.218 DEBUG 28248 --- [http-nio-8080-exec-10] s.w.s.h.LoggingWebSocketHandlerDecorator : StandardWebSocketSession[id=71ec1193-70fc-0c91-b712-31fb677dd4e7, uri=ws://localhost:8080/ws/chat?userId=15] closed with CloseStatus[code=1001, reason=null]
2026-02-14 23:12:49.218 DEBUG 28248 --- [http-nio-8080-exec-6] s.w.s.h.LoggingWebSocketHandlerDecorator : StandardWebSocketSession[id=878a11b3-b41c-e078-c5ea-c7a8228a80c3, uri=ws://localhost:8080/ws/orders?userId=15] closed with CloseStatus[code=1001, reason=null]
2026-02-14 23:12:49.218 DEBUG 28248 --- [http-nio-8080-exec-1] s.w.s.h.LoggingWebSocketHandlerDecorator : StandardWebSocketSession[id=abc3aaea-f580-ee87-af1f-aa604a7d5798, uri=ws://localhost:8080/ws/chat?userId=15] closed with CloseStatus[code=1001, reason=null]
2026-02-14 23:12:49.219  INFO 28248 --- [http-nio-8080-exec-1] o.example.handler.ChatWebSocketHandler   : 聊天 WebSocket 连接断开: 用户 15
2026-02-14 23:12:49.218 DEBUG 28248 --- [http-nio-8080-exec-4] s.w.s.h.LoggingWebSocketHandlerDecorator : StandardWebSocketSession[id=1ed54d74-44f2-3632-ac3c-adc96510c87a, uri=ws://localhost:8080/ws/chat?userId=15] closed with CloseStatus[code=1001, reason=null]
2026-02-14 23:12:49.219  INFO 28248 --- [http-nio-8080-exec-4] o.example.handler.ChatWebSocketHandler   : 聊天 WebSocket 连接断开: 用户 15
2026-02-14 23:12:49.218 DEBUG 28248 --- [http-nio-8080-exec-8] s.w.s.h.LoggingWebSocketHandlerDecorator : StandardWebSocketSession[id=a8824c3d-8553-b38f-579a-fe4c372548a0, uri=ws://localhost:8080/ws/orders?userId=15] closed with CloseStatus[code=1001, reason=null]
2026-02-14 23:12:49.218 DEBUG 28248 --- [http-nio-8080-exec-5] s.w.s.h.LoggingWebSocketHandlerDecorator : StandardWebSocketSession[id=28d0956e-72db-19fc-4edd-82378c82573e, uri=ws://localhost:8080/ws/chat?userId=15] closed with CloseStatus[code=1001, reason=null]
2026-02-14 23:12:49.218  INFO 28248 --- [http-nio-8080-exec-3] o.example.handler.OrderWebSocketHandler  : 用户 15 断开 WebSocket 连接
2026-02-14 23:12:49.219  INFO 28248 --- [http-nio-8080-exec-9] o.example.handler.ChatWebSocketHandler   : 聊天 WebSocket 连接断开: 用户 15
2026-02-14 23:12:49.219  INFO 28248 --- [http-nio-8080-exec-10] o.example.handler.ChatWebSocketHandler   : 聊天 WebSocket 连接断开: 用户 15
2026-02-14 23:12:49.219  INFO 28248 --- [http-nio-8080-exec-6] o.example.handler.OrderWebSocketHandler  : 用户 15 断开 WebSocket 连接
2026-02-14 23:12:49.220  INFO 28248 --- [http-nio-8080-exec-8] o.example.handler.OrderWebSocketHandler  : 用户 15 断开 WebSocket 连接
2026-02-14 23:12:49.220  INFO 28248 --- [http-nio-8080-exec-5] o.example.handler.ChatWebSocketHandler   : 聊天 WebSocket 连接断开: 用户 15
2026-02-14 23:12:50.038 DEBUG 28248 --- [http-nio-8080-exec-7] s.w.s.h.LoggingWebSocketHandlerDecorator : StandardWebSocketSession[id=477e9a3b-c963-02ac-ebb4-9605cca0f1cc, uri=ws://localhost:8080/ws/chat?userId=21] closed with CloseStatus[code=1001, reason=null]
2026-02-14 23:12:50.038 DEBUG 28248 --- [http-nio-8080-exec-3] s.w.s.h.LoggingWebSocketHandlerDecorator : StandardWebSocketSession[id=f44a49eb-9165-1a96-48bb-d51321d06dfb, uri=ws://localhost:8080/ws/chat?userId=21] closed with CloseStatus[code=1001, reason=null]
2026-02-14 23:12:50.038 DEBUG 28248 --- [http-nio-8080-exec-4] s.w.s.h.LoggingWebSocketHandlerDecorator : StandardWebSocketSession[id=216e8db4-868e-cdc3-977f-abd451f75a5e, uri=ws://localhost:8080/ws/chat?userId=21] closed with CloseStatus[code=1001, reason=null]
2026-02-14 23:12:50.038 DEBUG 28248 --- [http-nio-8080-exec-1] s.w.s.h.LoggingWebSocketHandlerDecorator : StandardWebSocketSession[id=0212b861-3b54-dc57-7dc4-86f143a39c8e, uri=ws://localhost:8080/ws/chat?userId=21] closed with CloseStatus[code=1001, reason=null]
2026-02-14 23:12:50.038  INFO 28248 --- [http-nio-8080-exec-3] o.example.handler.ChatWebSocketHandler   : 聊天 WebSocket 连接断开: 用户 21
2026-02-14 23:12:50.038  INFO 28248 --- [http-nio-8080-exec-7] o.example.handler.ChatWebSocketHandler   : 聊天 WebSocket 连接断开: 用户 21
2026-02-14 23:12:50.038 DEBUG 28248 --- [http-nio-8080-exec-2] s.w.s.h.LoggingWebSocketHandlerDecorator : StandardWebSocketSession[id=d32c0814-e43f-373b-d150-4543b75f2954, uri=ws://localhost:8080/ws/chat?userId=21] closed with CloseStatus[code=1001, reason=null]
2026-02-14 23:12:50.039  INFO 28248 --- [http-nio-8080-exec-4] o.example.handler.ChatWebSocketHandler   : 聊天 WebSocket 连接断开: 用户 21
2026-02-14 23:12:50.039  INFO 28248 --- [http-nio-8080-exec-1] o.example.handler.ChatWebSocketHandler   : 聊天 WebSocket 连接断开: 用户 21
2026-02-14 23:12:50.039  INFO 28248 --- [http-nio-8080-exec-2] o.example.handler.ChatWebSocketHandler   : 聊天 WebSocket 连接断开: 用户 21
2026-02-15 13:22:21.402  INFO 17400 --- [main] org.example.DbTestApplication            : Starting DbTestApplication using Java 17.0.16 on xiaowu with PID 17400 (C:\Users\33613\Desktop\yuanban-master\target\classes started by 33613 in C:\Users\33613\Desktop\yuanban-master)
2026-02-15 13:22:21.405  INFO 17400 --- [main] org.example.DbTestApplication            : The following 1 profile is active: "dev"
2026-02-15 13:22:21.405 DEBUG 17400 --- [main] o.s.boot.SpringApplication               : Loading source class org.example.DbTestApplication
2026-02-15 13:22:21.467 DEBUG 17400 --- [main] ConfigServletWebServerApplicationContext : Refreshing org.springframework.boot.web.servlet.context.AnnotationConfigServletWebServerApplicationContext@5f20155b
2026-02-15 13:22:22.564 DEBUG 17400 --- [main] org.apache.ibatis.logging.LogFactory     : Logging initialized using 'class org.apache.ibatis.logging.slf4j.Slf4jImpl' adapter.
2026-02-15 13:22:23.248 DEBUG 17400 --- [main] .s.b.w.e.t.TomcatServletWebServerFactory : Code archive: C:\Users\33613\.m2\repository\org\springframework\boot\spring-boot\2.7.17\spring-boot-2.7.17.jar
2026-02-15 13:22:23.248 DEBUG 17400 --- [main] .s.b.w.e.t.TomcatServletWebServerFactory : Code archive: C:\Users\33613\.m2\repository\org\springframework\boot\spring-boot\2.7.17\spring-boot-2.7.17.jar
2026-02-15 13:22:23.249 DEBUG 17400 --- [main] .s.b.w.e.t.TomcatServletWebServerFactory : None of the document roots [src/main/webapp, public, static] point to a directory and will be ignored.
2026-02-15 13:22:23.277  INFO 17400 --- [main] o.s.b.w.embedded.tomcat.TomcatWebServer  : Tomcat initialized with port(s): 8080 (http)
2026-02-15 13:22:23.290  INFO 17400 --- [main] o.apache.catalina.core.StandardService   : Starting service [Tomcat]
2026-02-15 13:22:23.290  INFO 17400 --- [main] org.apache.catalina.core.StandardEngine  : Starting Servlet engine: [Apache Tomcat/9.0.82]
2026-02-15 13:22:23.463  INFO 17400 --- [main] o.a.c.c.C.[Tomcat].[localhost].[/]       : Initializing Spring embedded WebApplicationContext
2026-02-15 13:22:23.464 DEBUG 17400 --- [main] w.s.c.ServletWebServerApplicationContext : Published root WebApplicationContext as ServletContext attribute with name [org.springframework.web.context.WebApplicationContext.ROOT]
2026-02-15 13:22:23.464  INFO 17400 --- [main] w.s.c.ServletWebServerApplicationContext : Root WebApplicationContext: initialization completed in 1997 ms
2026-02-15 13:22:23.513 DEBUG 17400 --- [main] o.s.b.w.s.ServletContextInitializerBeans : Mapping filters: characterEncodingFilter urls=[/*] order=-2147483648, formContentFilter urls=[/*] order=-9900, requestContextFilter urls=[/*] order=-105, corsFilter urls=[/*] order=2147483647
2026-02-15 13:22:23.513 DEBUG 17400 --- [main] o.s.b.w.s.ServletContextInitializerBeans : Mapping servlets: dispatcherServlet urls=[/]
2026-02-15 13:22:23.547 DEBUG 17400 --- [main] o.s.b.w.s.f.OrderedRequestContextFilter  : Filter 'requestContextFilter' configured for use
2026-02-15 13:22:23.548 DEBUG 17400 --- [main] o.springframework.web.filter.CorsFilter  : Filter 'corsFilter' configured for use
2026-02-15 13:22:23.548 DEBUG 17400 --- [main] s.b.w.s.f.OrderedCharacterEncodingFilter : Filter 'characterEncodingFilter' configured for use
2026-02-15 13:22:23.548 DEBUG 17400 --- [main] o.s.b.w.s.f.OrderedFormContentFilter     : Filter 'formContentFilter' configured for use
2026-02-15 13:22:24.627 DEBUG 17400 --- [main] s.w.s.m.m.a.RequestMappingHandlerMapping : 45 mappings in 'requestMappingHandlerMapping'
2026-02-15 13:22:24.720 DEBUG 17400 --- [main] o.s.w.s.s.s.WebSocketHandlerMapping      : Patterns [/ws/orders, /ws/chat] in 'webSocketHandlerMapping'
2026-02-15 13:22:24.826 DEBUG 17400 --- [main] s.w.s.m.m.a.RequestMappingHandlerAdapter : ControllerAdvice beans: 0 @ModelAttribute, 0 @InitBinder, 1 RequestBodyAdvice, 1 ResponseBodyAdvice
2026-02-15 13:22:24.917 DEBUG 17400 --- [main] o.s.w.s.handler.SimpleUrlHandlerMapping  : Patterns [/swagger-ui/] in 'viewControllerHandlerMapping'
2026-02-15 13:22:24.942 DEBUG 17400 --- [main] o.s.w.s.handler.SimpleUrlHandlerMapping  : Patterns [/webjars/**, /**, /uploads/**, /swagger-ui/**] in 'resourceHandlerMapping'
2026-02-15 13:22:24.951 DEBUG 17400 --- [main] .m.m.a.ExceptionHandlerExceptionResolver : ControllerAdvice beans: 1 @ExceptionHandler, 1 ResponseBodyAdvice
2026-02-15 13:22:24.986 DEBUG 17400 --- [main] o.s.b.a.AutoConfigurationPackages        : @EnableAutoConfiguration was declared on a class in the package 'org.example'. Automatic @Repository and @Entity scanning is enabled.
2026-02-15 13:22:25.110  INFO 17400 --- [main] o.s.b.w.embedded.tomcat.TomcatWebServer  : Tomcat started on port(s): 8080 (http) with context path ''
2026-02-15 13:22:25.702 DEBUG 17400 --- [main] ConditionEvaluationReportLoggingListener : 


============================
CONDITIONS EVALUATION REPORT
============================


Positive matches:
-----------------

   AopAutoConfiguration matched:
      - @ConditionalOnProperty (spring.aop.auto=true) matched (OnPropertyCondition)

   AopAutoConfiguration.ClassProxyingConfiguration matched:
      - @ConditionalOnMissingClass did not find unwanted class 'org.aspectj.weaver.Advice' (OnClassCondition)
      - @ConditionalOnProperty (spring.aop.proxy-target-class=true) matched (OnPropertyCondition)

   ApplicationAvailabilityAutoConfiguration#applicationAvailability matched:
      - @ConditionalOnMissingBean (types: org.springframework.boot.availability.ApplicationAvailability; SearchStrategy: all) did not find any beans (OnBeanCondition)

   BeanValidatorPluginsConfiguration matched:
      - @ConditionalOnClass found required class 'javax.validation.executable.ExecutableValidator' (OnClassCondition)

   DataSourceAutoConfiguration matched:
      - @ConditionalOnClass found required classes 'javax.sql.DataSource', 'org.springframework.jdbc.datasource.embedded.EmbeddedDatabaseType' (OnClassCondition)
      - @ConditionalOnMissingBean (types: io.r2dbc.spi.ConnectionFactory; SearchStrategy: all) did not find any beans (OnBeanCondition)

   DataSourceAutoConfiguration.PooledDataSourceConfiguration matched:
      - AnyNestedCondition 1 matched 1 did not; NestedCondition on DataSourceAutoConfiguration.PooledDataSourceCondition.PooledDataSourceAvailable PooledDataSource found supported DataSource; NestedCondition on DataSourceAutoConfiguration.PooledDataSourceCondition.ExplicitType @ConditionalOnProperty (spring.datasource.type) did not find property 'type' (DataSourceAutoConfiguration.PooledDataSourceCondition)
      - @ConditionalOnMissingBean (types: javax.sql.DataSource,javax.sql.XADataSource; SearchStrategy: all) did not find any beans (OnBeanCondition)

   DataSourceConfiguration.Hikari matched:
      - @ConditionalOnClass found required class 'com.zaxxer.hikari.HikariDataSource' (OnClassCondition)
      - @ConditionalOnProperty (spring.datasource.type=com.zaxxer.hikari.HikariDataSource) matched (OnPropertyCondition)
      - @ConditionalOnMissingBean (types: javax.sql.DataSource; SearchStrategy: all) did not find any beans (OnBeanCondition)

   DataSourceInitializationConfiguration matched:
      - @ConditionalOnClass found required class 'org.springframework.jdbc.datasource.init.DatabasePopulator' (OnClassCondition)
      - @ConditionalOnSingleCandidate (types: javax.sql.DataSource; SearchStrategy: all) found a single bean 'dataSource'; @ConditionalOnMissingBean (types: org.springframework.boot.autoconfigure.sql.init.SqlDataSourceScriptDatabaseInitializer,org.springframework.boot.autoconfigure.sql.init.SqlR2dbcScriptDatabaseInitializer; SearchStrategy: all) did not find any beans (OnBeanCondition)

   DataSourceJmxConfiguration matched:
      - @ConditionalOnProperty (spring.jmx.enabled=true) matched (OnPropertyCondition)

   DataSourceJmxConfiguration.Hikari matched:
      - @ConditionalOnClass found required class 'com.zaxxer.hikari.HikariDataSource' (OnClassCondition)
      - @ConditionalOnSingleCandidate (types: javax.sql.DataSource; SearchStrategy: all) found a single bean 'dataSource' (OnBeanCondition)

   DataSourcePoolMetadataProvidersConfiguration.HikariPoolDataSourceMetadataProviderConfiguration matched:
      - @ConditionalOnClass found required class 'com.zaxxer.hikari.HikariDataSource' (OnClassCondition)

   DataSourceTransactionManagerAutoConfiguration matched:
      - @ConditionalOnClass found required classes 'org.springframework.jdbc.core.JdbcTemplate', 'org.springframework.transaction.TransactionManager' (OnClassCondition)

   DataSourceTransactionManagerAutoConfiguration.JdbcTransactionManagerConfiguration matched:
      - @ConditionalOnSingleCandidate (types: javax.sql.DataSource; SearchStrategy: all) found a single bean 'dataSource' (OnBeanCondition)

   DataSourceTransactionManagerAutoConfiguration.JdbcTransactionManagerConfiguration#transactionManager matched:
      - @ConditionalOnMissingBean (types: org.springframework.transaction.TransactionManager; SearchStrategy: all) did not find any beans (OnBeanCondition)

   DispatcherServletAutoConfiguration matched:
      - @ConditionalOnClass found required class 'org.springframework.web.servlet.DispatcherServlet' (OnClassCondition)
      - found 'session' scope (OnWebApplicationCondition)

   DispatcherServletAutoConfiguration.DispatcherServletConfiguration matched:
      - @ConditionalOnClass found required class 'javax.servlet.ServletRegistration' (OnClassCondition)
      - Default DispatcherServlet did not find dispatcher servlet beans (DispatcherServletAutoConfiguration.DefaultDispatcherServletCondition)

   DispatcherServletAutoConfiguration.DispatcherServletRegistrationConfiguration matched:
      - @ConditionalOnClass found required class 'javax.servlet.ServletRegistration' (OnClassCondition)
      - DispatcherServlet Registration did not find servlet registration bean (DispatcherServletAutoConfiguration.DispatcherServletRegistrationCondition)

   DispatcherServletAutoConfiguration.DispatcherServletRegistrationConfiguration#dispatcherServletRegistration matched:
      - @ConditionalOnBean (names: dispatcherServlet types: org.springframework.web.servlet.DispatcherServlet; SearchStrategy: all) found bean 'dispatcherServlet' (OnBeanCondition)

   EmbeddedWebServerFactoryCustomizerAutoConfiguration matched:
      - @ConditionalOnWebApplication (required) found 'session' scope (OnWebApplicationCondition)
      - @ConditionalOnWarDeployment the application is not deployed as a WAR file. (OnWarDeploymentCondition)

   EmbeddedWebServerFactoryCustomizerAutoConfiguration.TomcatWebServerFactoryCustomizerConfiguration matched:
      - @ConditionalOnClass found required classes 'org.apache.catalina.startup.Tomcat', 'org.apache.coyote.UpgradeProtocol' (OnClassCondition)

   ErrorMvcAutoConfiguration matched:
      - @ConditionalOnClass found required classes 'javax.servlet.Servlet', 'org.springframework.web.servlet.DispatcherServlet' (OnClassCondition)
      - found 'session' scope (OnWebApplicationCondition)

   ErrorMvcAutoConfiguration#basicErrorController matched:
      - @ConditionalOnMissingBean (types: org.springframework.boot.web.servlet.error.ErrorController; SearchStrategy: current) did not find any beans (OnBeanCondition)

   ErrorMvcAutoConfiguration#errorAttributes matched:
      - @ConditionalOnMissingBean (types: org.springframework.boot.web.servlet.error.ErrorAttributes; SearchStrategy: current) did not find any beans (OnBeanCondition)

   ErrorMvcAutoConfiguration.DefaultErrorViewResolverConfiguration#conventionErrorViewResolver matched:
      - @ConditionalOnBean (types: org.springframework.web.servlet.DispatcherServlet; SearchStrategy: all) found bean 'dispatcherServlet'; @ConditionalOnMissingBean (types: org.springframework.boot.autoconfigure.web.servlet.error.ErrorViewResolver; SearchStrategy: all) did not find any beans (OnBeanCondition)

   ErrorMvcAutoConfiguration.WhitelabelErrorViewConfiguration matched:
      - @ConditionalOnProperty (server.error.whitelabel.enabled) matched (OnPropertyCondition)
      - ErrorTemplate Missing did not find error template view (ErrorMvcAutoConfiguration.ErrorTemplateMissingCondition)

   ErrorMvcAutoConfiguration.WhitelabelErrorViewConfiguration#beanNameViewResolver matched:
      - @ConditionalOnMissingBean (types: org.springframework.web.servlet.view.BeanNameViewResolver; SearchStrategy: all) did not find any beans (OnBeanCondition)

   ErrorMvcAutoConfiguration.WhitelabelErrorViewConfiguration#defaultErrorView matched:
      - @ConditionalOnMissingBean (names: error; SearchStrategy: all) did not find any beans (OnBeanCondition)

   GenericCacheConfiguration matched:
      - Cache org.springframework.boot.autoconfigure.cache.GenericCacheConfiguration automatic cache type (CacheCondition)

   HttpEncodingAutoConfiguration matched:
      - @ConditionalOnClass found required class 'org.springframework.web.filter.CharacterEncodingFilter' (OnClassCondition)
      - found 'session' scope (OnWebApplicationCondition)
      - @ConditionalOnProperty (server.servlet.encoding.enabled) matched (OnPropertyCondition)

   HttpEncodingAutoConfiguration#characterEncodingFilter matched:
      - @ConditionalOnMissingBean (types: org.springframework.web.filter.CharacterEncodingFilter; SearchStrategy: all) did not find any beans (OnBeanCondition)

   HttpMessageConvertersAutoConfiguration matched:
      - @ConditionalOnClass found required class 'org.springframework.http.converter.HttpMessageConverter' (OnClassCondition)
      - NoneNestedConditions 0 matched 1 did not; NestedCondition on HttpMessageConvertersAutoConfiguration.NotReactiveWebApplicationCondition.ReactiveWebApplication did not find reactive web application classes (HttpMessageConvertersAutoConfiguration.NotReactiveWebApplicationCondition)

   HttpMessageConvertersAutoConfiguration#messageConverters matched:
      - @ConditionalOnMissingBean (types: org.springframework.boot.autoconfigure.http.HttpMessageConverters; SearchStrategy: all) did not find any beans (OnBeanCondition)

   HttpMessageConvertersAutoConfiguration.StringHttpMessageConverterConfiguration matched:
      - @ConditionalOnClass found required class 'org.springframework.http.converter.StringHttpMessageConverter' (OnClassCondition)

   HttpMessageConvertersAutoConfiguration.StringHttpMessageConverterConfiguration#stringHttpMessageConverter matched:
      - @ConditionalOnMissingBean (types: org.springframework.http.converter.StringHttpMessageConverter; SearchStrategy: all) did not find any beans (OnBeanCondition)

   JacksonAutoConfiguration matched:
      - @ConditionalOnClass found required class 'com.fasterxml.jackson.databind.ObjectMapper' (OnClassCondition)

   JacksonAutoConfiguration.Jackson2ObjectMapperBuilderCustomizerConfiguration matched:
      - @ConditionalOnClass found required class 'org.springframework.http.converter.json.Jackson2ObjectMapperBuilder' (OnClassCondition)

   JacksonAutoConfiguration.JacksonObjectMapperBuilderConfiguration matched:
      - @ConditionalOnClass found required class 'org.springframework.http.converter.json.Jackson2ObjectMapperBuilder' (OnClassCondition)

   JacksonAutoConfiguration.JacksonObjectMapperBuilderConfiguration#jacksonObjectMapperBuilder matched:
      - @ConditionalOnMissingBean (types: org.springframework.http.converter.json.Jackson2ObjectMapperBuilder; SearchStrategy: all) did not find any beans (OnBeanCondition)

   JacksonAutoConfiguration.JacksonObjectMapperConfiguration matched:
      - @ConditionalOnClass found required class 'org.springframework.http.converter.json.Jackson2ObjectMapperBuilder' (OnClassCondition)

   JacksonAutoConfiguration.ParameterNamesModuleConfiguration matched:
      - @ConditionalOnClass found required class 'com.fasterxml.jackson.module.paramnames.ParameterNamesModule' (OnClassCondition)

   JacksonAutoConfiguration.ParameterNamesModuleConfiguration#parameterNamesModule matched:
      - @ConditionalOnMissingBean (types: com.fasterxml.jackson.module.paramnames.ParameterNamesModule; SearchStrategy: all) did not find any beans (OnBeanCondition)

   JacksonHttpMessageConvertersConfiguration.MappingJackson2HttpMessageConverterConfiguration matched:
      - @ConditionalOnClass found required class 'com.fasterxml.jackson.databind.ObjectMapper' (OnClassCondition)
      - @ConditionalOnProperty (spring.mvc.converters.preferred-json-mapper=jackson) matched (OnPropertyCondition)
      - @ConditionalOnBean (types: com.fasterxml.jackson.databind.ObjectMapper; SearchStrategy: all) found bean 'objectMapper' (OnBeanCondition)

   JacksonHttpMessageConvertersConfiguration.MappingJackson2HttpMessageConverterConfiguration#mappingJackson2HttpMessageConverter matched:
      - @ConditionalOnMissingBean (types: org.springframework.http.converter.json.MappingJackson2HttpMessageConverter ignored: org.springframework.hateoas.server.mvc.TypeConstrainedMappingJackson2HttpMessageConverter,org.springframework.data.rest.webmvc.alps.AlpsJsonHttpMessageConverter; SearchStrategy: all) did not find any beans (OnBeanCondition)

   JdbcTemplateAutoConfiguration matched:
      - @ConditionalOnClass found required classes 'javax.sql.DataSource', 'org.springframework.jdbc.core.JdbcTemplate' (OnClassCondition)
      - @ConditionalOnSingleCandidate (types: javax.sql.DataSource; SearchStrategy: all) found a single bean 'dataSource' (OnBeanCondition)

   JdbcTemplateConfiguration matched:
      - @ConditionalOnMissingBean (types: org.springframework.jdbc.core.JdbcOperations; SearchStrategy: all) did not find any beans (OnBeanCondition)

   JtaAutoConfiguration matched:
      - @ConditionalOnClass found required class 'javax.transaction.Transaction' (OnClassCondition)
      - @ConditionalOnProperty (spring.jta.enabled) matched (OnPropertyCondition)

   LifecycleAutoConfiguration#defaultLifecycleProcessor matched:
      - @ConditionalOnMissingBean (names: lifecycleProcessor; SearchStrategy: current) did not find any beans (OnBeanCondition)

   MultipartAutoConfiguration matched:
      - @ConditionalOnClass found required classes 'javax.servlet.Servlet', 'org.springframework.web.multipart.support.StandardServletMultipartResolver', 'javax.servlet.MultipartConfigElement' (OnClassCondition)
      - found 'session' scope (OnWebApplicationCondition)
      - @ConditionalOnProperty (spring.servlet.multipart.enabled) matched (OnPropertyCondition)

   MultipartAutoConfiguration#multipartConfigElement matched:
      - @ConditionalOnMissingBean (types: javax.servlet.MultipartConfigElement,org.springframework.web.multipart.commons.CommonsMultipartResolver; SearchStrategy: all) did not find any beans (OnBeanCondition)

   MultipartAutoConfiguration#multipartResolver matched:
      - @ConditionalOnMissingBean (types: org.springframework.web.multipart.MultipartResolver; SearchStrategy: all) did not find any beans (OnBeanCondition)

   MybatisAutoConfiguration matched:
      - @ConditionalOnClass found required classes 'org.apache.ibatis.session.SqlSessionFactory', 'org.mybatis.spring.SqlSessionFactoryBean' (OnClassCondition)
      - @ConditionalOnSingleCandidate (types: javax.sql.DataSource; SearchStrategy: all) found a single bean 'dataSource' (OnBeanCondition)

   MybatisAutoConfiguration#sqlSessionFactory matched:
      - @ConditionalOnMissingBean (types: org.apache.ibatis.session.SqlSessionFactory; SearchStrategy: all) did not find any beans (OnBeanCondition)

   MybatisAutoConfiguration#sqlSessionTemplate matched:
      - @ConditionalOnMissingBean (types: org.mybatis.spring.SqlSessionTemplate; SearchStrategy: all) did not find any beans (OnBeanCondition)

   MybatisLanguageDriverAutoConfiguration matched:
      - @ConditionalOnClass found required class 'org.apache.ibatis.scripting.LanguageDriver' (OnClassCondition)

   NamedParameterJdbcTemplateConfiguration matched:
      - @ConditionalOnSingleCandidate (types: org.springframework.jdbc.core.JdbcTemplate; SearchStrategy: all) found a single bean 'jdbcTemplate'; @ConditionalOnMissingBean (types: org.springframework.jdbc.core.namedparam.NamedParameterJdbcOperations; SearchStrategy: all) did not find any beans (OnBeanCondition)

   NoOpCacheConfiguration matched:
      - Cache org.springframework.boot.autoconfigure.cache.NoOpCacheConfiguration automatic cache type (CacheCondition)

   OpenApiAutoConfiguration matched:
      - @ConditionalOnProperty (springfox.documentation.enabled=true) matched (OnPropertyCondition)

   OpenApiControllerWebMvc matched:
      - found 'session' scope (OnWebApplicationCondition)

   OpenApiWebMvcConfiguration matched:
      - found 'session' scope (OnWebApplicationCondition)

   PersistenceExceptionTranslationAutoConfiguration matched:
      - @ConditionalOnClass found required class 'org.springframework.dao.annotation.PersistenceExceptionTranslationPostProcessor' (OnClassCondition)

   PersistenceExceptionTranslationAutoConfiguration#persistenceExceptionTranslationPostProcessor matched:
      - @ConditionalOnProperty (spring.dao.exceptiontranslation.enabled) matched (OnPropertyCondition)
      - @ConditionalOnMissingBean (types: org.springframework.dao.annotation.PersistenceExceptionTranslationPostProcessor; SearchStrategy: all) did not find any beans (OnBeanCondition)

   PropertyPlaceholderAutoConfiguration#propertySourcesPlaceholderConfigurer matched:
      - @ConditionalOnMissingBean (types: org.springframework.context.support.PropertySourcesPlaceholderConfigurer; SearchStrategy: current) did not find any beans (OnBeanCondition)

   RestTemplateAutoConfiguration matched:
      - @ConditionalOnClass found required class 'org.springframework.web.client.RestTemplate' (OnClassCondition)
      - NoneNestedConditions 0 matched 1 did not; NestedCondition on RestTemplateAutoConfiguration.NotReactiveWebApplicationCondition.ReactiveWebApplication did not find reactive web application classes (RestTemplateAutoConfiguration.NotReactiveWebApplicationCondition)

   RestTemplateAutoConfiguration#restTemplateBuilder matched:
      - @ConditionalOnMissingBean (types: org.springframework.boot.web.client.RestTemplateBuilder; SearchStrategy: all) did not find any beans (OnBeanCondition)

   RestTemplateAutoConfiguration#restTemplateBuilderConfigurer matched:
      - @ConditionalOnMissingBean (types: org.springframework.boot.autoconfigure.web.client.RestTemplateBuilderConfigurer; SearchStrategy: all) did not find any beans (OnBeanCondition)

   ServletWebServerFactoryAutoConfiguration matched:
      - @ConditionalOnClass found required class 'javax.servlet.ServletRequest' (OnClassCondition)
      - found 'session' scope (OnWebApplicationCondition)

   ServletWebServerFactoryAutoConfiguration#tomcatServletWebServerFactoryCustomizer matched:
      - @ConditionalOnClass found required class 'org.apache.catalina.startup.Tomcat' (OnClassCondition)

   ServletWebServerFactoryConfiguration.EmbeddedTomcat matched:
      - @ConditionalOnClass found required classes 'javax.servlet.Servlet', 'org.apache.catalina.startup.Tomcat', 'org.apache.coyote.UpgradeProtocol' (OnClassCondition)
      - @ConditionalOnMissingBean (types: org.springframework.boot.web.servlet.server.ServletWebServerFactory; SearchStrategy: current) did not find any beans (OnBeanCondition)

   SimpleCacheConfiguration matched:
      - Cache org.springframework.boot.autoconfigure.cache.SimpleCacheConfiguration automatic cache type (CacheCondition)

   SpringfoxWebMvcConfiguration matched:
      - found 'session' scope (OnWebApplicationCondition)

   SqlInitializationAutoConfiguration matched:
      - @ConditionalOnProperty (spring.sql.init.enabled) matched (OnPropertyCondition)
      - NoneNestedConditions 0 matched 1 did not; NestedCondition on SqlInitializationAutoConfiguration.SqlInitializationModeCondition.ModeIsNever @ConditionalOnProperty (spring.sql.init.mode=never) did not find property 'mode' (SqlInitializationAutoConfiguration.SqlInitializationModeCondition)

   Swagger2ControllerWebMvc matched:
      - found 'session' scope (OnWebApplicationCondition)

   Swagger2WebMvcConfiguration matched:
      - found 'session' scope (OnWebApplicationCondition)

   SwaggerUiWebMvcConfiguration matched:
      - found 'session' scope (OnWebApplicationCondition)
      - @ConditionalOnProperty (springfox.documentation.swagger-ui.enabled=true) matched (OnPropertyCondition)

   TaskExecutionAutoConfiguration matched:
      - @ConditionalOnClass found required class 'org.springframework.scheduling.concurrent.ThreadPoolTaskExecutor' (OnClassCondition)

   TaskExecutionAutoConfiguration#applicationTaskExecutor matched:
      - @ConditionalOnMissingBean (types: java.util.concurrent.Executor; SearchStrategy: all) did not find any beans (OnBeanCondition)

   TaskExecutionAutoConfiguration#taskExecutorBuilder matched:
      - @ConditionalOnMissingBean (types: org.springframework.boot.task.TaskExecutorBuilder; SearchStrategy: all) did not find any beans (OnBeanCondition)

   TaskSchedulingAutoConfiguration matched:
      - @ConditionalOnClass found required class 'org.springframework.scheduling.concurrent.ThreadPoolTaskScheduler' (OnClassCondition)

   TaskSchedulingAutoConfiguration#taskSchedulerBuilder matched:
      - @ConditionalOnMissingBean (types: org.springframework.boot.task.TaskSchedulerBuilder; SearchStrategy: all) did not find any beans (OnBeanCondition)

   TransactionAutoConfiguration matched:
      - @ConditionalOnClass found required class 'org.springframework.transaction.PlatformTransactionManager' (OnClassCondition)

   TransactionAutoConfiguration#platformTransactionManagerCustomizers matched:
      - @ConditionalOnMissingBean (types: org.springframework.boot.autoconfigure.transaction.TransactionManagerCustomizers; SearchStrategy: all) did not find any beans (OnBeanCondition)

   TransactionAutoConfiguration.EnableTransactionManagementConfiguration matched:
      - @ConditionalOnBean (types: org.springframework.transaction.TransactionManager; SearchStrategy: all) found bean 'transactionManager'; @ConditionalOnMissingBean (types: org.springframework.transaction.annotation.AbstractTransactionManagementConfiguration; SearchStrategy: all) did not find any beans (OnBeanCondition)

   TransactionAutoConfiguration.EnableTransactionManagementConfiguration.CglibAutoProxyConfiguration matched:
      - @ConditionalOnProperty (spring.aop.proxy-target-class=true) matched (OnPropertyCondition)

   TransactionAutoConfiguration.TransactionTemplateConfiguration matched:
      - @ConditionalOnSingleCandidate (types: org.springframework.transaction.PlatformTransactionManager; SearchStrategy: all) found a single bean 'transactionManager' (OnBeanCondition)

   TransactionAutoConfiguration.TransactionTemplateConfiguration#transactionTemplate matched:
      - @ConditionalOnMissingBean (types: org.springframework.transaction.support.TransactionOperations; SearchStrategy: all) did not find any beans (OnBeanCondition)

   ValidationAutoConfiguration matched:
      - @ConditionalOnClass found required class 'javax.validation.executable.ExecutableValidator' (OnClassCondition)
      - @ConditionalOnResource found location classpath:META-INF/services/javax.validation.spi.ValidationProvider (OnResourceCondition)

   ValidationAutoConfiguration#defaultValidator matched:
      - @ConditionalOnMissingBean (types: javax.validation.Validator; SearchStrategy: all) did not find any beans (OnBeanCondition)

   ValidationAutoConfiguration#methodValidationPostProcessor matched:
      - @ConditionalOnMissingBean (types: org.springframework.validation.beanvalidation.MethodValidationPostProcessor; SearchStrategy: current) did not find any beans (OnBeanCondition)

   WebMvcAutoConfiguration matched:
      - @ConditionalOnClass found required classes 'javax.servlet.Servlet', 'org.springframework.web.servlet.DispatcherServlet', 'org.springframework.web.servlet.config.annotation.WebMvcConfigurer' (OnClassCondition)
      - found 'session' scope (OnWebApplicationCondition)
      - @ConditionalOnMissingBean (types: org.springframework.web.servlet.config.annotation.WebMvcConfigurationSupport; SearchStrategy: all) did not find any beans (OnBeanCondition)

   WebMvcAutoConfiguration#formContentFilter matched:
      - @ConditionalOnProperty (spring.mvc.formcontent.filter.enabled) matched (OnPropertyCondition)
      - @ConditionalOnMissingBean (types: org.springframework.web.filter.FormContentFilter; SearchStrategy: all) did not find any beans (OnBeanCondition)

   WebMvcAutoConfiguration.EnableWebMvcConfiguration#flashMapManager matched:
      - @ConditionalOnMissingBean (names: flashMapManager; SearchStrategy: all) did not find any beans (OnBeanCondition)

   WebMvcAutoConfiguration.EnableWebMvcConfiguration#localeResolver matched:
      - @ConditionalOnMissingBean (names: localeResolver; SearchStrategy: all) did not find any beans (OnBeanCondition)

   WebMvcAutoConfiguration.EnableWebMvcConfiguration#themeResolver matched:
      - @ConditionalOnMissingBean (names: themeResolver; SearchStrategy: all) did not find any beans (OnBeanCondition)

   WebMvcAutoConfiguration.WebMvcAutoConfigurationAdapter#defaultViewResolver matched:
      - @ConditionalOnMissingBean (types: org.springframework.web.servlet.view.InternalResourceViewResolver; SearchStrategy: all) did not find any beans (OnBeanCondition)

   WebMvcAutoConfiguration.WebMvcAutoConfigurationAdapter#requestContextFilter matched:
      - @ConditionalOnMissingBean (types: org.springframework.web.context.request.RequestContextListener,org.springframework.web.filter.RequestContextFilter; SearchStrategy: all) did not find any beans (OnBeanCondition)

   WebMvcAutoConfiguration.WebMvcAutoConfigurationAdapter#viewResolver matched:
      - @ConditionalOnBean (types: org.springframework.web.servlet.ViewResolver; SearchStrategy: all) found beans 'defaultViewResolver', 'beanNameViewResolver', 'mvcViewResolver'; @ConditionalOnMissingBean (names: viewResolver types: org.springframework.web.servlet.view.ContentNegotiatingViewResolver; SearchStrategy: all) did not find any beans (OnBeanCondition)

   WebMvcRequestHandlerProvider matched:
      - found 'session' scope (OnWebApplicationCondition)

   WebSocketMessagingAutoConfiguration matched:
      - @ConditionalOnClass found required class 'org.springframework.web.socket.config.annotation.WebSocketMessageBrokerConfigurer' (OnClassCondition)
      - found 'session' scope (OnWebApplicationCondition)

   WebSocketServletAutoConfiguration matched:
      - @ConditionalOnClass found required classes 'javax.servlet.Servlet', 'javax.websocket.server.ServerContainer' (OnClassCondition)
      - found 'session' scope (OnWebApplicationCondition)

   WebSocketServletAutoConfiguration.TomcatWebSocketConfiguration matched:
      - @ConditionalOnClass found required classes 'org.apache.catalina.startup.Tomcat', 'org.apache.tomcat.websocket.server.WsSci' (OnClassCondition)

   WebSocketServletAutoConfiguration.TomcatWebSocketConfiguration#websocketServletWebServerCustomizer matched:
      - @ConditionalOnMissingBean (names: websocketServletWebServerCustomizer; SearchStrategy: all) did not find any beans (OnBeanCondition)


Negative matches:
-----------------

   ActiveMQAutoConfiguration:
      Did not match:
         - @ConditionalOnClass did not find required class 'javax.jms.ConnectionFactory' (OnClassCondition)

   AopAutoConfiguration.AspectJAutoProxyingConfiguration:
      Did not match:
         - @ConditionalOnClass did not find required class 'org.aspectj.weaver.Advice' (OnClassCondition)

   ArtemisAutoConfiguration:
      Did not match:
         - @ConditionalOnClass did not find required class 'javax.jms.ConnectionFactory' (OnClassCondition)

   AtomikosJtaConfiguration:
      Did not match:
         - @ConditionalOnClass did not find required class 'com.atomikos.icatch.jta.UserTransactionManager' (OnClassCondition)

   BatchAutoConfiguration:
      Did not match:
         - @ConditionalOnClass did not find required class 'org.springframework.batch.core.launch.JobLauncher' (OnClassCondition)

   Cache2kCacheConfiguration:
      Did not match:
         - @ConditionalOnClass did not find required class 'org.cache2k.Cache2kBuilder' (OnClassCondition)

   CacheAutoConfiguration:
      Did not match:
         - @ConditionalOnBean (types: org.springframework.cache.interceptor.CacheAspectSupport; SearchStrategy: all) did not find any beans of type org.springframework.cache.interceptor.CacheAspectSupport (OnBeanCondition)
      Matched:
         - @ConditionalOnClass found required class 'org.springframework.cache.CacheManager' (OnClassCondition)

   CacheAutoConfiguration.CacheManagerEntityManagerFactoryDependsOnPostProcessor:
      Did not match:
         - @ConditionalOnClass did not find required class 'org.springframework.orm.jpa.LocalContainerEntityManagerFactoryBean' (OnClassCondition)
         - Ancestor org.springframework.boot.autoconfigure.cache.CacheAutoConfiguration did not match (ConditionEvaluationReport.AncestorsMatchedCondition)

   CaffeineCacheConfiguration:
      Did not match:
         - @ConditionalOnClass did not find required class 'com.github.benmanes.caffeine.cache.Caffeine' (OnClassCondition)

   CassandraAutoConfiguration:
      Did not match:
         - @ConditionalOnClass did not find required class 'com.datastax.oss.driver.api.core.CqlSession' (OnClassCondition)

   CassandraDataAutoConfiguration:
      Did not match:
         - @ConditionalOnClass did not find required class 'com.datastax.oss.driver.api.core.CqlSession' (OnClassCondition)

   CassandraReactiveDataAutoConfiguration:
      Did not match:
         - @ConditionalOnClass did not find required class 'com.datastax.oss.driver.api.core.CqlSession' (OnClassCondition)

   CassandraReactiveRepositoriesAutoConfiguration:
      Did not match:
         - @ConditionalOnClass did not find required class 'org.springframework.data.cassandra.ReactiveSession' (OnClassCondition)

   CassandraRepositoriesAutoConfiguration:
      Did not match:
         - @ConditionalOnClass did not find required class 'com.datastax.oss.driver.api.core.CqlSession' (OnClassCondition)

   ClientHttpConnectorAutoConfiguration:
      Did not match:
         - @ConditionalOnClass did not find required class 'org.springframework.web.reactive.function.client.WebClient' (OnClassCondition)

   CodecsAutoConfiguration:
      Did not match:
         - @ConditionalOnClass did not find required class 'org.springframework.web.reactive.function.client.WebClient' (OnClassCondition)

   CouchbaseAutoConfiguration:
      Did not match:
         - @ConditionalOnClass did not find required class 'com.couchbase.client.java.Cluster' (OnClassCondition)

   CouchbaseCacheConfiguration:
      Did not match:
         - @ConditionalOnClass did not find required class 'com.couchbase.client.java.Cluster' (OnClassCondition)

   CouchbaseDataAutoConfiguration:
      Did not match:
         - @ConditionalOnClass did not find required class 'com.couchbase.client.java.Bucket' (OnClassCondition)

   CouchbaseReactiveDataAutoConfiguration:
      Did not match:
         - @ConditionalOnClass did not find required class 'com.couchbase.client.java.Cluster' (OnClassCondition)

   CouchbaseReactiveRepositoriesAutoConfiguration:
      Did not match:
         - @ConditionalOnClass did not find required class 'com.couchbase.client.java.Cluster' (OnClassCondition)

   CouchbaseRepositoriesAutoConfiguration:
      Did not match:
         - @ConditionalOnClass did not find required class 'com.couchbase.client.java.Bucket' (OnClassCondition)

   DataSourceAutoConfiguration.EmbeddedDatabaseConfiguration:
      Did not match:
         - EmbeddedDataSource spring.datasource.url is set (DataSourceAutoConfiguration.EmbeddedDatabaseCondition)

   DataSourceConfiguration.Dbcp2:
      Did not match:
         - @ConditionalOnClass did not find required class 'org.apache.commons.dbcp2.BasicDataSource' (OnClassCondition)

   DataSourceConfiguration.Generic:
      Did not match:
         - @ConditionalOnProperty (spring.datasource.type) did not find property 'spring.datasource.type' (OnPropertyCondition)

   DataSourceConfiguration.OracleUcp:
      Did not match:
         - @ConditionalOnClass did not find required classes 'oracle.ucp.jdbc.PoolDataSourceImpl', 'oracle.jdbc.OracleConnection' (OnClassCondition)

   DataSourceConfiguration.Tomcat:
      Did not match:
         - @ConditionalOnClass did not find required class 'org.apache.tomcat.jdbc.pool.DataSource' (OnClassCondition)

   DataSourceJmxConfiguration.TomcatDataSourceJmxConfiguration:
      Did not match:
         - @ConditionalOnClass did not find required class 'org.apache.tomcat.jdbc.pool.DataSourceProxy' (OnClassCondition)

   DataSourcePoolMetadataProvidersConfiguration.CommonsDbcp2PoolDataSourceMetadataProviderConfiguration:
      Did not match:
         - @ConditionalOnClass did not find required class 'org.apache.commons.dbcp2.BasicDataSource' (OnClassCondition)

   DataSourcePoolMetadataProvidersConfiguration.OracleUcpPoolDataSourceMetadataProviderConfiguration:
      Did not match:
         - @ConditionalOnClass did not find required classes 'oracle.ucp.jdbc.PoolDataSource', 'oracle.jdbc.OracleConnection' (OnClassCondition)

   DataSourcePoolMetadataProvidersConfiguration.TomcatDataSourcePoolMetadataProviderConfiguration:
      Did not match:
         - @ConditionalOnClass did not find required class 'org.apache.tomcat.jdbc.pool.DataSource' (OnClassCondition)

   DispatcherServletAutoConfiguration.DispatcherServletConfiguration#multipartResolver:
      Did not match:
         - @ConditionalOnBean (types: org.springframework.web.multipart.MultipartResolver; SearchStrategy: all) did not find any beans of type org.springframework.web.multipart.MultipartResolver (OnBeanCondition)

   EhCacheCacheConfiguration:
      Did not match:
         - @ConditionalOnClass did not find required class 'net.sf.ehcache.Cache' (OnClassCondition)

   ElasticsearchDataAutoConfiguration:
      Did not match:
         - @ConditionalOnClass did not find required class 'org.springframework.data.elasticsearch.core.ElasticsearchRestTemplate' (OnClassCondition)

   ElasticsearchRepositoriesAutoConfiguration:
      Did not match:
         - @ConditionalOnClass did not find required class 'org.elasticsearch.client.Client' (OnClassCondition)

   ElasticsearchRestClientAutoConfiguration:
      Did not match:
         - @ConditionalOnClass did not find required class 'org.elasticsearch.client.RestClientBuilder' (OnClassCondition)

   EmbeddedLdapAutoConfiguration:
      Did not match:
         - @ConditionalOnClass did not find required class 'com.unboundid.ldap.listener.InMemoryDirectoryServer' (OnClassCondition)

   EmbeddedMongoAutoConfiguration:
      Did not match:
         - @ConditionalOnClass did not find required class 'com.mongodb.MongoClientSettings' (OnClassCondition)

   EmbeddedWebServerFactoryCustomizerAutoConfiguration.JettyWebServerFactoryCustomizerConfiguration:
      Did not match:
         - @ConditionalOnClass did not find required classes 'org.eclipse.jetty.server.Server', 'org.eclipse.jetty.util.Loader', 'org.eclipse.jetty.webapp.WebAppContext' (OnClassCondition)

   EmbeddedWebServerFactoryCustomizerAutoConfiguration.NettyWebServerFactoryCustomizerConfiguration:
      Did not match:
         - @ConditionalOnClass did not find required class 'reactor.netty.http.server.HttpServer' (OnClassCondition)

   EmbeddedWebServerFactoryCustomizerAutoConfiguration.UndertowWebServerFactoryCustomizerConfiguration:
      Did not match:
         - @ConditionalOnClass did not find required classes 'io.undertow.Undertow', 'org.xnio.SslClientAuthMode' (OnClassCondition)

   ErrorWebFluxAutoConfiguration:
      Did not match:
         - @ConditionalOnClass did not find required class 'org.springframework.web.reactive.config.WebFluxConfigurer' (OnClassCondition)

   FlywayAutoConfiguration:
      Did not match:
         - @ConditionalOnClass did not find required class 'org.flywaydb.core.Flyway' (OnClassCondition)

   FreeMarkerAutoConfiguration:
      Did not match:
         - @ConditionalOnClass did not find required class 'freemarker.template.Configuration' (OnClassCondition)

   GraphQlAutoConfiguration:
      Did not match:
         - @ConditionalOnClass did not find required class 'graphql.GraphQL' (OnClassCondition)

   GraphQlQueryByExampleAutoConfiguration:
      Did not match:
         - @ConditionalOnClass did not find required class 'graphql.GraphQL' (OnClassCondition)

   GraphQlQuerydslAutoConfiguration:
      Did not match:
         - @ConditionalOnClass did not find required class 'graphql.GraphQL' (OnClassCondition)

   GraphQlRSocketAutoConfiguration:
      Did not match:
         - @ConditionalOnClass did not find required class 'graphql.GraphQL' (OnClassCondition)

   GraphQlReactiveQueryByExampleAutoConfiguration:
      Did not match:
         - @ConditionalOnClass did not find required class 'graphql.GraphQL' (OnClassCondition)

   GraphQlReactiveQuerydslAutoConfiguration:
      Did not match:
         - @ConditionalOnClass did not find required class 'graphql.GraphQL' (OnClassCondition)

   GraphQlWebFluxAutoConfiguration:
      Did not match:
         - @ConditionalOnClass did not find required class 'graphql.GraphQL' (OnClassCondition)

   GraphQlWebFluxSecurityAutoConfiguration:
      Did not match:
         - @ConditionalOnClass did not find required class 'graphql.GraphQL' (OnClassCondition)

   GraphQlWebMvcAutoConfiguration:
      Did not match:
         - @ConditionalOnClass did not find required class 'graphql.GraphQL' (OnClassCondition)

   GraphQlWebMvcSecurityAutoConfiguration:
      Did not match:
         - @ConditionalOnClass did not find required class 'graphql.GraphQL' (OnClassCondition)

   GroovyTemplateAutoConfiguration:
      Did not match:
         - @ConditionalOnClass did not find required class 'groovy.text.markup.MarkupTemplateEngine' (OnClassCondition)

   GsonAutoConfiguration:
      Did not match:
         - @ConditionalOnClass did not find required class 'com.google.gson.Gson' (OnClassCondition)

   GsonHttpMessageConvertersConfiguration:
      Did not match:
         - @ConditionalOnClass did not find required class 'com.google.gson.Gson' (OnClassCondition)

   H2ConsoleAutoConfiguration:
      Did not match:
         - @ConditionalOnClass did not find required class 'org.h2.server.web.WebServlet' (OnClassCondition)

   HazelcastAutoConfiguration:
      Did not match:
         - @ConditionalOnClass did not find required class 'com.hazelcast.core.HazelcastInstance' (OnClassCondition)

   HazelcastCacheConfiguration:
      Did not match:
         - @ConditionalOnClass did not find required class 'com.hazelcast.core.HazelcastInstance' (OnClassCondition)

   HazelcastJpaDependencyAutoConfiguration:
      Did not match:
         - @ConditionalOnClass did not find required class 'com.hazelcast.core.HazelcastInstance' (OnClassCondition)

   HibernateJpaAutoConfiguration:
      Did not match:
         - @ConditionalOnClass did not find required class 'org.springframework.orm.jpa.LocalContainerEntityManagerFactoryBean' (OnClassCondition)

   HttpHandlerAutoConfiguration:
      Did not match:
         - @ConditionalOnClass did not find required class 'org.springframework.web.reactive.DispatcherHandler' (OnClassCondition)

   HypermediaAutoConfiguration:
      Did not match:
         - @ConditionalOnClass did not find required class 'org.springframework.hateoas.EntityModel' (OnClassCondition)

   InfinispanCacheConfiguration:
      Did not match:
         - @ConditionalOnClass did not find required class 'org.infinispan.spring.embedded.provider.SpringEmbeddedCacheManager' (OnClassCondition)

   InfluxDbAutoConfiguration:
      Did not match:
         - @ConditionalOnClass did not find required class 'org.influxdb.InfluxDB' (OnClassCondition)

   IntegrationAutoConfiguration:
      Did not match:
         - @ConditionalOnClass did not find required class 'org.springframework.integration.config.EnableIntegration' (OnClassCondition)

   JCacheCacheConfiguration:
      Did not match:
         - @ConditionalOnClass did not find required class 'javax.cache.Caching' (OnClassCondition)

   JacksonAutoConfiguration.JacksonObjectMapperConfiguration#jacksonObjectMapper:
      Did not match:
         - @ConditionalOnMissingBean (types: com.fasterxml.jackson.databind.ObjectMapper; SearchStrategy: all) found beans of type 'com.fasterxml.jackson.databind.ObjectMapper' objectMapper (OnBeanCondition)

   JacksonHttpMessageConvertersConfiguration.MappingJackson2XmlHttpMessageConverterConfiguration:
      Did not match:
         - @ConditionalOnClass did not find required class 'com.fasterxml.jackson.dataformat.xml.XmlMapper' (OnClassCondition)

   JdbcRepositoriesAutoConfiguration:
      Did not match:
         - @ConditionalOnClass did not find required class 'org.springframework.data.jdbc.repository.config.AbstractJdbcConfiguration' (OnClassCondition)

   JerseyAutoConfiguration:
      Did not match:
         - @ConditionalOnClass did not find required class 'org.glassfish.jersey.server.spring.SpringComponentProvider' (OnClassCondition)

   JmsAutoConfiguration:
      Did not match:
         - @ConditionalOnClass did not find required class 'javax.jms.Message' (OnClassCondition)

   JmxAutoConfiguration:
      Did not match:
         - @ConditionalOnProperty (spring.jmx.enabled=true) did not find property 'enabled' (OnPropertyCondition)
      Matched:
         - @ConditionalOnClass found required class 'org.springframework.jmx.export.MBeanExporter' (OnClassCondition)

   JndiConnectionFactoryAutoConfiguration:
      Did not match:
         - @ConditionalOnClass did not find required class 'org.springframework.jms.core.JmsTemplate' (OnClassCondition)

   JndiDataSourceAutoConfiguration:
      Did not match:
         - @ConditionalOnProperty (spring.datasource.jndi-name) did not find property 'jndi-name' (OnPropertyCondition)
      Matched:
         - @ConditionalOnClass found required classes 'javax.sql.DataSource', 'org.springframework.jdbc.datasource.embedded.EmbeddedDatabaseType' (OnClassCondition)

   JndiJtaConfiguration:
      Did not match:
         - @ConditionalOnJndi JNDI environment is not available (OnJndiCondition)
      Matched:
         - @ConditionalOnClass found required class 'org.springframework.transaction.jta.JtaTransactionManager' (OnClassCondition)

   JooqAutoConfiguration:
      Did not match:
         - @ConditionalOnClass did not find required class 'org.jooq.DSLContext' (OnClassCondition)

   JpaRepositoriesAutoConfiguration:
      Did not match:
         - @ConditionalOnClass did not find required class 'org.springframework.data.jpa.repository.JpaRepository' (OnClassCondition)

   JsonbAutoConfiguration:
      Did not match:
         - @ConditionalOnClass did not find required class 'javax.json.bind.Jsonb' (OnClassCondition)

   JsonbHttpMessageConvertersConfiguration:
      Did not match:
         - @ConditionalOnClass did not find required class 'javax.json.bind.Jsonb' (OnClassCondition)

   KafkaAutoConfiguration:
      Did not match:
         - @ConditionalOnClass did not find required class 'org.springframework.kafka.core.KafkaTemplate' (OnClassCondition)

   Knife4jAutoConfiguration:
      Did not match:
         - @ConditionalOnProperty (knife4j.enable=true) did not find property 'knife4j.enable' (OnPropertyCondition)

   LdapAutoConfiguration:
      Did not match:
         - @ConditionalOnClass did not find required class 'org.springframework.ldap.core.ContextSource' (OnClassCondition)

   LdapRepositoriesAutoConfiguration:
      Did not match:
         - @ConditionalOnClass did not find required class 'org.springframework.data.ldap.repository.LdapRepository' (OnClassCondition)

   LiquibaseAutoConfiguration:
      Did not match:
         - @ConditionalOnClass did not find required class 'liquibase.change.DatabaseChange' (OnClassCondition)

   MailSenderAutoConfiguration:
      Did not match:
         - @ConditionalOnClass did not find required class 'javax.mail.internet.MimeMessage' (OnClassCondition)

   MailSenderValidatorAutoConfiguration:
      Did not match:
         - @ConditionalOnSingleCandidate did not find required type 'org.springframework.mail.javamail.JavaMailSenderImpl' (OnBeanCondition)

   MessageSourceAutoConfiguration:
      Did not match:
         - ResourceBundle did not find bundle with basename messages (MessageSourceAutoConfiguration.ResourceBundleCondition)

   MongoAutoConfiguration:
      Did not match:
         - @ConditionalOnClass did not find required class 'com.mongodb.client.MongoClient' (OnClassCondition)

   MongoDataAutoConfiguration:
      Did not match:
         - @ConditionalOnClass did not find required class 'com.mongodb.client.MongoClient' (OnClassCondition)

   MongoReactiveAutoConfiguration:
      Did not match:
         - @ConditionalOnClass did not find required class 'com.mongodb.reactivestreams.client.MongoClient' (OnClassCondition)

   MongoReactiveDataAutoConfiguration:
      Did not match:
         - @ConditionalOnClass did not find required class 'com.mongodb.reactivestreams.client.MongoClient' (OnClassCondition)

   MongoReactiveRepositoriesAutoConfiguration:
      Did not match:
         - @ConditionalOnClass did not find required class 'com.mongodb.reactivestreams.client.MongoClient' (OnClassCondition)

   MongoRepositoriesAutoConfiguration:
      Did not match:
         - @ConditionalOnClass did not find required class 'com.mongodb.client.MongoClient' (OnClassCondition)

   MustacheAutoConfiguration:
      Did not match:
         - @ConditionalOnClass did not find required class 'com.samskivert.mustache.Mustache' (OnClassCondition)

   MybatisAutoConfiguration.MapperScannerRegistrarNotFoundConfiguration:
      Did not match:
         - @ConditionalOnMissingBean (types: org.mybatis.spring.mapper.MapperFactoryBean,org.mybatis.spring.mapper.MapperScannerConfigurer; SearchStrategy: all) found beans of type 'org.mybatis.spring.mapper.MapperScannerConfigurer' org.example.DbTestApplication#MapperScannerRegistrar#0 (OnBeanCondition)

   MybatisLanguageDriverAutoConfiguration.FreeMarkerConfiguration:
      Did not match:
         - @ConditionalOnClass did not find required classes 'org.mybatis.scripting.freemarker.FreeMarkerLanguageDriver', 'org.mybatis.scripting.freemarker.FreeMarkerLanguageDriverConfig' (OnClassCondition)

   MybatisLanguageDriverAutoConfiguration.LegacyFreeMarkerConfiguration:
      Did not match:
         - @ConditionalOnClass did not find required class 'org.mybatis.scripting.freemarker.FreeMarkerLanguageDriver' (OnClassCondition)

   MybatisLanguageDriverAutoConfiguration.LegacyVelocityConfiguration:
      Did not match:
         - @ConditionalOnClass did not find required class 'org.mybatis.scripting.velocity.Driver' (OnClassCondition)

   MybatisLanguageDriverAutoConfiguration.ThymeleafConfiguration:
      Did not match:
         - @ConditionalOnClass did not find required class 'org.mybatis.scripting.thymeleaf.ThymeleafLanguageDriver' (OnClassCondition)

   MybatisLanguageDriverAutoConfiguration.VelocityConfiguration:
      Did not match:
         - @ConditionalOnClass did not find required classes 'org.mybatis.scripting.velocity.VelocityLanguageDriver', 'org.mybatis.scripting.velocity.VelocityLanguageDriverConfig' (OnClassCondition)

   Neo4jAutoConfiguration:
      Did not match:
         - @ConditionalOnClass did not find required class 'org.neo4j.driver.Driver' (OnClassCondition)

   Neo4jDataAutoConfiguration:
      Did not match:
         - @ConditionalOnClass did not find required class 'org.neo4j.driver.Driver' (OnClassCondition)

   Neo4jReactiveDataAutoConfiguration:
      Did not match:
         - @ConditionalOnClass did not find required class 'org.neo4j.driver.Driver' (OnClassCondition)

   Neo4jReactiveRepositoriesAutoConfiguration:
      Did not match:
         - @ConditionalOnClass did not find required class 'org.neo4j.driver.Driver' (OnClassCondition)

   Neo4jRepositoriesAutoConfiguration:
      Did not match:
         - @ConditionalOnClass did not find required class 'org.neo4j.driver.Driver' (OnClassCondition)

   NettyAutoConfiguration:
      Did not match:
         - @ConditionalOnClass did not find required class 'io.netty.util.NettyRuntime' (OnClassCondition)

   OAuth2ClientAutoConfiguration:
      Did not match:
         - @ConditionalOnClass did not find required class 'org.springframework.security.config.annotation.web.configuration.EnableWebSecurity' (OnClassCondition)

   OAuth2ResourceServerAutoConfiguration:
      Did not match:
         - @ConditionalOnClass did not find required class 'org.springframework.security.oauth2.server.resource.BearerTokenAuthenticationToken' (OnClassCondition)

   OpenApiControllerWebFlux:
      Did not match:
         - did not find reactive web application classes (OnWebApplicationCondition)

   OpenApiWebFluxConfiguration:
      Did not match:
         - did not find reactive web application classes (OnWebApplicationCondition)

   ProjectInfoAutoConfiguration#buildProperties:
      Did not match:
         - @ConditionalOnResource did not find resource '${spring.info.build.location:classpath:META-INF/build-info.properties}' (OnResourceCondition)

   ProjectInfoAutoConfiguration#gitProperties:
      Did not match:
         - GitResource did not find git info at classpath:git.properties (ProjectInfoAutoConfiguration.GitResourceAvailableCondition)

   QuartzAutoConfiguration:
      Did not match:
         - @ConditionalOnClass did not find required class 'org.quartz.Scheduler' (OnClassCondition)

   R2dbcAutoConfiguration:
      Did not match:
         - @ConditionalOnClass did not find required class 'io.r2dbc.spi.ConnectionFactory' (OnClassCondition)

   R2dbcDataAutoConfiguration:
      Did not match:
         - @ConditionalOnClass did not find required class 'org.springframework.data.r2dbc.core.R2dbcEntityTemplate' (OnClassCondition)

   R2dbcInitializationConfiguration:
      Did not match:
         - @ConditionalOnClass did not find required classes 'io.r2dbc.spi.ConnectionFactory', 'org.springframework.r2dbc.connection.init.DatabasePopulator' (OnClassCondition)

   R2dbcRepositoriesAutoConfiguration:
      Did not match:
         - @ConditionalOnClass did not find required class 'io.r2dbc.spi.ConnectionFactory' (OnClassCondition)

   R2dbcTransactionManagerAutoConfiguration:
      Did not match:
         - @ConditionalOnClass did not find required class 'org.springframework.r2dbc.connection.R2dbcTransactionManager' (OnClassCondition)

   RSocketGraphQlClientAutoConfiguration:
      Did not match:
         - @ConditionalOnClass did not find required class 'graphql.GraphQL' (OnClassCondition)

   RSocketMessagingAutoConfiguration:
      Did not match:
         - @ConditionalOnClass did not find required class 'io.rsocket.RSocket' (OnClassCondition)

   RSocketRequesterAutoConfiguration:
      Did not match:
         - @ConditionalOnClass did not find required class 'io.rsocket.RSocket' (OnClassCondition)

   RSocketSecurityAutoConfiguration:
      Did not match:
         - @ConditionalOnClass did not find required class 'org.springframework.security.rsocket.core.SecuritySocketAcceptorInterceptor' (OnClassCondition)

   RSocketServerAutoConfiguration:
      Did not match:
         - @ConditionalOnClass did not find required class 'io.rsocket.core.RSocketServer' (OnClassCondition)

   RSocketStrategiesAutoConfiguration:
      Did not match:
         - @ConditionalOnClass did not find required class 'io.netty.buffer.PooledByteBufAllocator' (OnClassCondition)

   RabbitAutoConfiguration:
      Did not match:
         - @ConditionalOnClass did not find required class 'com.rabbitmq.client.Channel' (OnClassCondition)

   ReactiveElasticsearchRepositoriesAutoConfiguration:
      Did not match:
         - @ConditionalOnClass did not find required class 'org.springframework.data.elasticsearch.client.reactive.ReactiveElasticsearchClient' (OnClassCondition)

   ReactiveElasticsearchRestClientAutoConfiguration:
      Did not match:
         - @ConditionalOnClass did not find required class 'reactor.netty.http.client.HttpClient' (OnClassCondition)

   ReactiveMultipartAutoConfiguration:
      Did not match:
         - @ConditionalOnClass did not find required class 'org.springframework.web.reactive.config.WebFluxConfigurer' (OnClassCondition)

   ReactiveOAuth2ClientAutoConfiguration:
      Did not match:
         - @ConditionalOnClass did not find required class 'reactor.core.publisher.Flux' (OnClassCondition)

   ReactiveOAuth2ResourceServerAutoConfiguration:
      Did not match:
         - @ConditionalOnClass did not find required class 'org.springframework.security.config.annotation.web.reactive.EnableWebFluxSecurity' (OnClassCondition)

   ReactiveSecurityAutoConfiguration:
      Did not match:
         - @ConditionalOnClass did not find required class 'reactor.core.publisher.Flux' (OnClassCondition)

   ReactiveUserDetailsServiceAutoConfiguration:
      Did not match:
         - @ConditionalOnClass did not find required class 'org.springframework.security.authentication.ReactiveAuthenticationManager' (OnClassCondition)

   ReactiveWebServerFactoryAutoConfiguration:
      Did not match:
         - @ConditionalOnWebApplication did not find reactive web application classes (OnWebApplicationCondition)

   RedisAutoConfiguration:
      Did not match:
         - @ConditionalOnClass did not find required class 'org.springframework.data.redis.core.RedisOperations' (OnClassCondition)

   RedisCacheConfiguration:
      Did not match:
         - @ConditionalOnClass did not find required class 'org.springframework.data.redis.connection.RedisConnectionFactory' (OnClassCondition)

   RedisReactiveAutoConfiguration:
      Did not match:
         - @ConditionalOnClass did not find required class 'reactor.core.publisher.Flux' (OnClassCondition)

   RedisRepositoriesAutoConfiguration:
      Did not match:
         - @ConditionalOnClass did not find required class 'org.springframework.data.redis.repository.configuration.EnableRedisRepositories' (OnClassCondition)

   RepositoryRestMvcAutoConfiguration:
      Did not match:
         - @ConditionalOnClass did not find required class 'org.springframework.data.rest.webmvc.config.RepositoryRestMvcConfiguration' (OnClassCondition)

   Saml2RelyingPartyAutoConfiguration:
      Did not match:
         - @ConditionalOnClass did not find required class 'org.springframework.security.saml2.provider.service.registration.RelyingPartyRegistrationRepository' (OnClassCondition)

   SecurityAutoConfiguration:
      Did not match:
         - @ConditionalOnClass did not find required class 'org.springframework.security.authentication.DefaultAuthenticationEventPublisher' (OnClassCondition)

   SecurityFilterAutoConfiguration:
      Did not match:
         - @ConditionalOnClass did not find required class 'org.springframework.security.config.http.SessionCreationPolicy' (OnClassCondition)

   SendGridAutoConfiguration:
      Did not match:
         - @ConditionalOnClass did not find required class 'com.sendgrid.SendGrid' (OnClassCondition)

   ServletWebServerFactoryAutoConfiguration.ForwardedHeaderFilterConfiguration:
      Did not match:
         - @ConditionalOnProperty (server.forward-headers-strategy=framework) did not find property 'server.forward-headers-strategy' (OnPropertyCondition)

   ServletWebServerFactoryConfiguration.EmbeddedJetty:
      Did not match:
         - @ConditionalOnClass did not find required classes 'org.eclipse.jetty.server.Server', 'org.eclipse.jetty.util.Loader', 'org.eclipse.jetty.webapp.WebAppContext' (OnClassCondition)

   ServletWebServerFactoryConfiguration.EmbeddedUndertow:
      Did not match:
         - @ConditionalOnClass did not find required classes 'io.undertow.Undertow', 'org.xnio.SslClientAuthMode' (OnClassCondition)

   SessionAutoConfiguration:
      Did not match:
         - @ConditionalOnClass did not find required class 'org.springframework.session.Session' (OnClassCondition)

   SolrAutoConfiguration:
      Did not match:
         - @ConditionalOnClass did not find required class 'org.apache.solr.client.solrj.impl.CloudSolrClient' (OnClassCondition)

   SpringApplicationAdminJmxAutoConfiguration:
      Did not match:
         - @ConditionalOnProperty (spring.application.admin.enabled=true) did not find property 'enabled' (OnPropertyCondition)

   SpringDataRestConfiguration:
      Did not match:
         - @ConditionalOnClass did not find required class 'org.springframework.data.rest.core.config.RepositoryRestConfiguration' (OnClassCondition)

   SpringDataWebAutoConfiguration:
      Did not match:
         - @ConditionalOnClass did not find required class 'org.springframework.data.web.PageableHandlerMethodArgumentResolver' (OnClassCondition)

   SpringfoxWebFluxConfiguration:
      Did not match:
         - did not find reactive web application classes (OnWebApplicationCondition)

   Swagger2ControllerWebFlux:
      Did not match:
         - did not find reactive web application classes (OnWebApplicationCondition)

   Swagger2WebFluxConfiguration:
      Did not match:
         - did not find reactive web application classes (OnWebApplicationCondition)

   SwaggerUiWebFluxConfiguration:
      Did not match:
         - did not find reactive web application classes (OnWebApplicationCondition)

   TaskSchedulingAutoConfiguration#scheduledBeanLazyInitializationExcludeFilter:
      Did not match:
         - @ConditionalOnBean (names: org.springframework.context.annotation.internalScheduledAnnotationProcessor; SearchStrategy: all) did not find any beans named org.springframework.context.annotation.internalScheduledAnnotationProcessor (OnBeanCondition)

   TaskSchedulingAutoConfiguration#taskScheduler:
      Did not match:
         - @ConditionalOnBean (names: org.springframework.context.annotation.internalScheduledAnnotationProcessor; SearchStrategy: all) did not find any beans named org.springframework.context.annotation.internalScheduledAnnotationProcessor (OnBeanCondition)

   ThymeleafAutoConfiguration:
      Did not match:
         - @ConditionalOnClass did not find required class 'org.thymeleaf.spring5.SpringTemplateEngine' (OnClassCondition)

   TransactionAutoConfiguration#transactionalOperator:
      Did not match:
         - @ConditionalOnSingleCandidate (types: org.springframework.transaction.ReactiveTransactionManager; SearchStrategy: all) did not find any beans (OnBeanCondition)

   TransactionAutoConfiguration.AspectJTransactionManagementConfiguration:
      Did not match:
         - @ConditionalOnBean did not find required type 'org.springframework.transaction.aspectj.AbstractTransactionAspect' (OnBeanCondition)
         - @ConditionalOnBean (types: org.springframework.transaction.aspectj.AbstractTransactionAspect; SearchStrategy: all) did not find any beans of type org.springframework.transaction.aspectj.AbstractTransactionAspect (OnBeanCondition)

   TransactionAutoConfiguration.EnableTransactionManagementConfiguration.JdkDynamicAutoProxyConfiguration:
      Did not match:
         - @ConditionalOnProperty (spring.aop.proxy-target-class=false) did not find property 'proxy-target-class' (OnPropertyCondition)

   UserDetailsServiceAutoConfiguration:
      Did not match:
         - @ConditionalOnClass did not find required class 'org.springframework.security.authentication.AuthenticationManager' (OnClassCondition)

   WebClientAutoConfiguration:
      Did not match:
         - @ConditionalOnClass did not find required class 'org.springframework.web.reactive.function.client.WebClient' (OnClassCondition)

   WebFluxAutoConfiguration:
      Did not match:
         - @ConditionalOnClass did not find required class 'org.springframework.web.reactive.config.WebFluxConfigurer' (OnClassCondition)

   WebFluxRequestHandlerProvider:
      Did not match:
         - did not find reactive web application classes (OnWebApplicationCondition)

   WebMvcAutoConfiguration#hiddenHttpMethodFilter:
      Did not match:
         - @ConditionalOnProperty (spring.mvc.hiddenmethod.filter.enabled) did not find property 'enabled' (OnPropertyCondition)

   WebMvcAutoConfiguration.ResourceChainCustomizerConfiguration:
      Did not match:
         - @ConditionalOnEnabledResourceChain did not find class org.webjars.WebJarAssetLocator (OnEnabledResourceChainCondition)

   WebMvcAutoConfiguration.WebMvcAutoConfigurationAdapter#beanNameViewResolver:
      Did not match:
         - @ConditionalOnMissingBean (types: org.springframework.web.servlet.view.BeanNameViewResolver; SearchStrategy: all) found beans of type 'org.springframework.web.servlet.view.BeanNameViewResolver' beanNameViewResolver (OnBeanCondition)

   WebServiceTemplateAutoConfiguration:
      Did not match:
         - @ConditionalOnClass did not find required class 'org.springframework.oxm.Marshaller' (OnClassCondition)

   WebServicesAutoConfiguration:
      Did not match:
         - @ConditionalOnClass did not find required class 'org.springframework.ws.transport.http.MessageDispatcherServlet' (OnClassCondition)

   WebSessionIdResolverAutoConfiguration:
      Did not match:
         - @ConditionalOnClass did not find required class 'reactor.core.publisher.Mono' (OnClassCondition)

   WebSocketMessagingAutoConfiguration.WebSocketMessageConverterConfiguration:
      Did not match:
         - @ConditionalOnBean (types: org.springframework.web.socket.config.annotation.DelegatingWebSocketMessageBrokerConfiguration,com.fasterxml.jackson.databind.ObjectMapper; SearchStrategy: all) did not find any beans of type org.springframework.web.socket.config.annotation.DelegatingWebSocketMessageBrokerConfiguration (OnBeanCondition)
      Matched:
         - @ConditionalOnClass found required classes 'com.fasterxml.jackson.databind.ObjectMapper', 'org.springframework.messaging.simp.config.AbstractMessageBrokerConfiguration' (OnClassCondition)

   WebSocketReactiveAutoConfiguration:
      Did not match:
         - @ConditionalOnWebApplication did not find reactive web application classes (OnWebApplicationCondition)

   WebSocketServletAutoConfiguration.Jetty10WebSocketConfiguration:
      Did not match:
         - @ConditionalOnClass did not find required classes 'org.eclipse.jetty.websocket.javax.server.internal.JavaxWebSocketServerContainer', 'org.eclipse.jetty.websocket.server.JettyWebSocketServerContainer' (OnClassCondition)

   WebSocketServletAutoConfiguration.JettyWebSocketConfiguration:
      Did not match:
         - @ConditionalOnClass did not find required class 'org.eclipse.jetty.websocket.jsr356.server.deploy.WebSocketServerContainerInitializer' (OnClassCondition)

   WebSocketServletAutoConfiguration.UndertowWebSocketConfiguration:
      Did not match:
         - @ConditionalOnClass did not find required class 'io.undertow.websockets.jsr.Bootstrap' (OnClassCondition)

   XADataSourceAutoConfiguration:
      Did not match:
         - @ConditionalOnBean (types: org.springframework.boot.jdbc.XADataSourceWrapper; SearchStrategy: all) did not find any beans of type org.springframework.boot.jdbc.XADataSourceWrapper (OnBeanCondition)
      Matched:
         - @ConditionalOnClass found required classes 'javax.sql.DataSource', 'javax.transaction.TransactionManager', 'org.springframework.jdbc.datasource.embedded.EmbeddedDatabaseType' (OnClassCondition)


Exclusions:
-----------

    None


Unconditional classes:
----------------------

    org.springframework.boot.autoconfigure.context.ConfigurationPropertiesAutoConfiguration

    org.springframework.boot.autoconfigure.context.LifecycleAutoConfiguration

    org.springframework.boot.autoconfigure.context.PropertyPlaceholderAutoConfiguration

    org.springframework.boot.autoconfigure.availability.ApplicationAvailabilityAutoConfiguration

    org.springframework.boot.autoconfigure.info.ProjectInfoAutoConfiguration



2026-02-15 13:22:25.720  INFO 17400 --- [main] org.example.DbTestApplication            : Started DbTestApplication in 4.947 seconds (JVM running for 5.591)
2026-02-15 13:22:25.723 DEBUG 17400 --- [main] o.s.b.a.ApplicationAvailabilityBean      : Application availability state LivenessState changed to CORRECT
2026-02-15 13:22:25.725 DEBUG 17400 --- [main] o.s.b.a.ApplicationAvailabilityBean      : Application availability state ReadinessState changed to ACCEPTING_TRAFFIC
2026-02-15 13:22:39.689 DEBUG 17400 --- [SpringApplicationShutdownHook] o.s.b.a.ApplicationAvailabilityBean      : Application availability state ReadinessState changed from ACCEPTING_TRAFFIC to REFUSING_TRAFFIC
2026-02-15 13:22:39.690 DEBUG 17400 --- [SpringApplicationShutdownHook] ConfigServletWebServerApplicationContext : Closing org.springframework.boot.web.servlet.context.AnnotationConfigServletWebServerApplicationContext@5f20155b, started on Sun Feb 15 13:22:21 CST 2026
