2026-03-15 12:54:33.571  INFO 54685 --- [main] org.example.DbTestApplication            : Starting DbTestApplication using Java 17.0.18 on 192.168.2.40 with PID 54685 (/Users/fhl/Documents/2026.02.15houduan/target/classes started by fhl in /Users/fhl/Documents/2026.02.15houduan)
2026-03-15 12:54:33.577  INFO 54685 --- [main] org.example.DbTestApplication            : The following 1 profile is active: "dev"
2026-03-15 12:54:33.577 DEBUG 54685 --- [main] o.s.boot.SpringApplication               : Loading source class org.example.DbTestApplication
2026-03-15 12:54:33.633 DEBUG 54685 --- [main] ConfigServletWebServerApplicationContext : Refreshing org.springframework.boot.web.servlet.context.AnnotationConfigServletWebServerApplicationContext@4ae9cfc1
2026-03-15 12:54:34.531 DEBUG 54685 --- [main] org.apache.ibatis.logging.LogFactory     : Logging initialized using 'class org.apache.ibatis.logging.slf4j.Slf4jImpl' adapter.
2026-03-15 12:54:34.815 DEBUG 54685 --- [main] .s.b.w.e.t.TomcatServletWebServerFactory : Code archive: /Users/fhl/.m2/repository/org/springframework/boot/spring-boot/2.7.17/spring-boot-2.7.17.jar
2026-03-15 12:54:34.815 DEBUG 54685 --- [main] .s.b.w.e.t.TomcatServletWebServerFactory : Code archive: /Users/fhl/.m2/repository/org/springframework/boot/spring-boot/2.7.17/spring-boot-2.7.17.jar
2026-03-15 12:54:34.815 DEBUG 54685 --- [main] .s.b.w.e.t.TomcatServletWebServerFactory : None of the document roots [src/main/webapp, public, static] point to a directory and will be ignored.
2026-03-15 12:54:34.831  INFO 54685 --- [main] o.s.b.w.embedded.tomcat.TomcatWebServer  : Tomcat initialized with port(s): 8080 (http)
2026-03-15 12:54:34.841  INFO 54685 --- [main] o.apache.catalina.core.StandardService   : Starting service [Tomcat]
2026-03-15 12:54:34.841  INFO 54685 --- [main] org.apache.catalina.core.StandardEngine  : Starting Servlet engine: [Apache Tomcat/9.0.82]
2026-03-15 12:54:34.909  INFO 54685 --- [main] o.a.c.c.C.[Tomcat].[localhost].[/]       : Initializing Spring embedded WebApplicationContext
2026-03-15 12:54:34.909 DEBUG 54685 --- [main] w.s.c.ServletWebServerApplicationContext : Published root WebApplicationContext as ServletContext attribute with name [org.springframework.web.context.WebApplicationContext.ROOT]
2026-03-15 12:54:34.909  INFO 54685 --- [main] w.s.c.ServletWebServerApplicationContext : Root WebApplicationContext: initialization completed in 1276 ms
2026-03-15 12:54:34.927 DEBUG 54685 --- [main] o.s.b.w.s.ServletContextInitializerBeans : Mapping filters: characterEncodingFilter urls=[/*] order=-2147483648, formContentFilter urls=[/*] order=-9900, requestContextFilter urls=[/*] order=-105, corsFilter urls=[/*] order=2147483647
2026-03-15 12:54:34.927 DEBUG 54685 --- [main] o.s.b.w.s.ServletContextInitializerBeans : Mapping servlets: dispatcherServlet urls=[/]
2026-03-15 12:54:34.940 DEBUG 54685 --- [main] o.s.b.w.s.f.OrderedRequestContextFilter  : Filter 'requestContextFilter' configured for use
2026-03-15 12:54:34.940 DEBUG 54685 --- [main] o.springframework.web.filter.CorsFilter  : Filter 'corsFilter' configured for use
2026-03-15 12:54:34.940 DEBUG 54685 --- [main] s.b.w.s.f.OrderedCharacterEncodingFilter : Filter 'characterEncodingFilter' configured for use
2026-03-15 12:54:34.940 DEBUG 54685 --- [main] o.s.b.w.s.f.OrderedFormContentFilter     : Filter 'formContentFilter' configured for use
2026-03-15 12:54:35.378 DEBUG 54685 --- [main] s.w.s.m.m.a.RequestMappingHandlerMapping : 54 mappings in 'requestMappingHandlerMapping'
2026-03-15 12:54:35.406 DEBUG 54685 --- [main] o.s.w.s.s.s.WebSocketHandlerMapping      : Patterns [/ws/orders, /ws/chat] in 'webSocketHandlerMapping'
2026-03-15 12:54:35.442 DEBUG 54685 --- [main] inMXBeanRegistrar$SpringApplicationAdmin : Application Admin MBean registered with name 'org.springframework.boot:type=Admin,name=SpringApplication'
2026-03-15 12:54:35.448 DEBUG 54685 --- [main] s.w.s.m.m.a.RequestMappingHandlerAdapter : ControllerAdvice beans: 0 @ModelAttribute, 0 @InitBinder, 1 RequestBodyAdvice, 1 ResponseBodyAdvice
2026-03-15 12:54:35.472 DEBUG 54685 --- [main] o.s.w.s.handler.SimpleUrlHandlerMapping  : Patterns [/swagger-ui/] in 'viewControllerHandlerMapping'
2026-03-15 12:54:35.482 DEBUG 54685 --- [main] o.s.w.s.handler.SimpleUrlHandlerMapping  : Patterns [/webjars/**, /**, /uploads/**, /swagger-ui/**] in 'resourceHandlerMapping'
2026-03-15 12:54:35.486 DEBUG 54685 --- [main] .m.m.a.ExceptionHandlerExceptionResolver : ControllerAdvice beans: 1 @ExceptionHandler, 1 ResponseBodyAdvice
2026-03-15 12:54:35.499 DEBUG 54685 --- [main] o.s.b.a.AutoConfigurationPackages        : @EnableAutoConfiguration was declared on a class in the package 'org.example'. Automatic @Repository and @Entity scanning is enabled.
2026-03-15 12:54:35.546  INFO 54685 --- [main] o.s.b.w.embedded.tomcat.TomcatWebServer  : Tomcat started on port(s): 8080 (http) with context path ''
2026-03-15 12:54:35.828 DEBUG 54685 --- [main] ConditionEvaluationReportLoggingListener : 


============================
CONDITIONS EVALUATION REPORT
============================


Positive matches:
-----------------

   AopAutoConfiguration matched:
      - @ConditionalOnProperty (spring.aop.auto=true) matched (OnPropertyCondition)

   AopAutoConfiguration.ClassProxyingConfiguration matched:
      - @ConditionalOnMissingClass did not find unwanted class 'org.aspectj.weaver.Advice' (OnClassCondition)
      - @ConditionalOnProperty (spring.aop.proxy-target-class=true) matched (OnPropertyCondition)

   ApplicationAvailabilityAutoConfiguration#applicationAvailability matched:
      - @ConditionalOnMissingBean (types: org.springframework.boot.availability.ApplicationAvailability; SearchStrategy: all) did not find any beans (OnBeanCondition)

   BeanValidatorPluginsConfiguration matched:
      - @ConditionalOnClass found required class 'javax.validation.executable.ExecutableValidator' (OnClassCondition)

   DataSourceAutoConfiguration matched:
      - @ConditionalOnClass found required classes 'javax.sql.DataSource', 'org.springframework.jdbc.datasource.embedded.EmbeddedDatabaseType' (OnClassCondition)
      - @ConditionalOnMissingBean (types: io.r2dbc.spi.ConnectionFactory; SearchStrategy: all) did not find any beans (OnBeanCondition)

   DataSourceAutoConfiguration.PooledDataSourceConfiguration matched:
      - AnyNestedCondition 1 matched 1 did not; NestedCondition on DataSourceAutoConfiguration.PooledDataSourceCondition.PooledDataSourceAvailable PooledDataSource found supported DataSource; NestedCondition on DataSourceAutoConfiguration.PooledDataSourceCondition.ExplicitType @ConditionalOnProperty (spring.datasource.type) did not find property 'type' (DataSourceAutoConfiguration.PooledDataSourceCondition)
      - @ConditionalOnMissingBean (types: javax.sql.DataSource,javax.sql.XADataSource; SearchStrategy: all) did not find any beans (OnBeanCondition)

   DataSourceConfiguration.Hikari matched:
      - @ConditionalOnClass found required class 'com.zaxxer.hikari.HikariDataSource' (OnClassCondition)
      - @ConditionalOnProperty (spring.datasource.type=com.zaxxer.hikari.HikariDataSource) matched (OnPropertyCondition)
      - @ConditionalOnMissingBean (types: javax.sql.DataSource; SearchStrategy: all) did not find any beans (OnBeanCondition)

   DataSourceInitializationConfiguration matched:
      - @ConditionalOnClass found required class 'org.springframework.jdbc.datasource.init.DatabasePopulator' (OnClassCondition)
      - @ConditionalOnSingleCandidate (types: javax.sql.DataSource; SearchStrategy: all) found a single bean 'dataSource'; @ConditionalOnMissingBean (types: org.springframework.boot.autoconfigure.sql.init.SqlDataSourceScriptDatabaseInitializer,org.springframework.boot.autoconfigure.sql.init.SqlR2dbcScriptDatabaseInitializer; SearchStrategy: all) did not find any beans (OnBeanCondition)

   DataSourceJmxConfiguration matched:
      - @ConditionalOnProperty (spring.jmx.enabled=true) matched (OnPropertyCondition)

   DataSourceJmxConfiguration.Hikari matched:
      - @ConditionalOnClass found required class 'com.zaxxer.hikari.HikariDataSource' (OnClassCondition)
      - @ConditionalOnSingleCandidate (types: javax.sql.DataSource; SearchStrategy: all) found a single bean 'dataSource' (OnBeanCondition)

   DataSourcePoolMetadataProvidersConfiguration.HikariPoolDataSourceMetadataProviderConfiguration matched:
      - @ConditionalOnClass found required class 'com.zaxxer.hikari.HikariDataSource' (OnClassCondition)

   DataSourceTransactionManagerAutoConfiguration matched:
      - @ConditionalOnClass found required classes 'org.springframework.jdbc.core.JdbcTemplate', 'org.springframework.transaction.TransactionManager' (OnClassCondition)

   DataSourceTransactionManagerAutoConfiguration.JdbcTransactionManagerConfiguration matched:
      - @ConditionalOnSingleCandidate (types: javax.sql.DataSource; SearchStrategy: all) found a single bean 'dataSource' (OnBeanCondition)

   DataSourceTransactionManagerAutoConfiguration.JdbcTransactionManagerConfiguration#transactionManager matched:
      - @ConditionalOnMissingBean (types: org.springframework.transaction.TransactionManager; SearchStrategy: all) did not find any beans (OnBeanCondition)

   DispatcherServletAutoConfiguration matched:
      - @ConditionalOnClass found required class 'org.springframework.web.servlet.DispatcherServlet' (OnClassCondition)
      - found 'session' scope (OnWebApplicationCondition)

   DispatcherServletAutoConfiguration.DispatcherServletConfiguration matched:
      - @ConditionalOnClass found required class 'javax.servlet.ServletRegistration' (OnClassCondition)
      - Default DispatcherServlet did not find dispatcher servlet beans (DispatcherServletAutoConfiguration.DefaultDispatcherServletCondition)

   DispatcherServletAutoConfiguration.DispatcherServletRegistrationConfiguration matched:
      - @ConditionalOnClass found required class 'javax.servlet.ServletRegistration' (OnClassCondition)
      - DispatcherServlet Registration did not find servlet registration bean (DispatcherServletAutoConfiguration.DispatcherServletRegistrationCondition)

   DispatcherServletAutoConfiguration.DispatcherServletRegistrationConfiguration#dispatcherServletRegistration matched:
      - @ConditionalOnBean (names: dispatcherServlet types: org.springframework.web.servlet.DispatcherServlet; SearchStrategy: all) found bean 'dispatcherServlet' (OnBeanCondition)

   EmbeddedWebServerFactoryCustomizerAutoConfiguration matched:
      - @ConditionalOnWebApplication (required) found 'session' scope (OnWebApplicationCondition)
      - @ConditionalOnWarDeployment the application is not deployed as a WAR file. (OnWarDeploymentCondition)

   EmbeddedWebServerFactoryCustomizerAutoConfiguration.TomcatWebServerFactoryCustomizerConfiguration matched:
      - @ConditionalOnClass found required classes 'org.apache.catalina.startup.Tomcat', 'org.apache.coyote.UpgradeProtocol' (OnClassCondition)

   ErrorMvcAutoConfiguration matched:
      - @ConditionalOnClass found required classes 'javax.servlet.Servlet', 'org.springframework.web.servlet.DispatcherServlet' (OnClassCondition)
      - found 'session' scope (OnWebApplicationCondition)

   ErrorMvcAutoConfiguration#basicErrorController matched:
      - @ConditionalOnMissingBean (types: org.springframework.boot.web.servlet.error.ErrorController; SearchStrategy: current) did not find any beans (OnBeanCondition)

   ErrorMvcAutoConfiguration#errorAttributes matched:
      - @ConditionalOnMissingBean (types: org.springframework.boot.web.servlet.error.ErrorAttributes; SearchStrategy: current) did not find any beans (OnBeanCondition)

   ErrorMvcAutoConfiguration.DefaultErrorViewResolverConfiguration#conventionErrorViewResolver matched:
      - @ConditionalOnBean (types: org.springframework.web.servlet.DispatcherServlet; SearchStrategy: all) found bean 'dispatcherServlet'; @ConditionalOnMissingBean (types: org.springframework.boot.autoconfigure.web.servlet.error.ErrorViewResolver; SearchStrategy: all) did not find any beans (OnBeanCondition)

   ErrorMvcAutoConfiguration.WhitelabelErrorViewConfiguration matched:
      - @ConditionalOnProperty (server.error.whitelabel.enabled) matched (OnPropertyCondition)
      - ErrorTemplate Missing did not find error template view (ErrorMvcAutoConfiguration.ErrorTemplateMissingCondition)

   ErrorMvcAutoConfiguration.WhitelabelErrorViewConfiguration#beanNameViewResolver matched:
      - @ConditionalOnMissingBean (types: org.springframework.web.servlet.view.BeanNameViewResolver; SearchStrategy: all) did not find any beans (OnBeanCondition)

   ErrorMvcAutoConfiguration.WhitelabelErrorViewConfiguration#defaultErrorView matched:
      - @ConditionalOnMissingBean (names: error; SearchStrategy: all) did not find any beans (OnBeanCondition)

   GenericCacheConfiguration matched:
      - Cache org.springframework.boot.autoconfigure.cache.GenericCacheConfiguration automatic cache type (CacheCondition)

   HttpEncodingAutoConfiguration matched:
      - @ConditionalOnClass found required class 'org.springframework.web.filter.CharacterEncodingFilter' (OnClassCondition)
      - found 'session' scope (OnWebApplicationCondition)
      - @ConditionalOnProperty (server.servlet.encoding.enabled) matched (OnPropertyCondition)

   HttpEncodingAutoConfiguration#characterEncodingFilter matched:
      - @ConditionalOnMissingBean (types: org.springframework.web.filter.CharacterEncodingFilter; SearchStrategy: all) did not find any beans (OnBeanCondition)

   HttpMessageConvertersAutoConfiguration matched:
      - @ConditionalOnClass found required class 'org.springframework.http.converter.HttpMessageConverter' (OnClassCondition)
      - NoneNestedConditions 0 matched 1 did not; NestedCondition on HttpMessageConvertersAutoConfiguration.NotReactiveWebApplicationCondition.ReactiveWebApplication did not find reactive web application classes (HttpMessageConvertersAutoConfiguration.NotReactiveWebApplicationCondition)

   HttpMessageConvertersAutoConfiguration#messageConverters matched:
      - @ConditionalOnMissingBean (types: org.springframework.boot.autoconfigure.http.HttpMessageConverters; SearchStrategy: all) did not find any beans (OnBeanCondition)

   HttpMessageConvertersAutoConfiguration.StringHttpMessageConverterConfiguration matched:
      - @ConditionalOnClass found required class 'org.springframework.http.converter.StringHttpMessageConverter' (OnClassCondition)

   HttpMessageConvertersAutoConfiguration.StringHttpMessageConverterConfiguration#stringHttpMessageConverter matched:
      - @ConditionalOnMissingBean (types: org.springframework.http.converter.StringHttpMessageConverter; SearchStrategy: all) did not find any beans (OnBeanCondition)

   JacksonAutoConfiguration matched:
      - @ConditionalOnClass found required class 'com.fasterxml.jackson.databind.ObjectMapper' (OnClassCondition)

   JacksonAutoConfiguration.Jackson2ObjectMapperBuilderCustomizerConfiguration matched:
      - @ConditionalOnClass found required class 'org.springframework.http.converter.json.Jackson2ObjectMapperBuilder' (OnClassCondition)

   JacksonAutoConfiguration.JacksonObjectMapperBuilderConfiguration matched:
      - @ConditionalOnClass found required class 'org.springframework.http.converter.json.Jackson2ObjectMapperBuilder' (OnClassCondition)

   JacksonAutoConfiguration.JacksonObjectMapperBuilderConfiguration#jacksonObjectMapperBuilder matched:
      - @ConditionalOnMissingBean (types: org.springframework.http.converter.json.Jackson2ObjectMapperBuilder; SearchStrategy: all) did not find any beans (OnBeanCondition)

   JacksonAutoConfiguration.JacksonObjectMapperConfiguration matched:
      - @ConditionalOnClass found required class 'org.springframework.http.converter.json.Jackson2ObjectMapperBuilder' (OnClassCondition)

   JacksonAutoConfiguration.ParameterNamesModuleConfiguration matched:
      - @ConditionalOnClass found required class 'com.fasterxml.jackson.module.paramnames.ParameterNamesModule' (OnClassCondition)

   JacksonAutoConfiguration.ParameterNamesModuleConfiguration#parameterNamesModule matched:
      - @ConditionalOnMissingBean (types: com.fasterxml.jackson.module.paramnames.ParameterNamesModule; SearchStrategy: all) did not find any beans (OnBeanCondition)

   JacksonHttpMessageConvertersConfiguration.MappingJackson2HttpMessageConverterConfiguration matched:
      - @ConditionalOnClass found required class 'com.fasterxml.jackson.databind.ObjectMapper' (OnClassCondition)
      - @ConditionalOnProperty (spring.mvc.converters.preferred-json-mapper=jackson) matched (OnPropertyCondition)
      - @ConditionalOnBean (types: com.fasterxml.jackson.databind.ObjectMapper; SearchStrategy: all) found bean 'objectMapper' (OnBeanCondition)

   JacksonHttpMessageConvertersConfiguration.MappingJackson2HttpMessageConverterConfiguration#mappingJackson2HttpMessageConverter matched:
      - @ConditionalOnMissingBean (types: org.springframework.http.converter.json.MappingJackson2HttpMessageConverter ignored: org.springframework.hateoas.server.mvc.TypeConstrainedMappingJackson2HttpMessageConverter,org.springframework.data.rest.webmvc.alps.AlpsJsonHttpMessageConverter; SearchStrategy: all) did not find any beans (OnBeanCondition)

   JdbcTemplateAutoConfiguration matched:
      - @ConditionalOnClass found required classes 'javax.sql.DataSource', 'org.springframework.jdbc.core.JdbcTemplate' (OnClassCondition)
      - @ConditionalOnSingleCandidate (types: javax.sql.DataSource; SearchStrategy: all) found a single bean 'dataSource' (OnBeanCondition)

   JdbcTemplateConfiguration matched:
      - @ConditionalOnMissingBean (types: org.springframework.jdbc.core.JdbcOperations; SearchStrategy: all) did not find any beans (OnBeanCondition)

   JmxAutoConfiguration matched:
      - @ConditionalOnClass found required class 'org.springframework.jmx.export.MBeanExporter' (OnClassCondition)
      - @ConditionalOnProperty (spring.jmx.enabled=true) matched (OnPropertyCondition)

   JmxAutoConfiguration#mbeanExporter matched:
      - @ConditionalOnMissingBean (types: org.springframework.jmx.export.MBeanExporter; SearchStrategy: current) did not find any beans (OnBeanCondition)

   JmxAutoConfiguration#mbeanServer matched:
      - @ConditionalOnMissingBean (types: javax.management.MBeanServer; SearchStrategy: all) did not find any beans (OnBeanCondition)

   JmxAutoConfiguration#objectNamingStrategy matched:
      - @ConditionalOnMissingBean (types: org.springframework.jmx.export.naming.ObjectNamingStrategy; SearchStrategy: current) did not find any beans (OnBeanCondition)

   JtaAutoConfiguration matched:
      - @ConditionalOnClass found required class 'javax.transaction.Transaction' (OnClassCondition)
      - @ConditionalOnProperty (spring.jta.enabled) matched (OnPropertyCondition)

   LifecycleAutoConfiguration#defaultLifecycleProcessor matched:
      - @ConditionalOnMissingBean (names: lifecycleProcessor; SearchStrategy: current) did not find any beans (OnBeanCondition)

   MultipartAutoConfiguration matched:
      - @ConditionalOnClass found required classes 'javax.servlet.Servlet', 'org.springframework.web.multipart.support.StandardServletMultipartResolver', 'javax.servlet.MultipartConfigElement' (OnClassCondition)
      - found 'session' scope (OnWebApplicationCondition)
      - @ConditionalOnProperty (spring.servlet.multipart.enabled) matched (OnPropertyCondition)

   MultipartAutoConfiguration#multipartConfigElement matched:
      - @ConditionalOnMissingBean (types: javax.servlet.MultipartConfigElement,org.springframework.web.multipart.commons.CommonsMultipartResolver; SearchStrategy: all) did not find any beans (OnBeanCondition)

   MultipartAutoConfiguration#multipartResolver matched:
      - @ConditionalOnMissingBean (types: org.springframework.web.multipart.MultipartResolver; SearchStrategy: all) did not find any beans (OnBeanCondition)

   MybatisAutoConfiguration matched:
      - @ConditionalOnClass found required classes 'org.apache.ibatis.session.SqlSessionFactory', 'org.mybatis.spring.SqlSessionFactoryBean' (OnClassCondition)
      - @ConditionalOnSingleCandidate (types: javax.sql.DataSource; SearchStrategy: all) found a single bean 'dataSource' (OnBeanCondition)

   MybatisAutoConfiguration#sqlSessionFactory matched:
      - @ConditionalOnMissingBean (types: org.apache.ibatis.session.SqlSessionFactory; SearchStrategy: all) did not find any beans (OnBeanCondition)

   MybatisAutoConfiguration#sqlSessionTemplate matched:
      - @ConditionalOnMissingBean (types: org.mybatis.spring.SqlSessionTemplate; SearchStrategy: all) did not find any beans (OnBeanCondition)

   MybatisLanguageDriverAutoConfiguration matched:
      - @ConditionalOnClass found required class 'org.apache.ibatis.scripting.LanguageDriver' (OnClassCondition)

   NamedParameterJdbcTemplateConfiguration matched:
      - @ConditionalOnSingleCandidate (types: org.springframework.jdbc.core.JdbcTemplate; SearchStrategy: all) found a single bean 'jdbcTemplate'; @ConditionalOnMissingBean (types: org.springframework.jdbc.core.namedparam.NamedParameterJdbcOperations; SearchStrategy: all) did not find any beans (OnBeanCondition)

   NoOpCacheConfiguration matched:
      - Cache org.springframework.boot.autoconfigure.cache.NoOpCacheConfiguration automatic cache type (CacheCondition)

   OpenApiAutoConfiguration matched:
      - @ConditionalOnProperty (springfox.documentation.enabled=true) matched (OnPropertyCondition)

   OpenApiControllerWebMvc matched:
      - found 'session' scope (OnWebApplicationCondition)

   OpenApiWebMvcConfiguration matched:
      - found 'session' scope (OnWebApplicationCondition)

   PersistenceExceptionTranslationAutoConfiguration matched:
      - @ConditionalOnClass found required class 'org.springframework.dao.annotation.PersistenceExceptionTranslationPostProcessor' (OnClassCondition)

   PersistenceExceptionTranslationAutoConfiguration#persistenceExceptionTranslationPostProcessor matched:
      - @ConditionalOnProperty (spring.dao.exceptiontranslation.enabled) matched (OnPropertyCondition)
      - @ConditionalOnMissingBean (types: org.springframework.dao.annotation.PersistenceExceptionTranslationPostProcessor; SearchStrategy: all) did not find any beans (OnBeanCondition)

   PropertyPlaceholderAutoConfiguration#propertySourcesPlaceholderConfigurer matched:
      - @ConditionalOnMissingBean (types: org.springframework.context.support.PropertySourcesPlaceholderConfigurer; SearchStrategy: current) did not find any beans (OnBeanCondition)

   RestTemplateAutoConfiguration matched:
      - @ConditionalOnClass found required class 'org.springframework.web.client.RestTemplate' (OnClassCondition)
      - NoneNestedConditions 0 matched 1 did not; NestedCondition on RestTemplateAutoConfiguration.NotReactiveWebApplicationCondition.ReactiveWebApplication did not find reactive web application classes (RestTemplateAutoConfiguration.NotReactiveWebApplicationCondition)

   RestTemplateAutoConfiguration#restTemplateBuilder matched:
      - @ConditionalOnMissingBean (types: org.springframework.boot.web.client.RestTemplateBuilder; SearchStrategy: all) did not find any beans (OnBeanCondition)

   RestTemplateAutoConfiguration#restTemplateBuilderConfigurer matched:
      - @ConditionalOnMissingBean (types: org.springframework.boot.autoconfigure.web.client.RestTemplateBuilderConfigurer; SearchStrategy: all) did not find any beans (OnBeanCondition)

   ServletWebServerFactoryAutoConfiguration matched:
      - @ConditionalOnClass found required class 'javax.servlet.ServletRequest' (OnClassCondition)
      - found 'session' scope (OnWebApplicationCondition)

   ServletWebServerFactoryAutoConfiguration#tomcatServletWebServerFactoryCustomizer matched:
      - @ConditionalOnClass found required class 'org.apache.catalina.startup.Tomcat' (OnClassCondition)

   ServletWebServerFactoryConfiguration.EmbeddedTomcat matched:
      - @ConditionalOnClass found required classes 'javax.servlet.Servlet', 'org.apache.catalina.startup.Tomcat', 'org.apache.coyote.UpgradeProtocol' (OnClassCondition)
      - @ConditionalOnMissingBean (types: org.springframework.boot.web.servlet.server.ServletWebServerFactory; SearchStrategy: current) did not find any beans (OnBeanCondition)

   SimpleCacheConfiguration matched:
      - Cache org.springframework.boot.autoconfigure.cache.SimpleCacheConfiguration automatic cache type (CacheCondition)

   SpringApplicationAdminJmxAutoConfiguration matched:
      - @ConditionalOnProperty (spring.application.admin.enabled=true) matched (OnPropertyCondition)

   SpringApplicationAdminJmxAutoConfiguration#springApplicationAdminRegistrar matched:
      - @ConditionalOnMissingBean (types: org.springframework.boot.admin.SpringApplicationAdminMXBeanRegistrar; SearchStrategy: all) did not find any beans (OnBeanCondition)

   SpringfoxWebMvcConfiguration matched:
      - found 'session' scope (OnWebApplicationCondition)

   SqlInitializationAutoConfiguration matched:
      - @ConditionalOnProperty (spring.sql.init.enabled) matched (OnPropertyCondition)
      - NoneNestedConditions 0 matched 1 did not; NestedCondition on SqlInitializationAutoConfiguration.SqlInitializationModeCondition.ModeIsNever @ConditionalOnProperty (spring.sql.init.mode=never) did not find property 'mode' (SqlInitializationAutoConfiguration.SqlInitializationModeCondition)

   Swagger2ControllerWebMvc matched:
      - found 'session' scope (OnWebApplicationCondition)

   Swagger2WebMvcConfiguration matched:
      - found 'session' scope (OnWebApplicationCondition)

   SwaggerUiWebMvcConfiguration matched:
      - found 'session' scope (OnWebApplicationCondition)
      - @ConditionalOnProperty (springfox.documentation.swagger-ui.enabled=true) matched (OnPropertyCondition)

   TaskExecutionAutoConfiguration matched:
      - @ConditionalOnClass found required class 'org.springframework.scheduling.concurrent.ThreadPoolTaskExecutor' (OnClassCondition)

   TaskExecutionAutoConfiguration#applicationTaskExecutor matched:
      - @ConditionalOnMissingBean (types: java.util.concurrent.Executor; SearchStrategy: all) did not find any beans (OnBeanCondition)

   TaskExecutionAutoConfiguration#taskExecutorBuilder matched:
      - @ConditionalOnMissingBean (types: org.springframework.boot.task.TaskExecutorBuilder; SearchStrategy: all) did not find any beans (OnBeanCondition)

   TaskSchedulingAutoConfiguration matched:
      - @ConditionalOnClass found required class 'org.springframework.scheduling.concurrent.ThreadPoolTaskScheduler' (OnClassCondition)

   TaskSchedulingAutoConfiguration#scheduledBeanLazyInitializationExcludeFilter matched:
      - @ConditionalOnBean (names: org.springframework.context.annotation.internalScheduledAnnotationProcessor; SearchStrategy: all) found bean 'org.springframework.context.annotation.internalScheduledAnnotationProcessor' (OnBeanCondition)

   TaskSchedulingAutoConfiguration#taskSchedulerBuilder matched:
      - @ConditionalOnMissingBean (types: org.springframework.boot.task.TaskSchedulerBuilder; SearchStrategy: all) did not find any beans (OnBeanCondition)

   TransactionAutoConfiguration matched:
      - @ConditionalOnClass found required class 'org.springframework.transaction.PlatformTransactionManager' (OnClassCondition)

   TransactionAutoConfiguration#platformTransactionManagerCustomizers matched:
      - @ConditionalOnMissingBean (types: org.springframework.boot.autoconfigure.transaction.TransactionManagerCustomizers; SearchStrategy: all) did not find any beans (OnBeanCondition)

   TransactionAutoConfiguration.EnableTransactionManagementConfiguration matched:
      - @ConditionalOnBean (types: org.springframework.transaction.TransactionManager; SearchStrategy: all) found bean 'transactionManager'; @ConditionalOnMissingBean (types: org.springframework.transaction.annotation.AbstractTransactionManagementConfiguration; SearchStrategy: all) did not find any beans (OnBeanCondition)

   TransactionAutoConfiguration.EnableTransactionManagementConfiguration.CglibAutoProxyConfiguration matched:
      - @ConditionalOnProperty (spring.aop.proxy-target-class=true) matched (OnPropertyCondition)

   TransactionAutoConfiguration.TransactionTemplateConfiguration matched:
      - @ConditionalOnSingleCandidate (types: org.springframework.transaction.PlatformTransactionManager; SearchStrategy: all) found a single bean 'transactionManager' (OnBeanCondition)

   TransactionAutoConfiguration.TransactionTemplateConfiguration#transactionTemplate matched:
      - @ConditionalOnMissingBean (types: org.springframework.transaction.support.TransactionOperations; SearchStrategy: all) did not find any beans (OnBeanCondition)

   ValidationAutoConfiguration matched:
      - @ConditionalOnClass found required class 'javax.validation.executable.ExecutableValidator' (OnClassCondition)
      - @ConditionalOnResource found location classpath:META-INF/services/javax.validation.spi.ValidationProvider (OnResourceCondition)

   ValidationAutoConfiguration#defaultValidator matched:
      - @ConditionalOnMissingBean (types: javax.validation.Validator; SearchStrategy: all) did not find any beans (OnBeanCondition)

   ValidationAutoConfiguration#methodValidationPostProcessor matched:
      - @ConditionalOnMissingBean (types: org.springframework.validation.beanvalidation.MethodValidationPostProcessor; SearchStrategy: current) did not find any beans (OnBeanCondition)

   WebMvcAutoConfiguration matched:
      - @ConditionalOnClass found required classes 'javax.servlet.Servlet', 'org.springframework.web.servlet.DispatcherServlet', 'org.springframework.web.servlet.config.annotation.WebMvcConfigurer' (OnClassCondition)
      - found 'session' scope (OnWebApplicationCondition)
      - @ConditionalOnMissingBean (types: org.springframework.web.servlet.config.annotation.WebMvcConfigurationSupport; SearchStrategy: all) did not find any beans (OnBeanCondition)

   WebMvcAutoConfiguration#formContentFilter matched:
      - @ConditionalOnProperty (spring.mvc.formcontent.filter.enabled) matched (OnPropertyCondition)
      - @ConditionalOnMissingBean (types: org.springframework.web.filter.FormContentFilter; SearchStrategy: all) did not find any beans (OnBeanCondition)

   WebMvcAutoConfiguration.EnableWebMvcConfiguration#flashMapManager matched:
      - @ConditionalOnMissingBean (names: flashMapManager; SearchStrategy: all) did not find any beans (OnBeanCondition)

   WebMvcAutoConfiguration.EnableWebMvcConfiguration#localeResolver matched:
      - @ConditionalOnMissingBean (names: localeResolver; SearchStrategy: all) did not find any beans (OnBeanCondition)

   WebMvcAutoConfiguration.EnableWebMvcConfiguration#themeResolver matched:
      - @ConditionalOnMissingBean (names: themeResolver; SearchStrategy: all) did not find any beans (OnBeanCondition)

   WebMvcAutoConfiguration.WebMvcAutoConfigurationAdapter#defaultViewResolver matched:
      - @ConditionalOnMissingBean (types: org.springframework.web.servlet.view.InternalResourceViewResolver; SearchStrategy: all) did not find any beans (OnBeanCondition)

   WebMvcAutoConfiguration.WebMvcAutoConfigurationAdapter#requestContextFilter matched:
      - @ConditionalOnMissingBean (types: org.springframework.web.context.request.RequestContextListener,org.springframework.web.filter.RequestContextFilter; SearchStrategy: all) did not find any beans (OnBeanCondition)

   WebMvcAutoConfiguration.WebMvcAutoConfigurationAdapter#viewResolver matched:
      - @ConditionalOnBean (types: org.springframework.web.servlet.ViewResolver; SearchStrategy: all) found beans 'defaultViewResolver', 'beanNameViewResolver', 'mvcViewResolver'; @ConditionalOnMissingBean (names: viewResolver types: org.springframework.web.servlet.view.ContentNegotiatingViewResolver; SearchStrategy: all) did not find any beans (OnBeanCondition)

   WebMvcRequestHandlerProvider matched:
      - found 'session' scope (OnWebApplicationCondition)

   WebSocketMessagingAutoConfiguration matched:
      - @ConditionalOnClass found required class 'org.springframework.web.socket.config.annotation.WebSocketMessageBrokerConfigurer' (OnClassCondition)
      - found 'session' scope (OnWebApplicationCondition)

   WebSocketServletAutoConfiguration matched:
      - @ConditionalOnClass found required classes 'javax.servlet.Servlet', 'javax.websocket.server.ServerContainer' (OnClassCondition)
      - found 'session' scope (OnWebApplicationCondition)

   WebSocketServletAutoConfiguration.TomcatWebSocketConfiguration matched:
      - @ConditionalOnClass found required classes 'org.apache.catalina.startup.Tomcat', 'org.apache.tomcat.websocket.server.WsSci' (OnClassCondition)

   WebSocketServletAutoConfiguration.TomcatWebSocketConfiguration#websocketServletWebServerCustomizer matched:
      - @ConditionalOnMissingBean (names: websocketServletWebServerCustomizer; SearchStrategy: all) did not find any beans (OnBeanCondition)


Negative matches:
-----------------

   ActiveMQAutoConfiguration:
      Did not match:
         - @ConditionalOnClass did not find required class 'javax.jms.ConnectionFactory' (OnClassCondition)

   AopAutoConfiguration.AspectJAutoProxyingConfiguration:
      Did not match:
         - @ConditionalOnClass did not find required class 'org.aspectj.weaver.Advice' (OnClassCondition)

   ArtemisAutoConfiguration:
      Did not match:
         - @ConditionalOnClass did not find required class 'javax.jms.ConnectionFactory' (OnClassCondition)

   AtomikosJtaConfiguration:
      Did not match:
         - @ConditionalOnClass did not find required class 'com.atomikos.icatch.jta.UserTransactionManager' (OnClassCondition)

   BatchAutoConfiguration:
      Did not match:
         - @ConditionalOnClass did not find required class 'org.springframework.batch.core.launch.JobLauncher' (OnClassCondition)

   Cache2kCacheConfiguration:
      Did not match:
         - @ConditionalOnClass did not find required class 'org.cache2k.Cache2kBuilder' (OnClassCondition)

   CacheAutoConfiguration:
      Did not match:
         - @ConditionalOnBean (types: org.springframework.cache.interceptor.CacheAspectSupport; SearchStrategy: all) did not find any beans of type org.springframework.cache.interceptor.CacheAspectSupport (OnBeanCondition)
      Matched:
         - @ConditionalOnClass found required class 'org.springframework.cache.CacheManager' (OnClassCondition)

   CacheAutoConfiguration.CacheManagerEntityManagerFactoryDependsOnPostProcessor:
      Did not match:
         - @ConditionalOnClass did not find required class 'org.springframework.orm.jpa.LocalContainerEntityManagerFactoryBean' (OnClassCondition)
         - Ancestor org.springframework.boot.autoconfigure.cache.CacheAutoConfiguration did not match (ConditionEvaluationReport.AncestorsMatchedCondition)

   CaffeineCacheConfiguration:
      Did not match:
         - @ConditionalOnClass did not find required class 'com.github.benmanes.caffeine.cache.Caffeine' (OnClassCondition)

   CassandraAutoConfiguration:
      Did not match:
         - @ConditionalOnClass did not find required class 'com.datastax.oss.driver.api.core.CqlSession' (OnClassCondition)

   CassandraDataAutoConfiguration:
      Did not match:
         - @ConditionalOnClass did not find required class 'com.datastax.oss.driver.api.core.CqlSession' (OnClassCondition)

   CassandraReactiveDataAutoConfiguration:
      Did not match:
         - @ConditionalOnClass did not find required class 'com.datastax.oss.driver.api.core.CqlSession' (OnClassCondition)

   CassandraReactiveRepositoriesAutoConfiguration:
      Did not match:
         - @ConditionalOnClass did not find required class 'org.springframework.data.cassandra.ReactiveSession' (OnClassCondition)

   CassandraRepositoriesAutoConfiguration:
      Did not match:
         - @ConditionalOnClass did not find required class 'com.datastax.oss.driver.api.core.CqlSession' (OnClassCondition)

   ClientHttpConnectorAutoConfiguration:
      Did not match:
         - @ConditionalOnClass did not find required class 'org.springframework.web.reactive.function.client.WebClient' (OnClassCondition)

   CodecsAutoConfiguration:
      Did not match:
         - @ConditionalOnClass did not find required class 'org.springframework.web.reactive.function.client.WebClient' (OnClassCondition)

   CouchbaseAutoConfiguration:
      Did not match:
         - @ConditionalOnClass did not find required class 'com.couchbase.client.java.Cluster' (OnClassCondition)

   CouchbaseCacheConfiguration:
      Did not match:
         - @ConditionalOnClass did not find required class 'com.couchbase.client.java.Cluster' (OnClassCondition)

   CouchbaseDataAutoConfiguration:
      Did not match:
         - @ConditionalOnClass did not find required class 'com.couchbase.client.java.Bucket' (OnClassCondition)

   CouchbaseReactiveDataAutoConfiguration:
      Did not match:
         - @ConditionalOnClass did not find required class 'com.couchbase.client.java.Cluster' (OnClassCondition)

   CouchbaseReactiveRepositoriesAutoConfiguration:
      Did not match:
         - @ConditionalOnClass did not find required class 'com.couchbase.client.java.Cluster' (OnClassCondition)

   CouchbaseRepositoriesAutoConfiguration:
      Did not match:
         - @ConditionalOnClass did not find required class 'com.couchbase.client.java.Bucket' (OnClassCondition)

   DataSourceAutoConfiguration.EmbeddedDatabaseConfiguration:
      Did not match:
         - EmbeddedDataSource spring.datasource.url is set (DataSourceAutoConfiguration.EmbeddedDatabaseCondition)

   DataSourceConfiguration.Dbcp2:
      Did not match:
         - @ConditionalOnClass did not find required class 'org.apache.commons.dbcp2.BasicDataSource' (OnClassCondition)

   DataSourceConfiguration.Generic:
      Did not match:
         - @ConditionalOnProperty (spring.datasource.type) did not find property 'spring.datasource.type' (OnPropertyCondition)

   DataSourceConfiguration.OracleUcp:
      Did not match:
         - @ConditionalOnClass did not find required classes 'oracle.ucp.jdbc.PoolDataSourceImpl', 'oracle.jdbc.OracleConnection' (OnClassCondition)

   DataSourceConfiguration.Tomcat:
      Did not match:
         - @ConditionalOnClass did not find required class 'org.apache.tomcat.jdbc.pool.DataSource' (OnClassCondition)

   DataSourceJmxConfiguration.TomcatDataSourceJmxConfiguration:
      Did not match:
         - @ConditionalOnClass did not find required class 'org.apache.tomcat.jdbc.pool.DataSourceProxy' (OnClassCondition)

   DataSourcePoolMetadataProvidersConfiguration.CommonsDbcp2PoolDataSourceMetadataProviderConfiguration:
      Did not match:
         - @ConditionalOnClass did not find required class 'org.apache.commons.dbcp2.BasicDataSource' (OnClassCondition)

   DataSourcePoolMetadataProvidersConfiguration.OracleUcpPoolDataSourceMetadataProviderConfiguration:
      Did not match:
         - @ConditionalOnClass did not find required classes 'oracle.ucp.jdbc.PoolDataSource', 'oracle.jdbc.OracleConnection' (OnClassCondition)

   DataSourcePoolMetadataProvidersConfiguration.TomcatDataSourcePoolMetadataProviderConfiguration:
      Did not match:
         - @ConditionalOnClass did not find required class 'org.apache.tomcat.jdbc.pool.DataSource' (OnClassCondition)

   DispatcherServletAutoConfiguration.DispatcherServletConfiguration#multipartResolver:
      Did not match:
         - @ConditionalOnBean (types: org.springframework.web.multipart.MultipartResolver; SearchStrategy: all) did not find any beans of type org.springframework.web.multipart.MultipartResolver (OnBeanCondition)

   EhCacheCacheConfiguration:
      Did not match:
         - @ConditionalOnClass did not find required class 'net.sf.ehcache.Cache' (OnClassCondition)

   ElasticsearchDataAutoConfiguration:
      Did not match:
         - @ConditionalOnClass did not find required class 'org.springframework.data.elasticsearch.core.ElasticsearchRestTemplate' (OnClassCondition)

   ElasticsearchRepositoriesAutoConfiguration:
      Did not match:
         - @ConditionalOnClass did not find required class 'org.elasticsearch.client.Client' (OnClassCondition)

   ElasticsearchRestClientAutoConfiguration:
      Did not match:
         - @ConditionalOnClass did not find required class 'org.elasticsearch.client.RestClientBuilder' (OnClassCondition)

   EmbeddedLdapAutoConfiguration:
      Did not match:
         - @ConditionalOnClass did not find required class 'com.unboundid.ldap.listener.InMemoryDirectoryServer' (OnClassCondition)

   EmbeddedMongoAutoConfiguration:
      Did not match:
         - @ConditionalOnClass did not find required class 'com.mongodb.MongoClientSettings' (OnClassCondition)

   EmbeddedWebServerFactoryCustomizerAutoConfiguration.JettyWebServerFactoryCustomizerConfiguration:
      Did not match:
         - @ConditionalOnClass did not find required classes 'org.eclipse.jetty.server.Server', 'org.eclipse.jetty.util.Loader', 'org.eclipse.jetty.webapp.WebAppContext' (OnClassCondition)

   EmbeddedWebServerFactoryCustomizerAutoConfiguration.NettyWebServerFactoryCustomizerConfiguration:
      Did not match:
         - @ConditionalOnClass did not find required class 'reactor.netty.http.server.HttpServer' (OnClassCondition)

   EmbeddedWebServerFactoryCustomizerAutoConfiguration.UndertowWebServerFactoryCustomizerConfiguration:
      Did not match:
         - @ConditionalOnClass did not find required classes 'io.undertow.Undertow', 'org.xnio.SslClientAuthMode' (OnClassCondition)

   ErrorWebFluxAutoConfiguration:
      Did not match:
         - @ConditionalOnClass did not find required class 'org.springframework.web.reactive.config.WebFluxConfigurer' (OnClassCondition)

   FlywayAutoConfiguration:
      Did not match:
         - @ConditionalOnClass did not find required class 'org.flywaydb.core.Flyway' (OnClassCondition)

   FreeMarkerAutoConfiguration:
      Did not match:
         - @ConditionalOnClass did not find required class 'freemarker.template.Configuration' (OnClassCondition)

   GraphQlAutoConfiguration:
      Did not match:
         - @ConditionalOnClass did not find required class 'graphql.GraphQL' (OnClassCondition)

   GraphQlQueryByExampleAutoConfiguration:
      Did not match:
         - @ConditionalOnClass did not find required class 'graphql.GraphQL' (OnClassCondition)

   GraphQlQuerydslAutoConfiguration:
      Did not match:
         - @ConditionalOnClass did not find required class 'graphql.GraphQL' (OnClassCondition)

   GraphQlRSocketAutoConfiguration:
      Did not match:
         - @ConditionalOnClass did not find required class 'graphql.GraphQL' (OnClassCondition)

   GraphQlReactiveQueryByExampleAutoConfiguration:
      Did not match:
         - @ConditionalOnClass did not find required class 'graphql.GraphQL' (OnClassCondition)

   GraphQlReactiveQuerydslAutoConfiguration:
      Did not match:
         - @ConditionalOnClass did not find required class 'graphql.GraphQL' (OnClassCondition)

   GraphQlWebFluxAutoConfiguration:
      Did not match:
         - @ConditionalOnClass did not find required class 'graphql.GraphQL' (OnClassCondition)

   GraphQlWebFluxSecurityAutoConfiguration:
      Did not match:
         - @ConditionalOnClass did not find required class 'graphql.GraphQL' (OnClassCondition)

   GraphQlWebMvcAutoConfiguration:
      Did not match:
         - @ConditionalOnClass did not find required class 'graphql.GraphQL' (OnClassCondition)

   GraphQlWebMvcSecurityAutoConfiguration:
      Did not match:
         - @ConditionalOnClass did not find required class 'graphql.GraphQL' (OnClassCondition)

   GroovyTemplateAutoConfiguration:
      Did not match:
         - @ConditionalOnClass did not find required class 'groovy.text.markup.MarkupTemplateEngine' (OnClassCondition)

   GsonAutoConfiguration:
      Did not match:
         - @ConditionalOnClass did not find required class 'com.google.gson.Gson' (OnClassCondition)

   GsonHttpMessageConvertersConfiguration:
      Did not match:
         - @ConditionalOnClass did not find required class 'com.google.gson.Gson' (OnClassCondition)

   H2ConsoleAutoConfiguration:
      Did not match:
         - @ConditionalOnClass did not find required class 'org.h2.server.web.WebServlet' (OnClassCondition)

   HazelcastAutoConfiguration:
      Did not match:
         - @ConditionalOnClass did not find required class 'com.hazelcast.core.HazelcastInstance' (OnClassCondition)

   HazelcastCacheConfiguration:
      Did not match:
         - @ConditionalOnClass did not find required class 'com.hazelcast.core.HazelcastInstance' (OnClassCondition)

   HazelcastJpaDependencyAutoConfiguration:
      Did not match:
         - @ConditionalOnClass did not find required class 'com.hazelcast.core.HazelcastInstance' (OnClassCondition)

   HibernateJpaAutoConfiguration:
      Did not match:
         - @ConditionalOnClass did not find required class 'org.springframework.orm.jpa.LocalContainerEntityManagerFactoryBean' (OnClassCondition)

   HttpHandlerAutoConfiguration:
      Did not match:
         - @ConditionalOnClass did not find required class 'org.springframework.web.reactive.DispatcherHandler' (OnClassCondition)

   HypermediaAutoConfiguration:
      Did not match:
         - @ConditionalOnClass did not find required class 'org.springframework.hateoas.EntityModel' (OnClassCondition)

   InfinispanCacheConfiguration:
      Did not match:
         - @ConditionalOnClass did not find required class 'org.infinispan.spring.embedded.provider.SpringEmbeddedCacheManager' (OnClassCondition)

   InfluxDbAutoConfiguration:
      Did not match:
         - @ConditionalOnClass did not find required class 'org.influxdb.InfluxDB' (OnClassCondition)

   IntegrationAutoConfiguration:
      Did not match:
         - @ConditionalOnClass did not find required class 'org.springframework.integration.config.EnableIntegration' (OnClassCondition)

   JCacheCacheConfiguration:
      Did not match:
         - @ConditionalOnClass did not find required class 'javax.cache.Caching' (OnClassCondition)

   JacksonAutoConfiguration.JacksonObjectMapperConfiguration#jacksonObjectMapper:
      Did not match:
         - @ConditionalOnMissingBean (types: com.fasterxml.jackson.databind.ObjectMapper; SearchStrategy: all) found beans of type 'com.fasterxml.jackson.databind.ObjectMapper' objectMapper (OnBeanCondition)

   JacksonHttpMessageConvertersConfiguration.MappingJackson2XmlHttpMessageConverterConfiguration:
      Did not match:
         - @ConditionalOnClass did not find required class 'com.fasterxml.jackson.dataformat.xml.XmlMapper' (OnClassCondition)

   JdbcRepositoriesAutoConfiguration:
      Did not match:
         - @ConditionalOnClass did not find required class 'org.springframework.data.jdbc.repository.config.AbstractJdbcConfiguration' (OnClassCondition)

   JerseyAutoConfiguration:
      Did not match:
         - @ConditionalOnClass did not find required class 'org.glassfish.jersey.server.spring.SpringComponentProvider' (OnClassCondition)

   JmsAutoConfiguration:
      Did not match:
         - @ConditionalOnClass did not find required class 'javax.jms.Message' (OnClassCondition)

   JndiConnectionFactoryAutoConfiguration:
      Did not match:
         - @ConditionalOnClass did not find required class 'org.springframework.jms.core.JmsTemplate' (OnClassCondition)

   JndiDataSourceAutoConfiguration:
      Did not match:
         - @ConditionalOnProperty (spring.datasource.jndi-name) did not find property 'jndi-name' (OnPropertyCondition)
      Matched:
         - @ConditionalOnClass found required classes 'javax.sql.DataSource', 'org.springframework.jdbc.datasource.embedded.EmbeddedDatabaseType' (OnClassCondition)

   JndiJtaConfiguration:
      Did not match:
         - @ConditionalOnJndi JNDI environment is not available (OnJndiCondition)
      Matched:
         - @ConditionalOnClass found required class 'org.springframework.transaction.jta.JtaTransactionManager' (OnClassCondition)

   JooqAutoConfiguration:
      Did not match:
         - @ConditionalOnClass did not find required class 'org.jooq.DSLContext' (OnClassCondition)

   JpaRepositoriesAutoConfiguration:
      Did not match:
         - @ConditionalOnClass did not find required class 'org.springframework.data.jpa.repository.JpaRepository' (OnClassCondition)

   JsonbAutoConfiguration:
      Did not match:
         - @ConditionalOnClass did not find required class 'javax.json.bind.Jsonb' (OnClassCondition)

   JsonbHttpMessageConvertersConfiguration:
      Did not match:
         - @ConditionalOnClass did not find required class 'javax.json.bind.Jsonb' (OnClassCondition)

   KafkaAutoConfiguration:
      Did not match:
         - @ConditionalOnClass did not find required class 'org.springframework.kafka.core.KafkaTemplate' (OnClassCondition)

   LdapAutoConfiguration:
      Did not match:
         - @ConditionalOnClass did not find required class 'org.springframework.ldap.core.ContextSource' (OnClassCondition)

   LdapRepositoriesAutoConfiguration:
      Did not match:
         - @ConditionalOnClass did not find required class 'org.springframework.data.ldap.repository.LdapRepository' (OnClassCondition)

   LiquibaseAutoConfiguration:
      Did not match:
         - @ConditionalOnClass did not find required class 'liquibase.change.DatabaseChange' (OnClassCondition)

   MailSenderAutoConfiguration:
      Did not match:
         - @ConditionalOnClass did not find required class 'javax.mail.internet.MimeMessage' (OnClassCondition)

   MailSenderValidatorAutoConfiguration:
      Did not match:
         - @ConditionalOnSingleCandidate did not find required type 'org.springframework.mail.javamail.JavaMailSenderImpl' (OnBeanCondition)

   MessageSourceAutoConfiguration:
      Did not match:
         - ResourceBundle did not find bundle with basename messages (MessageSourceAutoConfiguration.ResourceBundleCondition)

   MongoAutoConfiguration:
      Did not match:
         - @ConditionalOnClass did not find required class 'com.mongodb.client.MongoClient' (OnClassCondition)

   MongoDataAutoConfiguration:
      Did not match:
         - @ConditionalOnClass did not find required class 'com.mongodb.client.MongoClient' (OnClassCondition)

   MongoReactiveAutoConfiguration:
      Did not match:
         - @ConditionalOnClass did not find required class 'com.mongodb.reactivestreams.client.MongoClient' (OnClassCondition)

   MongoReactiveDataAutoConfiguration:
      Did not match:
         - @ConditionalOnClass did not find required class 'com.mongodb.reactivestreams.client.MongoClient' (OnClassCondition)

   MongoReactiveRepositoriesAutoConfiguration:
      Did not match:
         - @ConditionalOnClass did not find required class 'com.mongodb.reactivestreams.client.MongoClient' (OnClassCondition)

   MongoRepositoriesAutoConfiguration:
      Did not match:
         - @ConditionalOnClass did not find required class 'com.mongodb.client.MongoClient' (OnClassCondition)

   MustacheAutoConfiguration:
      Did not match:
         - @ConditionalOnClass did not find required class 'com.samskivert.mustache.Mustache' (OnClassCondition)

   MybatisAutoConfiguration.MapperScannerRegistrarNotFoundConfiguration:
      Did not match:
         - @ConditionalOnMissingBean (types: org.mybatis.spring.mapper.MapperFactoryBean,org.mybatis.spring.mapper.MapperScannerConfigurer; SearchStrategy: all) found beans of type 'org.mybatis.spring.mapper.MapperScannerConfigurer' org.example.DbTestApplication#MapperScannerRegistrar#0 (OnBeanCondition)

   MybatisLanguageDriverAutoConfiguration.FreeMarkerConfiguration:
      Did not match:
         - @ConditionalOnClass did not find required classes 'org.mybatis.scripting.freemarker.FreeMarkerLanguageDriver', 'org.mybatis.scripting.freemarker.FreeMarkerLanguageDriverConfig' (OnClassCondition)

   MybatisLanguageDriverAutoConfiguration.LegacyFreeMarkerConfiguration:
      Did not match:
         - @ConditionalOnClass did not find required class 'org.mybatis.scripting.freemarker.FreeMarkerLanguageDriver' (OnClassCondition)

   MybatisLanguageDriverAutoConfiguration.LegacyVelocityConfiguration:
      Did not match:
         - @ConditionalOnClass did not find required class 'org.mybatis.scripting.velocity.Driver' (OnClassCondition)

   MybatisLanguageDriverAutoConfiguration.ThymeleafConfiguration:
      Did not match:
         - @ConditionalOnClass did not find required class 'org.mybatis.scripting.thymeleaf.ThymeleafLanguageDriver' (OnClassCondition)

   MybatisLanguageDriverAutoConfiguration.VelocityConfiguration:
      Did not match:
         - @ConditionalOnClass did not find required classes 'org.mybatis.scripting.velocity.VelocityLanguageDriver', 'org.mybatis.scripting.velocity.VelocityLanguageDriverConfig' (OnClassCondition)

   Neo4jAutoConfiguration:
      Did not match:
         - @ConditionalOnClass did not find required class 'org.neo4j.driver.Driver' (OnClassCondition)

   Neo4jDataAutoConfiguration:
      Did not match:
         - @ConditionalOnClass did not find required class 'org.neo4j.driver.Driver' (OnClassCondition)

   Neo4jReactiveDataAutoConfiguration:
      Did not match:
         - @ConditionalOnClass did not find required class 'org.neo4j.driver.Driver' (OnClassCondition)

   Neo4jReactiveRepositoriesAutoConfiguration:
      Did not match:
         - @ConditionalOnClass did not find required class 'org.neo4j.driver.Driver' (OnClassCondition)

   Neo4jRepositoriesAutoConfiguration:
      Did not match:
         - @ConditionalOnClass did not find required class 'org.neo4j.driver.Driver' (OnClassCondition)

   NettyAutoConfiguration:
      Did not match:
         - @ConditionalOnClass did not find required class 'io.netty.util.NettyRuntime' (OnClassCondition)

   OAuth2ClientAutoConfiguration:
      Did not match:
         - @ConditionalOnClass did not find required class 'org.springframework.security.config.annotation.web.configuration.EnableWebSecurity' (OnClassCondition)

   OAuth2ResourceServerAutoConfiguration:
      Did not match:
         - @ConditionalOnClass did not find required class 'org.springframework.security.oauth2.server.resource.BearerTokenAuthenticationToken' (OnClassCondition)

   OpenApiControllerWebFlux:
      Did not match:
         - did not find reactive web application classes (OnWebApplicationCondition)

   OpenApiWebFluxConfiguration:
      Did not match:
         - did not find reactive web application classes (OnWebApplicationCondition)

   ProjectInfoAutoConfiguration#buildProperties:
      Did not match:
         - @ConditionalOnResource did not find resource '${spring.info.build.location:classpath:META-INF/build-info.properties}' (OnResourceCondition)

   ProjectInfoAutoConfiguration#gitProperties:
      Did not match:
         - GitResource did not find git info at classpath:git.properties (ProjectInfoAutoConfiguration.GitResourceAvailableCondition)

   QuartzAutoConfiguration:
      Did not match:
         - @ConditionalOnClass did not find required class 'org.quartz.Scheduler' (OnClassCondition)

   R2dbcAutoConfiguration:
      Did not match:
         - @ConditionalOnClass did not find required class 'io.r2dbc.spi.ConnectionFactory' (OnClassCondition)

   R2dbcDataAutoConfiguration:
      Did not match:
         - @ConditionalOnClass did not find required class 'org.springframework.data.r2dbc.core.R2dbcEntityTemplate' (OnClassCondition)

   R2dbcInitializationConfiguration:
      Did not match:
         - @ConditionalOnClass did not find required classes 'io.r2dbc.spi.ConnectionFactory', 'org.springframework.r2dbc.connection.init.DatabasePopulator' (OnClassCondition)

   R2dbcRepositoriesAutoConfiguration:
      Did not match:
         - @ConditionalOnClass did not find required class 'io.r2dbc.spi.ConnectionFactory' (OnClassCondition)

   R2dbcTransactionManagerAutoConfiguration:
      Did not match:
         - @ConditionalOnClass did not find required class 'org.springframework.r2dbc.connection.R2dbcTransactionManager' (OnClassCondition)

   RSocketGraphQlClientAutoConfiguration:
      Did not match:
         - @ConditionalOnClass did not find required class 'graphql.GraphQL' (OnClassCondition)

   RSocketMessagingAutoConfiguration:
      Did not match:
         - @ConditionalOnClass did not find required class 'io.rsocket.RSocket' (OnClassCondition)

   RSocketRequesterAutoConfiguration:
      Did not match:
         - @ConditionalOnClass did not find required class 'io.rsocket.RSocket' (OnClassCondition)

   RSocketSecurityAutoConfiguration:
      Did not match:
         - @ConditionalOnClass did not find required class 'org.springframework.security.rsocket.core.SecuritySocketAcceptorInterceptor' (OnClassCondition)

   RSocketServerAutoConfiguration:
      Did not match:
         - @ConditionalOnClass did not find required class 'io.rsocket.core.RSocketServer' (OnClassCondition)

   RSocketStrategiesAutoConfiguration:
      Did not match:
         - @ConditionalOnClass did not find required class 'io.netty.buffer.PooledByteBufAllocator' (OnClassCondition)

   RabbitAutoConfiguration:
      Did not match:
         - @ConditionalOnClass did not find required class 'com.rabbitmq.client.Channel' (OnClassCondition)

   ReactiveElasticsearchRepositoriesAutoConfiguration:
      Did not match:
         - @ConditionalOnClass did not find required class 'org.springframework.data.elasticsearch.client.reactive.ReactiveElasticsearchClient' (OnClassCondition)

   ReactiveElasticsearchRestClientAutoConfiguration:
      Did not match:
         - @ConditionalOnClass did not find required class 'reactor.netty.http.client.HttpClient' (OnClassCondition)

   ReactiveMultipartAutoConfiguration:
      Did not match:
         - @ConditionalOnClass did not find required class 'org.springframework.web.reactive.config.WebFluxConfigurer' (OnClassCondition)

   ReactiveOAuth2ClientAutoConfiguration:
      Did not match:
         - @ConditionalOnClass did not find required class 'reactor.core.publisher.Flux' (OnClassCondition)

   ReactiveOAuth2ResourceServerAutoConfiguration:
      Did not match:
         - @ConditionalOnClass did not find required class 'org.springframework.security.config.annotation.web.reactive.EnableWebFluxSecurity' (OnClassCondition)

   ReactiveSecurityAutoConfiguration:
      Did not match:
         - @ConditionalOnClass did not find required class 'reactor.core.publisher.Flux' (OnClassCondition)

   ReactiveUserDetailsServiceAutoConfiguration:
      Did not match:
         - @ConditionalOnClass did not find required class 'org.springframework.security.authentication.ReactiveAuthenticationManager' (OnClassCondition)

   ReactiveWebServerFactoryAutoConfiguration:
      Did not match:
         - @ConditionalOnWebApplication did not find reactive web application classes (OnWebApplicationCondition)

   RedisAutoConfiguration:
      Did not match:
         - @ConditionalOnClass did not find required class 'org.springframework.data.redis.core.RedisOperations' (OnClassCondition)

   RedisCacheConfiguration:
      Did not match:
         - @ConditionalOnClass did not find required class 'org.springframework.data.redis.connection.RedisConnectionFactory' (OnClassCondition)

   RedisReactiveAutoConfiguration:
      Did not match:
         - @ConditionalOnClass did not find required class 'reactor.core.publisher.Flux' (OnClassCondition)

   RedisRepositoriesAutoConfiguration:
      Did not match:
         - @ConditionalOnClass did not find required class 'org.springframework.data.redis.repository.configuration.EnableRedisRepositories' (OnClassCondition)

   RepositoryRestMvcAutoConfiguration:
      Did not match:
         - @ConditionalOnClass did not find required class 'org.springframework.data.rest.webmvc.config.RepositoryRestMvcConfiguration' (OnClassCondition)

   Saml2RelyingPartyAutoConfiguration:
      Did not match:
         - @ConditionalOnClass did not find required class 'org.springframework.security.saml2.provider.service.registration.RelyingPartyRegistrationRepository' (OnClassCondition)

   SecurityAutoConfiguration:
      Did not match:
         - @ConditionalOnClass did not find required class 'org.springframework.security.authentication.DefaultAuthenticationEventPublisher' (OnClassCondition)

   SecurityFilterAutoConfiguration:
      Did not match:
         - @ConditionalOnClass did not find required class 'org.springframework.security.config.http.SessionCreationPolicy' (OnClassCondition)

   SendGridAutoConfiguration:
      Did not match:
         - @ConditionalOnClass did not find required class 'com.sendgrid.SendGrid' (OnClassCondition)

   ServletWebServerFactoryAutoConfiguration.ForwardedHeaderFilterConfiguration:
      Did not match:
         - @ConditionalOnProperty (server.forward-headers-strategy=framework) did not find property 'server.forward-headers-strategy' (OnPropertyCondition)

   ServletWebServerFactoryConfiguration.EmbeddedJetty:
      Did not match:
         - @ConditionalOnClass did not find required classes 'org.eclipse.jetty.server.Server', 'org.eclipse.jetty.util.Loader', 'org.eclipse.jetty.webapp.WebAppContext' (OnClassCondition)

   ServletWebServerFactoryConfiguration.EmbeddedUndertow:
      Did not match:
         - @ConditionalOnClass did not find required classes 'io.undertow.Undertow', 'org.xnio.SslClientAuthMode' (OnClassCondition)

   SessionAutoConfiguration:
      Did not match:
         - @ConditionalOnClass did not find required class 'org.springframework.session.Session' (OnClassCondition)

   SolrAutoConfiguration:
      Did not match:
         - @ConditionalOnClass did not find required class 'org.apache.solr.client.solrj.impl.CloudSolrClient' (OnClassCondition)

   SpringDataRestConfiguration:
      Did not match:
         - @ConditionalOnClass did not find required class 'org.springframework.data.rest.core.config.RepositoryRestConfiguration' (OnClassCondition)

   SpringDataWebAutoConfiguration:
      Did not match:
         - @ConditionalOnClass did not find required class 'org.springframework.data.web.PageableHandlerMethodArgumentResolver' (OnClassCondition)

   SpringfoxWebFluxConfiguration:
      Did not match:
         - did not find reactive web application classes (OnWebApplicationCondition)

   Swagger2ControllerWebFlux:
      Did not match:
         - did not find reactive web application classes (OnWebApplicationCondition)

   Swagger2WebFluxConfiguration:
      Did not match:
         - did not find reactive web application classes (OnWebApplicationCondition)

   SwaggerUiWebFluxConfiguration:
      Did not match:
         - did not find reactive web application classes (OnWebApplicationCondition)

   TaskSchedulingAutoConfiguration#taskScheduler:
      Did not match:
         - @ConditionalOnMissingBean (types: org.springframework.scheduling.annotation.SchedulingConfigurer,org.springframework.scheduling.TaskScheduler,java.util.concurrent.ScheduledExecutorService; SearchStrategy: all) found beans of type 'org.springframework.scheduling.TaskScheduler' defaultSockJsTaskScheduler (OnBeanCondition)

   ThymeleafAutoConfiguration:
      Did not match:
         - @ConditionalOnClass did not find required class 'org.thymeleaf.spring5.SpringTemplateEngine' (OnClassCondition)

   TransactionAutoConfiguration#transactionalOperator:
      Did not match:
         - @ConditionalOnSingleCandidate (types: org.springframework.transaction.ReactiveTransactionManager; SearchStrategy: all) did not find any beans (OnBeanCondition)

   TransactionAutoConfiguration.AspectJTransactionManagementConfiguration:
      Did not match:
         - @ConditionalOnBean did not find required type 'org.springframework.transaction.aspectj.AbstractTransactionAspect' (OnBeanCondition)
         - @ConditionalOnBean (types: org.springframework.transaction.aspectj.AbstractTransactionAspect; SearchStrategy: all) did not find any beans of type org.springframework.transaction.aspectj.AbstractTransactionAspect (OnBeanCondition)

   TransactionAutoConfiguration.EnableTransactionManagementConfiguration.JdkDynamicAutoProxyConfiguration:
      Did not match:
         - @ConditionalOnProperty (spring.aop.proxy-target-class=false) did not find property 'proxy-target-class' (OnPropertyCondition)

   UserDetailsServiceAutoConfiguration:
      Did not match:
         - @ConditionalOnClass did not find required class 'org.springframework.security.authentication.AuthenticationManager' (OnClassCondition)

   WebClientAutoConfiguration:
      Did not match:
         - @ConditionalOnClass did not find required class 'org.springframework.web.reactive.function.client.WebClient' (OnClassCondition)

   WebFluxAutoConfiguration:
      Did not match:
         - @ConditionalOnClass did not find required class 'org.springframework.web.reactive.config.WebFluxConfigurer' (OnClassCondition)

   WebFluxRequestHandlerProvider:
      Did not match:
         - did not find reactive web application classes (OnWebApplicationCondition)

   WebMvcAutoConfiguration#hiddenHttpMethodFilter:
      Did not match:
         - @ConditionalOnProperty (spring.mvc.hiddenmethod.filter.enabled) did not find property 'enabled' (OnPropertyCondition)

   WebMvcAutoConfiguration.ResourceChainCustomizerConfiguration:
      Did not match:
         - @ConditionalOnEnabledResourceChain did not find class org.webjars.WebJarAssetLocator (OnEnabledResourceChainCondition)

   WebMvcAutoConfiguration.WebMvcAutoConfigurationAdapter#beanNameViewResolver:
      Did not match:
         - @ConditionalOnMissingBean (types: org.springframework.web.servlet.view.BeanNameViewResolver; SearchStrategy: all) found beans of type 'org.springframework.web.servlet.view.BeanNameViewResolver' beanNameViewResolver (OnBeanCondition)

   WebServiceTemplateAutoConfiguration:
      Did not match:
         - @ConditionalOnClass did not find required class 'org.springframework.oxm.Marshaller' (OnClassCondition)

   WebServicesAutoConfiguration:
      Did not match:
         - @ConditionalOnClass did not find required class 'org.springframework.ws.transport.http.MessageDispatcherServlet' (OnClassCondition)

   WebSessionIdResolverAutoConfiguration:
      Did not match:
         - @ConditionalOnClass did not find required class 'reactor.core.publisher.Mono' (OnClassCondition)

   WebSocketMessagingAutoConfiguration.WebSocketMessageConverterConfiguration:
      Did not match:
         - @ConditionalOnBean (types: org.springframework.web.socket.config.annotation.DelegatingWebSocketMessageBrokerConfiguration,com.fasterxml.jackson.databind.ObjectMapper; SearchStrategy: all) did not find any beans of type org.springframework.web.socket.config.annotation.DelegatingWebSocketMessageBrokerConfiguration (OnBeanCondition)
      Matched:
         - @ConditionalOnClass found required classes 'com.fasterxml.jackson.databind.ObjectMapper', 'org.springframework.messaging.simp.config.AbstractMessageBrokerConfiguration' (OnClassCondition)

   WebSocketReactiveAutoConfiguration:
      Did not match:
         - @ConditionalOnWebApplication did not find reactive web application classes (OnWebApplicationCondition)

   WebSocketServletAutoConfiguration.Jetty10WebSocketConfiguration:
      Did not match:
         - @ConditionalOnClass did not find required classes 'org.eclipse.jetty.websocket.javax.server.internal.JavaxWebSocketServerContainer', 'org.eclipse.jetty.websocket.server.JettyWebSocketServerContainer' (OnClassCondition)

   WebSocketServletAutoConfiguration.JettyWebSocketConfiguration:
      Did not match:
         - @ConditionalOnClass did not find required class 'org.eclipse.jetty.websocket.jsr356.server.deploy.WebSocketServerContainerInitializer' (OnClassCondition)

   WebSocketServletAutoConfiguration.UndertowWebSocketConfiguration:
      Did not match:
         - @ConditionalOnClass did not find required class 'io.undertow.websockets.jsr.Bootstrap' (OnClassCondition)

   XADataSourceAutoConfiguration:
      Did not match:
         - @ConditionalOnBean (types: org.springframework.boot.jdbc.XADataSourceWrapper; SearchStrategy: all) did not find any beans of type org.springframework.boot.jdbc.XADataSourceWrapper (OnBeanCondition)
      Matched:
         - @ConditionalOnClass found required classes 'javax.sql.DataSource', 'javax.transaction.TransactionManager', 'org.springframework.jdbc.datasource.embedded.EmbeddedDatabaseType' (OnClassCondition)


Exclusions:
-----------

    None


Unconditional classes:
----------------------

    org.springframework.boot.autoconfigure.context.ConfigurationPropertiesAutoConfiguration

    org.springframework.boot.autoconfigure.context.LifecycleAutoConfiguration

    org.springframework.boot.autoconfigure.context.PropertyPlaceholderAutoConfiguration

    org.springframework.boot.autoconfigure.availability.ApplicationAvailabilityAutoConfiguration

    org.springframework.boot.autoconfigure.info.ProjectInfoAutoConfiguration



2026-03-15 12:54:35.830  INFO 54685 --- [main] s.a.ScheduledAnnotationBeanPostProcessor : No TaskScheduler/ScheduledExecutorService bean found for scheduled processing
2026-03-15 12:54:35.832 DEBUG 54685 --- [main] ySourcesPropertyResolver$DefaultResolver : Found key 'spring.liveBeansView.mbeanDomain' in PropertySource 'systemProperties' with value of type String
2026-03-15 12:54:35.834  INFO 54685 --- [main] org.example.DbTestApplication            : Started DbTestApplication in 2.617 seconds (JVM running for 3.506)
2026-03-15 12:54:35.834  INFO 54685 --- [pool-3-thread-1] com.zaxxer.hikari.HikariDataSource       : HikariPool-1 - Starting...
2026-03-15 12:54:35.835 DEBUG 54685 --- [main] o.s.b.a.ApplicationAvailabilityBean      : Application availability state LivenessState changed to CORRECT
2026-03-15 12:54:35.836 DEBUG 54685 --- [main] o.s.b.a.ApplicationAvailabilityBean      : Application availability state ReadinessState changed to ACCEPTING_TRAFFIC
2026-03-15 12:54:35.935  INFO 54685 --- [pool-3-thread-1] com.zaxxer.hikari.HikariDataSource       : HikariPool-1 - Start completed.
2026-03-15 12:54:35.952 DEBUG 54685 --- [pool-3-thread-1] o.e.d.O.findExpiredUnpaidOrders          : ==>  Preparing: SELECT * FROM `order` WHERE payment_status = 0 AND order_status = 0 AND create_time <= ? ORDER BY create_time ASC
2026-03-15 12:54:35.963 DEBUG 54685 --- [pool-3-thread-1] o.e.d.O.findExpiredUnpaidOrders          : ==> Parameters: 2026-03-15 12:39:35.941(Timestamp)
2026-03-15 12:54:35.988 DEBUG 54685 --- [pool-3-thread-1] o.e.d.O.findExpiredUnpaidOrders          : <==      Total: 0
2026-03-15 12:54:43.547  INFO 54685 --- [http-nio-8080-exec-5] o.a.c.c.C.[Tomcat].[localhost].[/]       : Initializing Spring DispatcherServlet 'dispatcherServlet'
2026-03-15 12:54:43.547  INFO 54685 --- [http-nio-8080-exec-5] o.s.web.servlet.DispatcherServlet        : Initializing Servlet 'dispatcherServlet'
2026-03-15 12:54:43.548 DEBUG 54685 --- [http-nio-8080-exec-5] o.s.web.servlet.DispatcherServlet        : Detected StandardServletMultipartResolver
2026-03-15 12:54:43.548 DEBUG 54685 --- [http-nio-8080-exec-5] o.s.web.servlet.DispatcherServlet        : Detected AcceptHeaderLocaleResolver
2026-03-15 12:54:43.548 DEBUG 54685 --- [http-nio-8080-exec-5] o.s.web.servlet.DispatcherServlet        : Detected FixedThemeResolver
2026-03-15 12:54:43.549 DEBUG 54685 --- [http-nio-8080-exec-5] o.s.web.servlet.DispatcherServlet        : Detected org.springframework.web.servlet.view.DefaultRequestToViewNameTranslator@24aedcc5
2026-03-15 12:54:43.549 DEBUG 54685 --- [http-nio-8080-exec-5] o.s.web.servlet.DispatcherServlet        : Detected org.springframework.web.servlet.support.SessionFlashMapManager@247bbfba
2026-03-15 12:54:43.549 DEBUG 54685 --- [http-nio-8080-exec-5] o.s.web.servlet.DispatcherServlet        : enableLoggingRequestDetails='false': request parameters and headers will be masked to prevent unsafe logging of potentially sensitive data
2026-03-15 12:54:43.549  INFO 54685 --- [http-nio-8080-exec-5] o.s.web.servlet.DispatcherServlet        : Completed initialization in 2 ms
2026-03-15 12:54:43.557 DEBUG 54685 --- [http-nio-8080-exec-6] o.s.web.servlet.DispatcherServlet        : GET "/uploads/frontend-images/category3.jpg", parameters={}
2026-03-15 12:54:43.557 DEBUG 54685 --- [http-nio-8080-exec-5] o.s.web.servlet.DispatcherServlet        : GET "/uploads/frontend-images/category1.jpg", parameters={}
2026-03-15 12:54:43.557 DEBUG 54685 --- [http-nio-8080-exec-4] o.s.web.servlet.DispatcherServlet        : GET "/uploads/frontend-images/banner.jpg", parameters={}
2026-03-15 12:54:43.557 DEBUG 54685 --- [http-nio-8080-exec-7] o.s.web.servlet.DispatcherServlet        : GET "/uploads/frontend-images/category2.jpg", parameters={}
2026-03-15 12:54:43.559 DEBUG 54685 --- [http-nio-8080-exec-2] o.s.web.servlet.DispatcherServlet        : GET "/ws/chat?userId=15", parameters={masked}
2026-03-15 12:54:43.561 DEBUG 54685 --- [http-nio-8080-exec-2] o.s.w.s.s.s.WebSocketHandlerMapping      : Mapped to org.springframework.web.socket.server.support.WebSocketHttpRequestHandler@7eee6c13
2026-03-15 12:54:43.562 DEBUG 54685 --- [http-nio-8080-exec-5] o.s.w.s.handler.SimpleUrlHandlerMapping  : Mapped to ResourceHttpRequestHandler [classpath [static/uploads/]]
2026-03-15 12:54:43.562 DEBUG 54685 --- [http-nio-8080-exec-7] o.s.w.s.handler.SimpleUrlHandlerMapping  : Mapped to ResourceHttpRequestHandler [classpath [static/uploads/]]
2026-03-15 12:54:43.562 DEBUG 54685 --- [http-nio-8080-exec-6] o.s.w.s.handler.SimpleUrlHandlerMapping  : Mapped to ResourceHttpRequestHandler [classpath [static/uploads/]]
2026-03-15 12:54:43.562 DEBUG 54685 --- [http-nio-8080-exec-2] o.s.w.s.s.s.WebSocketHttpRequestHandler  : GET /ws/chat
2026-03-15 12:54:43.562 DEBUG 54685 --- [http-nio-8080-exec-4] o.s.w.s.handler.SimpleUrlHandlerMapping  : Mapped to ResourceHttpRequestHandler [classpath [static/uploads/]]
2026-03-15 12:54:43.563 DEBUG 54685 --- [http-nio-8080-exec-5] o.s.web.servlet.DispatcherServlet        : Completed 304 NOT_MODIFIED
2026-03-15 12:54:43.563 DEBUG 54685 --- [http-nio-8080-exec-9] o.s.web.servlet.DispatcherServlet        : GET "/attendant/recommended", parameters={}
2026-03-15 12:54:43.563 DEBUG 54685 --- [http-nio-8080-exec-8] o.s.web.servlet.DispatcherServlet        : GET "/api/chat/contacts", parameters={}
2026-03-15 12:54:43.563 DEBUG 54685 --- [http-nio-8080-exec-7] o.s.web.servlet.DispatcherServlet        : Completed 304 NOT_MODIFIED
2026-03-15 12:54:43.563 DEBUG 54685 --- [http-nio-8080-exec-6] o.s.web.servlet.DispatcherServlet        : Completed 304 NOT_MODIFIED
2026-03-15 12:54:43.563 DEBUG 54685 --- [http-nio-8080-exec-10] o.s.web.servlet.DispatcherServlet        : GET "/uploads/frontend-images/category4.jpg", parameters={}
2026-03-15 12:54:43.565 DEBUG 54685 --- [http-nio-8080-exec-10] o.s.w.s.handler.SimpleUrlHandlerMapping  : Mapped to ResourceHttpRequestHandler [classpath [static/uploads/]]
2026-03-15 12:54:43.563 DEBUG 54685 --- [http-nio-8080-exec-8] s.w.s.m.m.a.RequestMappingHandlerMapping : Mapped to org.example.controller.ChatController#getRecentContacts(HttpServletRequest)
2026-03-15 12:54:43.566 DEBUG 54685 --- [http-nio-8080-exec-10] o.s.web.servlet.DispatcherServlet        : Completed 304 NOT_MODIFIED
2026-03-15 12:54:43.565 DEBUG 54685 --- [http-nio-8080-exec-1] o.s.web.servlet.DispatcherServlet        : GET "/uploads/frontend-images/mynewlogo.png", parameters={}
2026-03-15 12:54:43.563 DEBUG 54685 --- [http-nio-8080-exec-4] o.s.web.servlet.DispatcherServlet        : Completed 304 NOT_MODIFIED
2026-03-15 12:54:43.564 DEBUG 54685 --- [http-nio-8080-exec-9] s.w.s.m.m.a.RequestMappingHandlerMapping : Mapped to org.example.controller.AttendantController#getRecommendedAttendants()
2026-03-15 12:54:43.568 DEBUG 54685 --- [http-nio-8080-exec-1] o.s.w.s.handler.SimpleUrlHandlerMapping  : Mapped to ResourceHttpRequestHandler [classpath [static/uploads/]]
2026-03-15 12:54:43.568 DEBUG 54685 --- [http-nio-8080-exec-1] o.s.web.servlet.DispatcherServlet        : Completed 304 NOT_MODIFIED
2026-03-15 12:54:43.584 DEBUG 54685 --- [http-nio-8080-exec-9] o.e.dao.AttendantMapper.findRecommended  : ==>  Preparing: SELECT * FROM attendant WHERE status = 1 ORDER BY score DESC, experience_years DESC LIMIT 10
2026-03-15 12:54:43.584 DEBUG 54685 --- [http-nio-8080-exec-9] o.e.dao.AttendantMapper.findRecommended  : ==> Parameters: 
2026-03-15 12:54:43.592 DEBUG 54685 --- [http-nio-8080-exec-2] o.s.web.servlet.DispatcherServlet        : Completed 101 SWITCHING_PROTOCOLS
2026-03-15 12:54:43.593 DEBUG 54685 --- [http-nio-8080-exec-9] o.e.dao.AttendantMapper.findRecommended  : <==      Total: 5
2026-03-15 12:54:43.602 DEBUG 54685 --- [http-nio-8080-exec-9] org.example.dao.UserMapper.findById      : ==>  Preparing: SELECT * FROM user WHERE id = ?
2026-03-15 12:54:43.606 DEBUG 54685 --- [http-nio-8080-exec-9] org.example.dao.UserMapper.findById      : ==> Parameters: 21(Integer)
2026-03-15 12:54:43.609 DEBUG 54685 --- [http-nio-8080-exec-2] s.w.s.h.LoggingWebSocketHandlerDecorator : New StandardWebSocketSession[id=0d38828f-9a0a-0525-6328-2cb74c7f6429, uri=ws://localhost:8080/ws/chat?userId=15]
2026-03-15 12:54:43.611 DEBUG 54685 --- [http-nio-8080-exec-9] org.example.dao.UserMapper.findById      : <==      Total: 1
2026-03-15 12:54:43.613 DEBUG 54685 --- [http-nio-8080-exec-9] org.example.dao.UserMapper.findById      : ==>  Preparing: SELECT * FROM user WHERE id = ?
2026-03-15 12:54:43.613  INFO 54685 --- [http-nio-8080-exec-2] o.example.handler.ChatWebSocketHandler   : 聊天 WebSocket 连接建立: 用户 15
2026-03-15 12:54:43.613 DEBUG 54685 --- [http-nio-8080-exec-9] org.example.dao.UserMapper.findById      : ==> Parameters: 23(Integer)
2026-03-15 12:54:43.615 DEBUG 54685 --- [http-nio-8080-exec-9] org.example.dao.UserMapper.findById      : <==      Total: 1
2026-03-15 12:54:43.616 DEBUG 54685 --- [http-nio-8080-exec-9] org.example.dao.UserMapper.findById      : ==>  Preparing: SELECT * FROM user WHERE id = ?
2026-03-15 12:54:43.616 DEBUG 54685 --- [http-nio-8080-exec-9] org.example.dao.UserMapper.findById      : ==> Parameters: 24(Integer)
2026-03-15 12:54:43.618 DEBUG 54685 --- [http-nio-8080-exec-9] org.example.dao.UserMapper.findById      : <==      Total: 1
2026-03-15 12:54:43.618 DEBUG 54685 --- [http-nio-8080-exec-9] org.example.dao.UserMapper.findById      : ==>  Preparing: SELECT * FROM user WHERE id = ?
2026-03-15 12:54:43.618 DEBUG 54685 --- [http-nio-8080-exec-9] org.example.dao.UserMapper.findById      : ==> Parameters: 25(Integer)
2026-03-15 12:54:43.619 DEBUG 54685 --- [http-nio-8080-exec-9] org.example.dao.UserMapper.findById      : <==      Total: 1
2026-03-15 12:54:43.619 DEBUG 54685 --- [http-nio-8080-exec-9] org.example.dao.UserMapper.findById      : ==>  Preparing: SELECT * FROM user WHERE id = ?
2026-03-15 12:54:43.619 DEBUG 54685 --- [http-nio-8080-exec-9] org.example.dao.UserMapper.findById      : ==> Parameters: 1(Integer)
2026-03-15 12:54:43.620 DEBUG 54685 --- [http-nio-8080-exec-9] org.example.dao.UserMapper.findById      : <==      Total: 1
2026-03-15 12:54:43.630 ERROR 54685 --- [http-nio-8080-exec-8] org.example.unity.JwtUtil                : Token解析失败: JWT signature does not match locally computed signature. JWT validity cannot be asserted and should not be trusted.
2026-03-15 12:54:43.630  WARN 54685 --- [http-nio-8080-exec-8] org.example.util.AuthUtil                : 获取用户ID失败: 无效的Token
2026-03-15 12:54:43.631 DEBUG 54685 --- [http-nio-8080-exec-9] m.m.a.RequestResponseBodyMethodProcessor : Using 'application/json', given [*/*] and supported [application/json, application/*+json, application/json, application/*+json]
2026-03-15 12:54:43.631 DEBUG 54685 --- [http-nio-8080-exec-9] m.m.a.RequestResponseBodyMethodProcessor : Writing [org.example.common.ResponseResult@4b32043e]
2026-03-15 12:54:43.633 DEBUG 54685 --- [http-nio-8080-exec-8] o.e.d.C.findRecentContacts               : ==>  Preparing: SELECT m.*, CASE WHEN m.sender_id = 0 THEN '系统通知' ELSE u.name END as sender_name, CASE WHEN m.sender_id = 0 THEN '/static/logo.png' ELSE u.avatar END as sender_avatar, (SELECT COUNT(*) FROM chat_message cm WHERE cm.sender_id = contact_id AND cm.receiver_id = ? AND cm.is_read = 0) as unread_count FROM ( SELECT CASE WHEN sender_id = ? THEN receiver_id ELSE sender_id END as contact_id, MAX(create_time) as max_time FROM chat_message WHERE sender_id = ? OR receiver_id = ? GROUP BY contact_id ) t JOIN chat_message m ON ( (m.sender_id = ? AND m.receiver_id = t.contact_id) OR (m.sender_id = t.contact_id AND m.receiver_id = ?) ) AND m.create_time = t.max_time LEFT JOIN user u ON u.id = t.contact_id ORDER BY m.create_time DESC
2026-03-15 12:54:43.633 DEBUG 54685 --- [http-nio-8080-exec-8] o.e.d.C.findRecentContacts               : ==> Parameters: null, null, null, null, null, null
2026-03-15 12:54:43.640 DEBUG 54685 --- [http-nio-8080-exec-8] o.e.d.C.findRecentContacts               : <==      Total: 0
2026-03-15 12:54:43.641 DEBUG 54685 --- [http-nio-8080-exec-9] o.s.web.servlet.DispatcherServlet        : Completed 200 OK
2026-03-15 12:54:43.641 DEBUG 54685 --- [http-nio-8080-exec-8] m.m.a.RequestResponseBodyMethodProcessor : Using 'application/json', given [*/*] and supported [application/json, application/*+json, application/json, application/*+json]
2026-03-15 12:54:43.641 DEBUG 54685 --- [http-nio-8080-exec-8] m.m.a.RequestResponseBodyMethodProcessor : Writing [org.example.common.ResponseResult@4f22b1cf]
2026-03-15 12:54:43.641 DEBUG 54685 --- [http-nio-8080-exec-8] o.s.web.servlet.DispatcherServlet        : Completed 200 OK
2026-03-15 12:54:43.647 DEBUG 54685 --- [http-nio-8080-exec-5] o.s.web.servlet.DispatcherServlet        : GET "/uploads/frontend-images/default-avatar.jpg", parameters={}
2026-03-15 12:54:43.647 DEBUG 54685 --- [http-nio-8080-exec-3] o.s.web.servlet.DispatcherServlet        : GET "/uploads/03_Medicalcompanion.jpg", parameters={}
2026-03-15 12:54:43.647 DEBUG 54685 --- [http-nio-8080-exec-6] o.s.web.servlet.DispatcherServlet        : GET "/uploads/04_Medicalcompanion.jpg", parameters={}
2026-03-15 12:54:43.647 DEBUG 54685 --- [http-nio-8080-exec-10] o.s.web.servlet.DispatcherServlet        : GET "/uploads/02_Medicalcompanion.jpg", parameters={}
2026-03-15 12:54:43.647 DEBUG 54685 --- [http-nio-8080-exec-5] o.s.w.s.handler.SimpleUrlHandlerMapping  : Mapped to ResourceHttpRequestHandler [classpath [static/uploads/]]
2026-03-15 12:54:43.648 DEBUG 54685 --- [http-nio-8080-exec-5] o.s.web.servlet.DispatcherServlet        : Completed 304 NOT_MODIFIED
2026-03-15 12:54:43.648 DEBUG 54685 --- [http-nio-8080-exec-3] o.s.w.s.handler.SimpleUrlHandlerMapping  : Mapped to ResourceHttpRequestHandler [classpath [static/uploads/]]
2026-03-15 12:54:43.648 DEBUG 54685 --- [http-nio-8080-exec-10] o.s.w.s.handler.SimpleUrlHandlerMapping  : Mapped to ResourceHttpRequestHandler [classpath [static/uploads/]]
2026-03-15 12:54:43.648 DEBUG 54685 --- [http-nio-8080-exec-7] o.s.web.servlet.DispatcherServlet        : GET "/ws/chat?userId=15", parameters={masked}
2026-03-15 12:54:43.648 DEBUG 54685 --- [http-nio-8080-exec-6] o.s.w.s.handler.SimpleUrlHandlerMapping  : Mapped to ResourceHttpRequestHandler [classpath [static/uploads/]]
2026-03-15 12:54:43.649 DEBUG 54685 --- [http-nio-8080-exec-7] o.s.w.s.s.s.WebSocketHandlerMapping      : Mapped to org.springframework.web.socket.server.support.WebSocketHttpRequestHandler@7eee6c13
2026-03-15 12:54:43.649 DEBUG 54685 --- [http-nio-8080-exec-7] o.s.w.s.s.s.WebSocketHttpRequestHandler  : GET /ws/chat
2026-03-15 12:54:43.649 DEBUG 54685 --- [http-nio-8080-exec-10] o.s.web.servlet.DispatcherServlet        : Completed 304 NOT_MODIFIED
2026-03-15 12:54:43.649 DEBUG 54685 --- [http-nio-8080-exec-3] o.s.web.servlet.DispatcherServlet        : Completed 304 NOT_MODIFIED
2026-03-15 12:54:43.651 DEBUG 54685 --- [http-nio-8080-exec-7] o.s.web.servlet.DispatcherServlet        : Completed 101 SWITCHING_PROTOCOLS
2026-03-15 12:54:43.654 DEBUG 54685 --- [http-nio-8080-exec-7] s.w.s.h.LoggingWebSocketHandlerDecorator : New StandardWebSocketSession[id=6a61e465-5d85-bc6d-a20c-d6cee5ef6194, uri=ws://localhost:8080/ws/chat?userId=15]
2026-03-15 12:54:43.656  INFO 54685 --- [http-nio-8080-exec-7] o.example.handler.ChatWebSocketHandler   : 聊天 WebSocket 连接建立: 用户 15
2026-03-15 12:54:43.656 DEBUG 54685 --- [http-nio-8080-exec-6] o.s.web.servlet.DispatcherServlet        : Completed 304 NOT_MODIFIED
2026-03-15 12:54:46.342 DEBUG 54685 --- [http-nio-8080-exec-1] o.s.web.servlet.DispatcherServlet        : GET "/api/users/15", parameters={}
2026-03-15 12:54:46.343 DEBUG 54685 --- [http-nio-8080-exec-1] s.w.s.m.m.a.RequestMappingHandlerMapping : Mapped to org.example.controller.UserController#getUser(Integer)
2026-03-15 12:54:46.346 ERROR 54685 --- [http-nio-8080-exec-1] org.example.unity.JwtUtil                : Token解析失败: JWT signature does not match locally computed signature. JWT validity cannot be asserted and should not be trusted.
2026-03-15 12:54:46.346  WARN 54685 --- [http-nio-8080-exec-1] org.example.interceptor.AuthInterceptor  : Token验证失败: 无效的Token
2026-03-15 12:54:46.348 DEBUG 54685 --- [http-nio-8080-exec-1] o.s.web.servlet.DispatcherServlet        : Completed 401 UNAUTHORIZED
2026-03-15 12:54:46.350 DEBUG 54685 --- [http-nio-8080-exec-2] o.s.web.servlet.DispatcherServlet        : GET "/uploads/user1.jpg", parameters={}
2026-03-15 12:54:46.351 DEBUG 54685 --- [http-nio-8080-exec-9] o.s.web.servlet.DispatcherServlet        : GET "/api/users/15", parameters={}
2026-03-15 12:54:46.352 DEBUG 54685 --- [http-nio-8080-exec-9] s.w.s.m.m.a.RequestMappingHandlerMapping : Mapped to org.example.controller.UserController#getUser(Integer)
2026-03-15 12:54:46.352 DEBUG 54685 --- [http-nio-8080-exec-2] o.s.w.s.handler.SimpleUrlHandlerMapping  : Mapped to ResourceHttpRequestHandler [classpath [static/uploads/]]
2026-03-15 12:54:46.354 DEBUG 54685 --- [http-nio-8080-exec-2] o.s.web.servlet.DispatcherServlet        : Completed 304 NOT_MODIFIED
2026-03-15 12:54:46.355 ERROR 54685 --- [http-nio-8080-exec-9] org.example.unity.JwtUtil                : Token解析失败: JWT signature does not match locally computed signature. JWT validity cannot be asserted and should not be trusted.
2026-03-15 12:54:46.355  WARN 54685 --- [http-nio-8080-exec-9] org.example.interceptor.AuthInterceptor  : Token验证失败: 无效的Token
2026-03-15 12:54:46.355 DEBUG 54685 --- [http-nio-8080-exec-9] o.s.web.servlet.DispatcherServlet        : Completed 401 UNAUTHORIZED
2026-03-15 12:54:51.170 DEBUG 54685 --- [http-nio-8080-exec-5] o.s.web.servlet.DispatcherServlet        : POST "/api/users/login", parameters={}
2026-03-15 12:54:51.171 DEBUG 54685 --- [http-nio-8080-exec-5] s.w.s.m.m.a.RequestMappingHandlerMapping : Mapped to org.example.controller.UserController#login(User)
2026-03-15 12:54:51.200 DEBUG 54685 --- [http-nio-8080-exec-5] m.m.a.RequestResponseBodyMethodProcessor : Read "application/json;charset=UTF-8" to [User(id=null, username=xiaoyang, password=123456, name=null, phone=null, sex=null, age=null, avatar= (truncated)...]
2026-03-15 12:54:51.205 DEBUG 54685 --- [http-nio-8080-exec-5] o.example.dao.UserMapper.findByUsername  : ==>  Preparing: SELECT * FROM user WHERE username = ? LIMIT 1
2026-03-15 12:54:51.205 DEBUG 54685 --- [http-nio-8080-exec-5] o.example.dao.UserMapper.findByUsername  : ==> Parameters: xiaoyang(String)
2026-03-15 12:54:51.207 DEBUG 54685 --- [http-nio-8080-exec-5] o.example.dao.UserMapper.findByUsername  : <==      Total: 1
2026-03-15 12:54:51.207  INFO 54685 --- [http-nio-8080-exec-5] o.e.service.impl.UserServiceMybatisImpl  : 用户 xiaoyang 登录成功
2026-03-15 12:54:51.214 DEBUG 54685 --- [http-nio-8080-exec-5] m.m.a.RequestResponseBodyMethodProcessor : Using 'application/json', given [*/*] and supported [application/json, application/*+json, application/json, application/*+json]
2026-03-15 12:54:51.215 DEBUG 54685 --- [http-nio-8080-exec-5] m.m.a.RequestResponseBodyMethodProcessor : Writing [org.example.common.ResponseResult@75f08de3]
2026-03-15 12:54:51.215 DEBUG 54685 --- [http-nio-8080-exec-5] o.s.web.servlet.DispatcherServlet        : Completed 200 OK
2026-03-15 12:54:51.746 DEBUG 54685 --- [http-nio-8080-exec-10] o.s.web.servlet.DispatcherServlet        : GET "/attendant/orders/waiting?page=0&size=10", parameters={masked}
2026-03-15 12:54:51.746 DEBUG 54685 --- [http-nio-8080-exec-10] s.w.s.m.m.a.RequestMappingHandlerMapping : Mapped to org.example.controller.AttendantController#getWaitingOrders(Integer, Integer, Integer, Integer, BigDecimal)
2026-03-15 12:54:51.766 DEBUG 54685 --- [http-nio-8080-exec-10] o.e.dao.OrderMapper.countUserOrders      : ==>  Preparing: SELECT COUNT(*) FROM `order` WHERE order_status = ?
2026-03-15 12:54:51.766 DEBUG 54685 --- [http-nio-8080-exec-10] o.e.dao.OrderMapper.countUserOrders      : ==> Parameters: 1(Integer)
2026-03-15 12:54:51.768 DEBUG 54685 --- [http-nio-8080-exec-10] o.e.dao.OrderMapper.countUserOrders      : <==      Total: 1
2026-03-15 12:54:51.768 DEBUG 54685 --- [http-nio-8080-exec-10] o.e.d.O.findUserOrdersWithPagination     : ==>  Preparing: SELECT * FROM `order` WHERE order_status = ? ORDER BY create_time DESC LIMIT ?, ?
2026-03-15 12:54:51.769 DEBUG 54685 --- [http-nio-8080-exec-10] o.e.d.O.findUserOrdersWithPagination     : ==> Parameters: 1(Integer), 0(Integer), 10(Integer)
2026-03-15 12:54:51.771 DEBUG 54685 --- [http-nio-8080-exec-10] o.e.d.O.findUserOrdersWithPagination     : <==      Total: 3
2026-03-15 12:54:51.771 DEBUG 54685 --- [http-nio-8080-exec-10] m.m.a.RequestResponseBodyMethodProcessor : Using 'application/json', given [*/*] and supported [application/json, application/*+json, application/json, application/*+json]
2026-03-15 12:54:51.771 DEBUG 54685 --- [http-nio-8080-exec-10] m.m.a.RequestResponseBodyMethodProcessor : Writing [org.example.common.ResponseResult@6500cdb1]
2026-03-15 12:54:51.775 DEBUG 54685 --- [http-nio-8080-exec-10] o.s.web.servlet.DispatcherServlet        : Completed 200 OK
2026-03-15 12:54:54.898 DEBUG 54685 --- [http-nio-8080-exec-6] o.s.web.servlet.DispatcherServlet        : GET "/attendant/orders/63", parameters={}
2026-03-15 12:54:54.899 DEBUG 54685 --- [http-nio-8080-exec-6] s.w.s.m.m.a.RequestMappingHandlerMapping : Mapped to org.example.controller.AttendantController#getOrderDetail(Integer, HttpServletRequest)
2026-03-15 12:54:54.904 DEBUG 54685 --- [http-nio-8080-exec-6] o.e.dao.OrderMapper.selectByPrimaryKey   : ==>  Preparing: SELECT * FROM `order` WHERE order_id = ?
2026-03-15 12:54:54.904 DEBUG 54685 --- [http-nio-8080-exec-6] o.e.dao.OrderMapper.selectByPrimaryKey   : ==> Parameters: 63(Integer)
2026-03-15 12:54:54.906 DEBUG 54685 --- [http-nio-8080-exec-6] o.e.dao.OrderMapper.selectByPrimaryKey   : <==      Total: 1
2026-03-15 12:54:54.907 DEBUG 54685 --- [http-nio-8080-exec-6] m.m.a.RequestResponseBodyMethodProcessor : Using 'application/json', given [*/*] and supported [application/json, application/*+json, application/json, application/*+json]
2026-03-15 12:54:54.907 DEBUG 54685 --- [http-nio-8080-exec-6] m.m.a.RequestResponseBodyMethodProcessor : Writing [org.example.common.ResponseResult@72858d1b]
2026-03-15 12:54:54.909 DEBUG 54685 --- [http-nio-8080-exec-6] o.s.web.servlet.DispatcherServlet        : Completed 200 OK
2026-03-15 12:54:58.220 DEBUG 54685 --- [http-nio-8080-exec-1] o.s.web.servlet.DispatcherServlet        : GET "/attendant/orders?attendantId=21&page=0&size=50", parameters={masked}
2026-03-15 12:54:58.220 DEBUG 54685 --- [http-nio-8080-exec-1] s.w.s.m.m.a.RequestMappingHandlerMapping : Mapped to org.example.controller.AttendantController#getAttendantOrders(Integer, Integer, Integer, String)
2026-03-15 12:54:58.225 DEBUG 54685 --- [http-nio-8080-exec-1] o.e.d.O.findAllOrdersWithPagination      : ==>  Preparing: SELECT * FROM `order` ORDER BY create_time DESC LIMIT ?, ?
2026-03-15 12:54:58.225 DEBUG 54685 --- [http-nio-8080-exec-1] o.e.d.O.findAllOrdersWithPagination      : ==> Parameters: 0(Integer), 1000(Integer)
2026-03-15 12:54:58.232 DEBUG 54685 --- [http-nio-8080-exec-1] o.e.d.O.findAllOrdersWithPagination      : <==      Total: 19
2026-03-15 12:54:58.233 DEBUG 54685 --- [http-nio-8080-exec-1] org.example.dao.UserMapper.findById      : ==>  Preparing: SELECT * FROM user WHERE id = ?
2026-03-15 12:54:58.233 DEBUG 54685 --- [http-nio-8080-exec-1] org.example.dao.UserMapper.findById      : ==> Parameters: 15(Integer)
2026-03-15 12:54:58.234 DEBUG 54685 --- [http-nio-8080-exec-1] org.example.dao.UserMapper.findById      : <==      Total: 1
2026-03-15 12:54:58.234 DEBUG 54685 --- [http-nio-8080-exec-1] org.example.dao.UserMapper.findById      : ==>  Preparing: SELECT * FROM user WHERE id = ?
2026-03-15 12:54:58.234 DEBUG 54685 --- [http-nio-8080-exec-1] org.example.dao.UserMapper.findById      : ==> Parameters: 15(Integer)
2026-03-15 12:54:58.235 DEBUG 54685 --- [http-nio-8080-exec-1] org.example.dao.UserMapper.findById      : <==      Total: 1
2026-03-15 12:54:58.235 DEBUG 54685 --- [http-nio-8080-exec-1] org.example.dao.UserMapper.findById      : ==>  Preparing: SELECT * FROM user WHERE id = ?
2026-03-15 12:54:58.235 DEBUG 54685 --- [http-nio-8080-exec-1] org.example.dao.UserMapper.findById      : ==> Parameters: 15(Integer)
2026-03-15 12:54:58.237 DEBUG 54685 --- [http-nio-8080-exec-1] org.example.dao.UserMapper.findById      : <==      Total: 1
2026-03-15 12:54:58.238 DEBUG 54685 --- [http-nio-8080-exec-1] org.example.dao.UserMapper.findById      : ==>  Preparing: SELECT * FROM user WHERE id = ?
2026-03-15 12:54:58.238 DEBUG 54685 --- [http-nio-8080-exec-1] org.example.dao.UserMapper.findById      : ==> Parameters: 15(Integer)
2026-03-15 12:54:58.239 DEBUG 54685 --- [http-nio-8080-exec-1] org.example.dao.UserMapper.findById      : <==      Total: 1
2026-03-15 12:54:58.240 DEBUG 54685 --- [http-nio-8080-exec-1] org.example.dao.UserMapper.findById      : ==>  Preparing: SELECT * FROM user WHERE id = ?
2026-03-15 12:54:58.240 DEBUG 54685 --- [http-nio-8080-exec-1] org.example.dao.UserMapper.findById      : ==> Parameters: 15(Integer)
2026-03-15 12:54:58.240 DEBUG 54685 --- [http-nio-8080-exec-1] org.example.dao.UserMapper.findById      : <==      Total: 1
2026-03-15 12:54:58.240 DEBUG 54685 --- [http-nio-8080-exec-1] org.example.dao.UserMapper.findById      : ==>  Preparing: SELECT * FROM user WHERE id = ?
2026-03-15 12:54:58.240 DEBUG 54685 --- [http-nio-8080-exec-1] org.example.dao.UserMapper.findById      : ==> Parameters: 15(Integer)
2026-03-15 12:54:58.241 DEBUG 54685 --- [http-nio-8080-exec-1] org.example.dao.UserMapper.findById      : <==      Total: 1
2026-03-15 12:54:58.241 DEBUG 54685 --- [http-nio-8080-exec-1] org.example.dao.UserMapper.findById      : ==>  Preparing: SELECT * FROM user WHERE id = ?
2026-03-15 12:54:58.241 DEBUG 54685 --- [http-nio-8080-exec-1] org.example.dao.UserMapper.findById      : ==> Parameters: 15(Integer)
2026-03-15 12:54:58.242 DEBUG 54685 --- [http-nio-8080-exec-1] org.example.dao.UserMapper.findById      : <==      Total: 1
2026-03-15 12:54:58.242 DEBUG 54685 --- [http-nio-8080-exec-1] org.example.dao.UserMapper.findById      : ==>  Preparing: SELECT * FROM user WHERE id = ?
2026-03-15 12:54:58.242 DEBUG 54685 --- [http-nio-8080-exec-1] org.example.dao.UserMapper.findById      : ==> Parameters: 15(Integer)
2026-03-15 12:54:58.242 DEBUG 54685 --- [http-nio-8080-exec-1] org.example.dao.UserMapper.findById      : <==      Total: 1
2026-03-15 12:54:58.260 DEBUG 54685 --- [http-nio-8080-exec-1] org.example.dao.UserMapper.findById      : ==>  Preparing: SELECT * FROM user WHERE id = ?
2026-03-15 12:54:58.261 DEBUG 54685 --- [http-nio-8080-exec-1] org.example.dao.UserMapper.findById      : ==> Parameters: 15(Integer)
2026-03-15 12:54:58.262 DEBUG 54685 --- [http-nio-8080-exec-1] org.example.dao.UserMapper.findById      : <==      Total: 1
2026-03-15 12:54:58.262 DEBUG 54685 --- [http-nio-8080-exec-1] org.example.dao.UserMapper.findById      : ==>  Preparing: SELECT * FROM user WHERE id = ?
2026-03-15 12:54:58.262 DEBUG 54685 --- [http-nio-8080-exec-1] org.example.dao.UserMapper.findById      : ==> Parameters: 15(Integer)
2026-03-15 12:54:58.264 DEBUG 54685 --- [http-nio-8080-exec-1] org.example.dao.UserMapper.findById      : <==      Total: 1
2026-03-15 12:54:58.264 DEBUG 54685 --- [http-nio-8080-exec-1] org.example.dao.UserMapper.findById      : ==>  Preparing: SELECT * FROM user WHERE id = ?
2026-03-15 12:54:58.264 DEBUG 54685 --- [http-nio-8080-exec-1] org.example.dao.UserMapper.findById      : ==> Parameters: 15(Integer)
2026-03-15 12:54:58.265 DEBUG 54685 --- [http-nio-8080-exec-1] org.example.dao.UserMapper.findById      : <==      Total: 1
2026-03-15 12:54:58.265 DEBUG 54685 --- [http-nio-8080-exec-1] org.example.dao.UserMapper.findById      : ==>  Preparing: SELECT * FROM user WHERE id = ?
2026-03-15 12:54:58.266 DEBUG 54685 --- [http-nio-8080-exec-1] org.example.dao.UserMapper.findById      : ==> Parameters: 15(Integer)
2026-03-15 12:54:58.266 DEBUG 54685 --- [http-nio-8080-exec-1] org.example.dao.UserMapper.findById      : <==      Total: 1
2026-03-15 12:54:58.266 DEBUG 54685 --- [http-nio-8080-exec-1] org.example.dao.UserMapper.findById      : ==>  Preparing: SELECT * FROM user WHERE id = ?
2026-03-15 12:54:58.266 DEBUG 54685 --- [http-nio-8080-exec-1] org.example.dao.UserMapper.findById      : ==> Parameters: 15(Integer)
2026-03-15 12:54:58.267 DEBUG 54685 --- [http-nio-8080-exec-1] org.example.dao.UserMapper.findById      : <==      Total: 1
2026-03-15 12:54:58.267 DEBUG 54685 --- [http-nio-8080-exec-1] m.m.a.RequestResponseBodyMethodProcessor : Using 'application/json', given [*/*] and supported [application/json, application/*+json, application/json, application/*+json]
2026-03-15 12:54:58.267 DEBUG 54685 --- [http-nio-8080-exec-1] m.m.a.RequestResponseBodyMethodProcessor : Writing [org.example.common.ResponseResult@17b44547]
2026-03-15 12:54:58.271 DEBUG 54685 --- [http-nio-8080-exec-1] o.s.web.servlet.DispatcherServlet        : Completed 200 OK
2026-03-15 12:54:58.273 DEBUG 54685 --- [http-nio-8080-exec-2] o.s.web.servlet.DispatcherServlet        : GET "/attendant/orders?attendantId=21&page=0&size=50", parameters={masked}
2026-03-15 12:54:58.273 DEBUG 54685 --- [http-nio-8080-exec-2] s.w.s.m.m.a.RequestMappingHandlerMapping : Mapped to org.example.controller.AttendantController#getAttendantOrders(Integer, Integer, Integer, String)
2026-03-15 12:54:58.276 DEBUG 54685 --- [http-nio-8080-exec-2] o.e.d.O.findAllOrdersWithPagination      : ==>  Preparing: SELECT * FROM `order` ORDER BY create_time DESC LIMIT ?, ?
2026-03-15 12:54:58.276 DEBUG 54685 --- [http-nio-8080-exec-2] o.e.d.O.findAllOrdersWithPagination      : ==> Parameters: 0(Integer), 1000(Integer)
2026-03-15 12:54:58.283 DEBUG 54685 --- [http-nio-8080-exec-2] o.e.d.O.findAllOrdersWithPagination      : <==      Total: 19
2026-03-15 12:54:58.284 DEBUG 54685 --- [http-nio-8080-exec-2] org.example.dao.UserMapper.findById      : ==>  Preparing: SELECT * FROM user WHERE id = ?
2026-03-15 12:54:58.284 DEBUG 54685 --- [http-nio-8080-exec-2] org.example.dao.UserMapper.findById      : ==> Parameters: 15(Integer)
2026-03-15 12:54:58.286 DEBUG 54685 --- [http-nio-8080-exec-2] org.example.dao.UserMapper.findById      : <==      Total: 1
2026-03-15 12:54:58.287 DEBUG 54685 --- [http-nio-8080-exec-2] org.example.dao.UserMapper.findById      : ==>  Preparing: SELECT * FROM user WHERE id = ?
2026-03-15 12:54:58.287 DEBUG 54685 --- [http-nio-8080-exec-2] org.example.dao.UserMapper.findById      : ==> Parameters: 15(Integer)
2026-03-15 12:54:58.290 DEBUG 54685 --- [http-nio-8080-exec-2] org.example.dao.UserMapper.findById      : <==      Total: 1
2026-03-15 12:54:58.290 DEBUG 54685 --- [http-nio-8080-exec-2] org.example.dao.UserMapper.findById      : ==>  Preparing: SELECT * FROM user WHERE id = ?
2026-03-15 12:54:58.291 DEBUG 54685 --- [http-nio-8080-exec-2] org.example.dao.UserMapper.findById      : ==> Parameters: 15(Integer)
2026-03-15 12:54:58.291 DEBUG 54685 --- [http-nio-8080-exec-2] org.example.dao.UserMapper.findById      : <==      Total: 1
2026-03-15 12:54:58.291 DEBUG 54685 --- [http-nio-8080-exec-2] org.example.dao.UserMapper.findById      : ==>  Preparing: SELECT * FROM user WHERE id = ?
2026-03-15 12:54:58.292 DEBUG 54685 --- [http-nio-8080-exec-2] org.example.dao.UserMapper.findById      : ==> Parameters: 15(Integer)
2026-03-15 12:54:58.292 DEBUG 54685 --- [http-nio-8080-exec-2] org.example.dao.UserMapper.findById      : <==      Total: 1
2026-03-15 12:54:58.292 DEBUG 54685 --- [http-nio-8080-exec-2] org.example.dao.UserMapper.findById      : ==>  Preparing: SELECT * FROM user WHERE id = ?
2026-03-15 12:54:58.292 DEBUG 54685 --- [http-nio-8080-exec-2] org.example.dao.UserMapper.findById      : ==> Parameters: 15(Integer)
2026-03-15 12:54:58.292 DEBUG 54685 --- [http-nio-8080-exec-2] org.example.dao.UserMapper.findById      : <==      Total: 1
2026-03-15 12:54:58.293 DEBUG 54685 --- [http-nio-8080-exec-2] org.example.dao.UserMapper.findById      : ==>  Preparing: SELECT * FROM user WHERE id = ?
2026-03-15 12:54:58.293 DEBUG 54685 --- [http-nio-8080-exec-2] org.example.dao.UserMapper.findById      : ==> Parameters: 15(Integer)
2026-03-15 12:54:58.293 DEBUG 54685 --- [http-nio-8080-exec-2] org.example.dao.UserMapper.findById      : <==      Total: 1
2026-03-15 12:54:58.293 DEBUG 54685 --- [http-nio-8080-exec-2] org.example.dao.UserMapper.findById      : ==>  Preparing: SELECT * FROM user WHERE id = ?
2026-03-15 12:54:58.293 DEBUG 54685 --- [http-nio-8080-exec-2] org.example.dao.UserMapper.findById      : ==> Parameters: 15(Integer)
2026-03-15 12:54:58.294 DEBUG 54685 --- [http-nio-8080-exec-2] org.example.dao.UserMapper.findById      : <==      Total: 1
2026-03-15 12:54:58.294 DEBUG 54685 --- [http-nio-8080-exec-2] org.example.dao.UserMapper.findById      : ==>  Preparing: SELECT * FROM user WHERE id = ?
2026-03-15 12:54:58.294 DEBUG 54685 --- [http-nio-8080-exec-2] org.example.dao.UserMapper.findById      : ==> Parameters: 15(Integer)
2026-03-15 12:54:58.294 DEBUG 54685 --- [http-nio-8080-exec-2] org.example.dao.UserMapper.findById      : <==      Total: 1
2026-03-15 12:54:58.294 DEBUG 54685 --- [http-nio-8080-exec-2] org.example.dao.UserMapper.findById      : ==>  Preparing: SELECT * FROM user WHERE id = ?
2026-03-15 12:54:58.295 DEBUG 54685 --- [http-nio-8080-exec-2] org.example.dao.UserMapper.findById      : ==> Parameters: 15(Integer)
2026-03-15 12:54:58.295 DEBUG 54685 --- [http-nio-8080-exec-2] org.example.dao.UserMapper.findById      : <==      Total: 1
2026-03-15 12:54:58.296 DEBUG 54685 --- [http-nio-8080-exec-2] org.example.dao.UserMapper.findById      : ==>  Preparing: SELECT * FROM user WHERE id = ?
2026-03-15 12:54:58.296 DEBUG 54685 --- [http-nio-8080-exec-2] org.example.dao.UserMapper.findById      : ==> Parameters: 15(Integer)
2026-03-15 12:54:58.297 DEBUG 54685 --- [http-nio-8080-exec-2] org.example.dao.UserMapper.findById      : <==      Total: 1
2026-03-15 12:54:58.297 DEBUG 54685 --- [http-nio-8080-exec-2] org.example.dao.UserMapper.findById      : ==>  Preparing: SELECT * FROM user WHERE id = ?
2026-03-15 12:54:58.298 DEBUG 54685 --- [http-nio-8080-exec-2] org.example.dao.UserMapper.findById      : ==> Parameters: 15(Integer)
2026-03-15 12:54:58.299 DEBUG 54685 --- [http-nio-8080-exec-2] org.example.dao.UserMapper.findById      : <==      Total: 1
2026-03-15 12:54:58.305 DEBUG 54685 --- [http-nio-8080-exec-2] org.example.dao.UserMapper.findById      : ==>  Preparing: SELECT * FROM user WHERE id = ?
2026-03-15 12:54:58.305 DEBUG 54685 --- [http-nio-8080-exec-2] org.example.dao.UserMapper.findById      : ==> Parameters: 15(Integer)
2026-03-15 12:54:58.306 DEBUG 54685 --- [http-nio-8080-exec-2] org.example.dao.UserMapper.findById      : <==      Total: 1
2026-03-15 12:54:58.307 DEBUG 54685 --- [http-nio-8080-exec-2] org.example.dao.UserMapper.findById      : ==>  Preparing: SELECT * FROM user WHERE id = ?
2026-03-15 12:54:58.307 DEBUG 54685 --- [http-nio-8080-exec-2] org.example.dao.UserMapper.findById      : ==> Parameters: 15(Integer)
2026-03-15 12:54:58.308 DEBUG 54685 --- [http-nio-8080-exec-2] org.example.dao.UserMapper.findById      : <==      Total: 1
2026-03-15 12:54:58.308 DEBUG 54685 --- [http-nio-8080-exec-2] m.m.a.RequestResponseBodyMethodProcessor : Using 'application/json', given [*/*] and supported [application/json, application/*+json, application/json, application/*+json]
2026-03-15 12:54:58.308 DEBUG 54685 --- [http-nio-8080-exec-2] m.m.a.RequestResponseBodyMethodProcessor : Writing [org.example.common.ResponseResult@5186b08a]
2026-03-15 12:54:58.309 DEBUG 54685 --- [http-nio-8080-exec-2] o.s.web.servlet.DispatcherServlet        : Completed 200 OK
2026-03-15 12:55:00.049 DEBUG 54685 --- [http-nio-8080-exec-8] o.s.web.servlet.DispatcherServlet        : GET "/attendant/orders/62", parameters={}
2026-03-15 12:55:00.050 DEBUG 54685 --- [http-nio-8080-exec-8] s.w.s.m.m.a.RequestMappingHandlerMapping : Mapped to org.example.controller.AttendantController#getOrderDetail(Integer, HttpServletRequest)
2026-03-15 12:55:00.054 DEBUG 54685 --- [http-nio-8080-exec-8] o.e.dao.OrderMapper.selectByPrimaryKey   : ==>  Preparing: SELECT * FROM `order` WHERE order_id = ?
2026-03-15 12:55:00.054 DEBUG 54685 --- [http-nio-8080-exec-8] o.e.dao.OrderMapper.selectByPrimaryKey   : ==> Parameters: 62(Integer)
2026-03-15 12:55:00.055 DEBUG 54685 --- [http-nio-8080-exec-8] o.e.dao.OrderMapper.selectByPrimaryKey   : <==      Total: 1
2026-03-15 12:55:00.055 DEBUG 54685 --- [http-nio-8080-exec-8] org.example.dao.UserMapper.findById      : ==>  Preparing: SELECT * FROM user WHERE id = ?
2026-03-15 12:55:00.055 DEBUG 54685 --- [http-nio-8080-exec-8] org.example.dao.UserMapper.findById      : ==> Parameters: 15(Integer)
2026-03-15 12:55:00.056 DEBUG 54685 --- [http-nio-8080-exec-8] org.example.dao.UserMapper.findById      : <==      Total: 1
2026-03-15 12:55:00.056 DEBUG 54685 --- [http-nio-8080-exec-8] m.m.a.RequestResponseBodyMethodProcessor : Using 'application/json', given [*/*] and supported [application/json, application/*+json, application/json, application/*+json]
2026-03-15 12:55:00.056 DEBUG 54685 --- [http-nio-8080-exec-8] m.m.a.RequestResponseBodyMethodProcessor : Writing [org.example.common.ResponseResult@539e239a]
2026-03-15 12:55:00.056 DEBUG 54685 --- [http-nio-8080-exec-8] o.s.web.servlet.DispatcherServlet        : Completed 200 OK
2026-03-15 12:55:00.060 DEBUG 54685 --- [http-nio-8080-exec-3] o.s.web.servlet.DispatcherServlet        : GET "/attendant/orders/62/evaluation", parameters={}
2026-03-15 12:55:00.060 DEBUG 54685 --- [http-nio-8080-exec-3] s.w.s.m.m.a.RequestMappingHandlerMapping : Mapped to org.example.controller.AttendantController#getOrderEvaluation(Integer, HttpServletRequest)
2026-03-15 12:55:00.061 DEBUG 54685 --- [http-nio-8080-exec-3] o.e.dao.OrderMapper.selectByPrimaryKey   : ==>  Preparing: SELECT * FROM `order` WHERE order_id = ?
2026-03-15 12:55:00.062 DEBUG 54685 --- [http-nio-8080-exec-3] o.e.dao.OrderMapper.selectByPrimaryKey   : ==> Parameters: 62(Integer)
2026-03-15 12:55:00.063 DEBUG 54685 --- [http-nio-8080-exec-3] o.e.dao.OrderMapper.selectByPrimaryKey   : <==      Total: 1
2026-03-15 12:55:00.064 DEBUG 54685 --- [http-nio-8080-exec-3] o.e.d.O.selectByOrderId                  : ==>  Preparing: SELECT * FROM order_evaluation WHERE order_id = ?
2026-03-15 12:55:00.064 DEBUG 54685 --- [http-nio-8080-exec-3] o.e.d.O.selectByOrderId                  : ==> Parameters: 62(Integer)
2026-03-15 12:55:00.065 DEBUG 54685 --- [http-nio-8080-exec-3] o.e.d.O.selectByOrderId                  : <==      Total: 1
2026-03-15 12:55:00.065 DEBUG 54685 --- [http-nio-8080-exec-3] m.m.a.RequestResponseBodyMethodProcessor : Using 'application/json', given [*/*] and supported [application/json, application/*+json, application/json, application/*+json]
2026-03-15 12:55:00.066 DEBUG 54685 --- [http-nio-8080-exec-3] m.m.a.RequestResponseBodyMethodProcessor : Writing [org.example.common.ResponseResult@adc8ee2]
2026-03-15 12:55:00.066 DEBUG 54685 --- [http-nio-8080-exec-3] o.s.web.servlet.DispatcherServlet        : Completed 200 OK
2026-03-15 12:55:03.896 DEBUG 54685 --- [http-nio-8080-exec-7] o.s.web.servlet.DispatcherServlet        : GET "/attendant/orders?attendantId=21&page=0&size=50", parameters={masked}
2026-03-15 12:55:03.897 DEBUG 54685 --- [http-nio-8080-exec-7] s.w.s.m.m.a.RequestMappingHandlerMapping : Mapped to org.example.controller.AttendantController#getAttendantOrders(Integer, Integer, Integer, String)
2026-03-15 12:55:03.900 DEBUG 54685 --- [http-nio-8080-exec-7] o.e.d.O.findAllOrdersWithPagination      : ==>  Preparing: SELECT * FROM `order` ORDER BY create_time DESC LIMIT ?, ?
2026-03-15 12:55:03.900 DEBUG 54685 --- [http-nio-8080-exec-7] o.e.d.O.findAllOrdersWithPagination      : ==> Parameters: 0(Integer), 1000(Integer)
2026-03-15 12:55:03.905 DEBUG 54685 --- [http-nio-8080-exec-7] o.e.d.O.findAllOrdersWithPagination      : <==      Total: 19
2026-03-15 12:55:03.905 DEBUG 54685 --- [http-nio-8080-exec-7] org.example.dao.UserMapper.findById      : ==>  Preparing: SELECT * FROM user WHERE id = ?
2026-03-15 12:55:03.905 DEBUG 54685 --- [http-nio-8080-exec-7] org.example.dao.UserMapper.findById      : ==> Parameters: 15(Integer)
2026-03-15 12:55:03.906 DEBUG 54685 --- [http-nio-8080-exec-7] org.example.dao.UserMapper.findById      : <==      Total: 1
2026-03-15 12:55:03.906 DEBUG 54685 --- [http-nio-8080-exec-7] org.example.dao.UserMapper.findById      : ==>  Preparing: SELECT * FROM user WHERE id = ?
2026-03-15 12:55:03.906 DEBUG 54685 --- [http-nio-8080-exec-7] org.example.dao.UserMapper.findById      : ==> Parameters: 15(Integer)
2026-03-15 12:55:03.907 DEBUG 54685 --- [http-nio-8080-exec-7] org.example.dao.UserMapper.findById      : <==      Total: 1
2026-03-15 12:55:03.907 DEBUG 54685 --- [http-nio-8080-exec-7] org.example.dao.UserMapper.findById      : ==>  Preparing: SELECT * FROM user WHERE id = ?
2026-03-15 12:55:03.907 DEBUG 54685 --- [http-nio-8080-exec-7] org.example.dao.UserMapper.findById      : ==> Parameters: 15(Integer)
2026-03-15 12:55:03.907 DEBUG 54685 --- [http-nio-8080-exec-7] org.example.dao.UserMapper.findById      : <==      Total: 1
2026-03-15 12:55:03.907 DEBUG 54685 --- [http-nio-8080-exec-7] org.example.dao.UserMapper.findById      : ==>  Preparing: SELECT * FROM user WHERE id = ?
2026-03-15 12:55:03.908 DEBUG 54685 --- [http-nio-8080-exec-7] org.example.dao.UserMapper.findById      : ==> Parameters: 15(Integer)
2026-03-15 12:55:03.908 DEBUG 54685 --- [http-nio-8080-exec-7] org.example.dao.UserMapper.findById      : <==      Total: 1
2026-03-15 12:55:03.908 DEBUG 54685 --- [http-nio-8080-exec-7] org.example.dao.UserMapper.findById      : ==>  Preparing: SELECT * FROM user WHERE id = ?
2026-03-15 12:55:03.908 DEBUG 54685 --- [http-nio-8080-exec-7] org.example.dao.UserMapper.findById      : ==> Parameters: 15(Integer)
2026-03-15 12:55:03.909 DEBUG 54685 --- [http-nio-8080-exec-7] org.example.dao.UserMapper.findById      : <==      Total: 1
2026-03-15 12:55:03.909 DEBUG 54685 --- [http-nio-8080-exec-7] org.example.dao.UserMapper.findById      : ==>  Preparing: SELECT * FROM user WHERE id = ?
2026-03-15 12:55:03.909 DEBUG 54685 --- [http-nio-8080-exec-7] org.example.dao.UserMapper.findById      : ==> Parameters: 15(Integer)
2026-03-15 12:55:03.910 DEBUG 54685 --- [http-nio-8080-exec-7] org.example.dao.UserMapper.findById      : <==      Total: 1
2026-03-15 12:55:03.910 DEBUG 54685 --- [http-nio-8080-exec-7] org.example.dao.UserMapper.findById      : ==>  Preparing: SELECT * FROM user WHERE id = ?
2026-03-15 12:55:03.910 DEBUG 54685 --- [http-nio-8080-exec-7] org.example.dao.UserMapper.findById      : ==> Parameters: 15(Integer)
2026-03-15 12:55:03.910 DEBUG 54685 --- [http-nio-8080-exec-7] org.example.dao.UserMapper.findById      : <==      Total: 1
2026-03-15 12:55:03.910 DEBUG 54685 --- [http-nio-8080-exec-7] org.example.dao.UserMapper.findById      : ==>  Preparing: SELECT * FROM user WHERE id = ?
2026-03-15 12:55:03.911 DEBUG 54685 --- [http-nio-8080-exec-7] org.example.dao.UserMapper.findById      : ==> Parameters: 15(Integer)
2026-03-15 12:55:03.911 DEBUG 54685 --- [http-nio-8080-exec-7] org.example.dao.UserMapper.findById      : <==      Total: 1
2026-03-15 12:55:03.911 DEBUG 54685 --- [http-nio-8080-exec-7] org.example.dao.UserMapper.findById      : ==>  Preparing: SELECT * FROM user WHERE id = ?
2026-03-15 12:55:03.911 DEBUG 54685 --- [http-nio-8080-exec-7] org.example.dao.UserMapper.findById      : ==> Parameters: 15(Integer)
2026-03-15 12:55:03.912 DEBUG 54685 --- [http-nio-8080-exec-7] org.example.dao.UserMapper.findById      : <==      Total: 1
2026-03-15 12:55:03.912 DEBUG 54685 --- [http-nio-8080-exec-7] org.example.dao.UserMapper.findById      : ==>  Preparing: SELECT * FROM user WHERE id = ?
2026-03-15 12:55:03.912 DEBUG 54685 --- [http-nio-8080-exec-7] org.example.dao.UserMapper.findById      : ==> Parameters: 15(Integer)
2026-03-15 12:55:03.912 DEBUG 54685 --- [http-nio-8080-exec-7] org.example.dao.UserMapper.findById      : <==      Total: 1
2026-03-15 12:55:03.912 DEBUG 54685 --- [http-nio-8080-exec-7] org.example.dao.UserMapper.findById      : ==>  Preparing: SELECT * FROM user WHERE id = ?
2026-03-15 12:55:03.912 DEBUG 54685 --- [http-nio-8080-exec-7] org.example.dao.UserMapper.findById      : ==> Parameters: 15(Integer)
2026-03-15 12:55:03.913 DEBUG 54685 --- [http-nio-8080-exec-7] org.example.dao.UserMapper.findById      : <==      Total: 1
2026-03-15 12:55:03.913 DEBUG 54685 --- [http-nio-8080-exec-7] org.example.dao.UserMapper.findById      : ==>  Preparing: SELECT * FROM user WHERE id = ?
2026-03-15 12:55:03.913 DEBUG 54685 --- [http-nio-8080-exec-7] org.example.dao.UserMapper.findById      : ==> Parameters: 15(Integer)
2026-03-15 12:55:03.914 DEBUG 54685 --- [http-nio-8080-exec-7] org.example.dao.UserMapper.findById      : <==      Total: 1
2026-03-15 12:55:03.914 DEBUG 54685 --- [http-nio-8080-exec-7] org.example.dao.UserMapper.findById      : ==>  Preparing: SELECT * FROM user WHERE id = ?
2026-03-15 12:55:03.914 DEBUG 54685 --- [http-nio-8080-exec-7] org.example.dao.UserMapper.findById      : ==> Parameters: 15(Integer)
2026-03-15 12:55:03.914 DEBUG 54685 --- [http-nio-8080-exec-7] org.example.dao.UserMapper.findById      : <==      Total: 1
2026-03-15 12:55:03.915 DEBUG 54685 --- [http-nio-8080-exec-7] m.m.a.RequestResponseBodyMethodProcessor : Using 'application/json', given [*/*] and supported [application/json, application/*+json, application/json, application/*+json]
2026-03-15 12:55:03.915 DEBUG 54685 --- [http-nio-8080-exec-7] m.m.a.RequestResponseBodyMethodProcessor : Writing [org.example.common.ResponseResult@2182d57e]
2026-03-15 12:55:03.915 DEBUG 54685 --- [http-nio-8080-exec-7] o.s.web.servlet.DispatcherServlet        : Completed 200 OK
2026-03-15 12:55:04.987 DEBUG 54685 --- [http-nio-8080-exec-4] o.s.web.servlet.DispatcherServlet        : GET "/api/chat/contacts", parameters={}
2026-03-15 12:55:04.987 DEBUG 54685 --- [http-nio-8080-exec-4] s.w.s.m.m.a.RequestMappingHandlerMapping : Mapped to org.example.controller.ChatController#getRecentContacts(HttpServletRequest)
2026-03-15 12:55:04.991 DEBUG 54685 --- [http-nio-8080-exec-4] o.e.d.C.findRecentContacts               : ==>  Preparing: SELECT m.*, CASE WHEN m.sender_id = 0 THEN '系统通知' ELSE u.name END as sender_name, CASE WHEN m.sender_id = 0 THEN '/static/logo.png' ELSE u.avatar END as sender_avatar, (SELECT COUNT(*) FROM chat_message cm WHERE cm.sender_id = contact_id AND cm.receiver_id = ? AND cm.is_read = 0) as unread_count FROM ( SELECT CASE WHEN sender_id = ? THEN receiver_id ELSE sender_id END as contact_id, MAX(create_time) as max_time FROM chat_message WHERE sender_id = ? OR receiver_id = ? GROUP BY contact_id ) t JOIN chat_message m ON ( (m.sender_id = ? AND m.receiver_id = t.contact_id) OR (m.sender_id = t.contact_id AND m.receiver_id = ?) ) AND m.create_time = t.max_time LEFT JOIN user u ON u.id = t.contact_id ORDER BY m.create_time DESC
2026-03-15 12:55:04.991 DEBUG 54685 --- [http-nio-8080-exec-4] o.e.d.C.findRecentContacts               : ==> Parameters: 21(Integer), 21(Integer), 21(Integer), 21(Integer), 21(Integer), 21(Integer)
2026-03-15 12:55:04.997 DEBUG 54685 --- [http-nio-8080-exec-4] o.e.d.C.findRecentContacts               : <==      Total: 2
2026-03-15 12:55:04.997 DEBUG 54685 --- [http-nio-8080-exec-4] m.m.a.RequestResponseBodyMethodProcessor : Using 'application/json', given [*/*] and supported [application/json, application/*+json, application/json, application/*+json]
2026-03-15 12:55:04.997 DEBUG 54685 --- [http-nio-8080-exec-4] m.m.a.RequestResponseBodyMethodProcessor : Writing [org.example.common.ResponseResult@562175ed]
2026-03-15 12:55:04.998 DEBUG 54685 --- [http-nio-8080-exec-4] o.s.web.servlet.DispatcherServlet        : Completed 200 OK
2026-03-15 12:55:04.999 DEBUG 54685 --- [http-nio-8080-exec-1] o.s.web.servlet.DispatcherServlet        : GET "/api/chat/contacts", parameters={}
2026-03-15 12:55:04.999 DEBUG 54685 --- [http-nio-8080-exec-1] s.w.s.m.m.a.RequestMappingHandlerMapping : Mapped to org.example.controller.ChatController#getRecentContacts(HttpServletRequest)
2026-03-15 12:55:05.000 DEBUG 54685 --- [http-nio-8080-exec-1] o.e.d.C.findRecentContacts               : ==>  Preparing: SELECT m.*, CASE WHEN m.sender_id = 0 THEN '系统通知' ELSE u.name END as sender_name, CASE WHEN m.sender_id = 0 THEN '/static/logo.png' ELSE u.avatar END as sender_avatar, (SELECT COUNT(*) FROM chat_message cm WHERE cm.sender_id = contact_id AND cm.receiver_id = ? AND cm.is_read = 0) as unread_count FROM ( SELECT CASE WHEN sender_id = ? THEN receiver_id ELSE sender_id END as contact_id, MAX(create_time) as max_time FROM chat_message WHERE sender_id = ? OR receiver_id = ? GROUP BY contact_id ) t JOIN chat_message m ON ( (m.sender_id = ? AND m.receiver_id = t.contact_id) OR (m.sender_id = t.contact_id AND m.receiver_id = ?) ) AND m.create_time = t.max_time LEFT JOIN user u ON u.id = t.contact_id ORDER BY m.create_time DESC
2026-03-15 12:55:05.001 DEBUG 54685 --- [http-nio-8080-exec-1] o.e.d.C.findRecentContacts               : ==> Parameters: 21(Integer), 21(Integer), 21(Integer), 21(Integer), 21(Integer), 21(Integer)
2026-03-15 12:55:05.005 DEBUG 54685 --- [http-nio-8080-exec-1] o.e.d.C.findRecentContacts               : <==      Total: 2
2026-03-15 12:55:05.006 DEBUG 54685 --- [http-nio-8080-exec-1] m.m.a.RequestResponseBodyMethodProcessor : Using 'application/json', given [*/*] and supported [application/json, application/*+json, application/json, application/*+json]
2026-03-15 12:55:05.006 DEBUG 54685 --- [http-nio-8080-exec-1] m.m.a.RequestResponseBodyMethodProcessor : Writing [org.example.common.ResponseResult@3ce93608]
2026-03-15 12:55:05.006 DEBUG 54685 --- [http-nio-8080-exec-1] o.s.web.servlet.DispatcherServlet        : Completed 200 OK
2026-03-15 12:55:05.009 DEBUG 54685 --- [http-nio-8080-exec-2] o.s.web.servlet.DispatcherServlet        : GET "/ws/chat?userId=21", parameters={masked}
2026-03-15 12:55:05.009 DEBUG 54685 --- [http-nio-8080-exec-2] o.s.w.s.s.s.WebSocketHandlerMapping      : Mapped to org.springframework.web.socket.server.support.WebSocketHttpRequestHandler@7eee6c13
2026-03-15 12:55:05.009 DEBUG 54685 --- [http-nio-8080-exec-2] o.s.w.s.s.s.WebSocketHttpRequestHandler  : GET /ws/chat
2026-03-15 12:55:05.010 DEBUG 54685 --- [http-nio-8080-exec-2] o.s.web.servlet.DispatcherServlet        : Completed 101 SWITCHING_PROTOCOLS
2026-03-15 12:55:05.010 DEBUG 54685 --- [http-nio-8080-exec-2] s.w.s.h.LoggingWebSocketHandlerDecorator : New StandardWebSocketSession[id=ecc9d6c7-fe3a-23d9-6a3b-3e7f8ac3b01c, uri=ws://localhost:8080/ws/chat?userId=21]
2026-03-15 12:55:05.010  INFO 54685 --- [http-nio-8080-exec-2] o.example.handler.ChatWebSocketHandler   : 聊天 WebSocket 连接建立: 用户 21
2026-03-15 12:55:05.915 DEBUG 54685 --- [http-nio-8080-exec-8] o.s.web.servlet.DispatcherServlet        : POST "/api/chat/read?senderId=0", parameters={masked}
2026-03-15 12:55:05.915 DEBUG 54685 --- [http-nio-8080-exec-8] s.w.s.m.m.a.RequestMappingHandlerMapping : Mapped to org.example.controller.ChatController#markAsRead(Integer, HttpServletRequest)
2026-03-15 12:55:05.919 DEBUG 54685 --- [http-nio-8080-exec-8] o.e.dao.ChatMessageMapper.markAsRead     : ==>  Preparing: UPDATE chat_message SET is_read = 1 WHERE sender_id = ? AND receiver_id = ? AND is_read = 0
2026-03-15 12:55:05.920 DEBUG 54685 --- [http-nio-8080-exec-8] o.e.dao.ChatMessageMapper.markAsRead     : ==> Parameters: 0(Integer), 21(Integer)
2026-03-15 12:55:05.923 DEBUG 54685 --- [http-nio-8080-exec-8] o.e.dao.ChatMessageMapper.markAsRead     : <==    Updates: 0
2026-03-15 12:55:05.924  INFO 54685 --- [http-nio-8080-exec-8] o.example.service.impl.ChatServiceImpl   : 已发送已读回执: 接收者21 -> 发送者0
2026-03-15 12:55:05.925 DEBUG 54685 --- [http-nio-8080-exec-8] m.m.a.RequestResponseBodyMethodProcessor : Using 'application/json', given [*/*] and supported [application/json, application/*+json, application/json, application/*+json]
2026-03-15 12:55:05.925 DEBUG 54685 --- [http-nio-8080-exec-8] m.m.a.RequestResponseBodyMethodProcessor : Writing [org.example.common.ResponseResult@661be9ab]
2026-03-15 12:55:05.926 DEBUG 54685 --- [http-nio-8080-exec-8] o.s.web.servlet.DispatcherServlet        : Completed 200 OK
2026-03-15 12:55:05.969 DEBUG 54685 --- [http-nio-8080-exec-3] o.s.web.servlet.DispatcherServlet        : GET "/api/chat/history?targetUserId=0", parameters={masked}
2026-03-15 12:55:05.970 DEBUG 54685 --- [http-nio-8080-exec-3] s.w.s.m.m.a.RequestMappingHandlerMapping : Mapped to org.example.controller.ChatController#getHistory(Integer, HttpServletRequest)
2026-03-15 12:55:05.972 DEBUG 54685 --- [http-nio-8080-exec-3] o.e.dao.ChatMessageMapper.findHistory    : ==>  Preparing: SELECT m.*, u.name as sender_name, u.avatar as sender_avatar FROM chat_message m LEFT JOIN user u ON m.sender_id = u.id WHERE (m.sender_id = ? AND m.receiver_id = ?) OR (m.sender_id = ? AND m.receiver_id = ?) ORDER BY m.create_time ASC
2026-03-15 12:55:05.973 DEBUG 54685 --- [http-nio-8080-exec-3] o.e.dao.ChatMessageMapper.findHistory    : ==> Parameters: 21(Integer), 0(Integer), 0(Integer), 21(Integer)
2026-03-15 12:55:05.978 DEBUG 54685 --- [http-nio-8080-exec-3] o.e.dao.ChatMessageMapper.findHistory    : <==      Total: 37
2026-03-15 12:55:05.978 DEBUG 54685 --- [http-nio-8080-exec-3] org.example.dao.UserMapper.findById      : ==>  Preparing: SELECT * FROM user WHERE id = ?
2026-03-15 12:55:05.978 DEBUG 54685 --- [http-nio-8080-exec-3] org.example.dao.UserMapper.findById      : ==> Parameters: 0(Integer)
2026-03-15 12:55:05.978 DEBUG 54685 --- [http-nio-8080-exec-3] org.example.dao.UserMapper.findById      : <==      Total: 0
2026-03-15 12:55:05.979 DEBUG 54685 --- [http-nio-8080-exec-3] org.example.dao.UserMapper.findById      : ==>  Preparing: SELECT * FROM user WHERE id = ?
2026-03-15 12:55:05.979 DEBUG 54685 --- [http-nio-8080-exec-3] org.example.dao.UserMapper.findById      : ==> Parameters: 0(Integer)
2026-03-15 12:55:05.979 DEBUG 54685 --- [http-nio-8080-exec-3] org.example.dao.UserMapper.findById      : <==      Total: 0
2026-03-15 12:55:05.979 DEBUG 54685 --- [http-nio-8080-exec-3] org.example.dao.UserMapper.findById      : ==>  Preparing: SELECT * FROM user WHERE id = ?
2026-03-15 12:55:05.979 DEBUG 54685 --- [http-nio-8080-exec-3] org.example.dao.UserMapper.findById      : ==> Parameters: 0(Integer)
2026-03-15 12:55:05.979 DEBUG 54685 --- [http-nio-8080-exec-3] org.example.dao.UserMapper.findById      : <==      Total: 0
2026-03-15 12:55:05.979 DEBUG 54685 --- [http-nio-8080-exec-3] org.example.dao.UserMapper.findById      : ==>  Preparing: SELECT * FROM user WHERE id = ?
2026-03-15 12:55:05.980 DEBUG 54685 --- [http-nio-8080-exec-3] org.example.dao.UserMapper.findById      : ==> Parameters: 0(Integer)
2026-03-15 12:55:05.980 DEBUG 54685 --- [http-nio-8080-exec-3] org.example.dao.UserMapper.findById      : <==      Total: 0
2026-03-15 12:55:05.980 DEBUG 54685 --- [http-nio-8080-exec-3] org.example.dao.UserMapper.findById      : ==>  Preparing: SELECT * FROM user WHERE id = ?
2026-03-15 12:55:05.980 DEBUG 54685 --- [http-nio-8080-exec-3] org.example.dao.UserMapper.findById      : ==> Parameters: 0(Integer)
2026-03-15 12:55:05.980 DEBUG 54685 --- [http-nio-8080-exec-3] org.example.dao.UserMapper.findById      : <==      Total: 0
2026-03-15 12:55:05.980 DEBUG 54685 --- [http-nio-8080-exec-3] org.example.dao.UserMapper.findById      : ==>  Preparing: SELECT * FROM user WHERE id = ?
2026-03-15 12:55:05.980 DEBUG 54685 --- [http-nio-8080-exec-3] org.example.dao.UserMapper.findById      : ==> Parameters: 0(Integer)
2026-03-15 12:55:05.981 DEBUG 54685 --- [http-nio-8080-exec-3] org.example.dao.UserMapper.findById      : <==      Total: 0
2026-03-15 12:55:05.981 DEBUG 54685 --- [http-nio-8080-exec-3] org.example.dao.UserMapper.findById      : ==>  Preparing: SELECT * FROM user WHERE id = ?
2026-03-15 12:55:05.981 DEBUG 54685 --- [http-nio-8080-exec-3] org.example.dao.UserMapper.findById      : ==> Parameters: 0(Integer)
2026-03-15 12:55:05.981 DEBUG 54685 --- [http-nio-8080-exec-3] org.example.dao.UserMapper.findById      : <==      Total: 0
2026-03-15 12:55:05.981 DEBUG 54685 --- [http-nio-8080-exec-3] org.example.dao.UserMapper.findById      : ==>  Preparing: SELECT * FROM user WHERE id = ?
2026-03-15 12:55:05.981 DEBUG 54685 --- [http-nio-8080-exec-3] org.example.dao.UserMapper.findById      : ==> Parameters: 0(Integer)
2026-03-15 12:55:05.982 DEBUG 54685 --- [http-nio-8080-exec-3] org.example.dao.UserMapper.findById      : <==      Total: 0
2026-03-15 12:55:05.982 DEBUG 54685 --- [http-nio-8080-exec-3] org.example.dao.UserMapper.findById      : ==>  Preparing: SELECT * FROM user WHERE id = ?
2026-03-15 12:55:05.982 DEBUG 54685 --- [http-nio-8080-exec-3] org.example.dao.UserMapper.findById      : ==> Parameters: 0(Integer)
2026-03-15 12:55:05.983 DEBUG 54685 --- [http-nio-8080-exec-3] org.example.dao.UserMapper.findById      : <==      Total: 0
2026-03-15 12:55:05.983 DEBUG 54685 --- [http-nio-8080-exec-3] org.example.dao.UserMapper.findById      : ==>  Preparing: SELECT * FROM user WHERE id = ?
2026-03-15 12:55:05.983 DEBUG 54685 --- [http-nio-8080-exec-3] org.example.dao.UserMapper.findById      : ==> Parameters: 0(Integer)
2026-03-15 12:55:05.983 DEBUG 54685 --- [http-nio-8080-exec-3] org.example.dao.UserMapper.findById      : <==      Total: 0
2026-03-15 12:55:05.984 DEBUG 54685 --- [http-nio-8080-exec-3] org.example.dao.UserMapper.findById      : ==>  Preparing: SELECT * FROM user WHERE id = ?
2026-03-15 12:55:05.984 DEBUG 54685 --- [http-nio-8080-exec-3] org.example.dao.UserMapper.findById      : ==> Parameters: 0(Integer)
2026-03-15 12:55:05.984 DEBUG 54685 --- [http-nio-8080-exec-3] org.example.dao.UserMapper.findById      : <==      Total: 0
2026-03-15 12:55:05.985 DEBUG 54685 --- [http-nio-8080-exec-3] org.example.dao.UserMapper.findById      : ==>  Preparing: SELECT * FROM user WHERE id = ?
2026-03-15 12:55:05.985 DEBUG 54685 --- [http-nio-8080-exec-3] org.example.dao.UserMapper.findById      : ==> Parameters: 0(Integer)
2026-03-15 12:55:05.986 DEBUG 54685 --- [http-nio-8080-exec-3] org.example.dao.UserMapper.findById      : <==      Total: 0
2026-03-15 12:55:05.986 DEBUG 54685 --- [http-nio-8080-exec-3] org.example.dao.UserMapper.findById      : ==>  Preparing: SELECT * FROM user WHERE id = ?
2026-03-15 12:55:05.986 DEBUG 54685 --- [http-nio-8080-exec-3] org.example.dao.UserMapper.findById      : ==> Parameters: 0(Integer)
2026-03-15 12:55:05.986 DEBUG 54685 --- [http-nio-8080-exec-3] org.example.dao.UserMapper.findById      : <==      Total: 0
2026-03-15 12:55:05.987 DEBUG 54685 --- [http-nio-8080-exec-3] org.example.dao.UserMapper.findById      : ==>  Preparing: SELECT * FROM user WHERE id = ?
2026-03-15 12:55:05.987 DEBUG 54685 --- [http-nio-8080-exec-3] org.example.dao.UserMapper.findById      : ==> Parameters: 0(Integer)
2026-03-15 12:55:05.987 DEBUG 54685 --- [http-nio-8080-exec-3] org.example.dao.UserMapper.findById      : <==      Total: 0
2026-03-15 12:55:05.987 DEBUG 54685 --- [http-nio-8080-exec-3] org.example.dao.UserMapper.findById      : ==>  Preparing: SELECT * FROM user WHERE id = ?
2026-03-15 12:55:05.987 DEBUG 54685 --- [http-nio-8080-exec-3] org.example.dao.UserMapper.findById      : ==> Parameters: 0(Integer)
2026-03-15 12:55:05.987 DEBUG 54685 --- [http-nio-8080-exec-3] org.example.dao.UserMapper.findById      : <==      Total: 0
2026-03-15 12:55:05.987 DEBUG 54685 --- [http-nio-8080-exec-3] org.example.dao.UserMapper.findById      : ==>  Preparing: SELECT * FROM user WHERE id = ?
2026-03-15 12:55:05.988 DEBUG 54685 --- [http-nio-8080-exec-3] org.example.dao.UserMapper.findById      : ==> Parameters: 0(Integer)
2026-03-15 12:55:05.988 DEBUG 54685 --- [http-nio-8080-exec-3] org.example.dao.UserMapper.findById      : <==      Total: 0
2026-03-15 12:55:05.988 DEBUG 54685 --- [http-nio-8080-exec-3] org.example.dao.UserMapper.findById      : ==>  Preparing: SELECT * FROM user WHERE id = ?
2026-03-15 12:55:05.988 DEBUG 54685 --- [http-nio-8080-exec-3] org.example.dao.UserMapper.findById      : ==> Parameters: 0(Integer)
2026-03-15 12:55:05.988 DEBUG 54685 --- [http-nio-8080-exec-3] org.example.dao.UserMapper.findById      : <==      Total: 0
2026-03-15 12:55:05.988 DEBUG 54685 --- [http-nio-8080-exec-3] org.example.dao.UserMapper.findById      : ==>  Preparing: SELECT * FROM user WHERE id = ?
2026-03-15 12:55:05.989 DEBUG 54685 --- [http-nio-8080-exec-3] org.example.dao.UserMapper.findById      : ==> Parameters: 0(Integer)
2026-03-15 12:55:05.989 DEBUG 54685 --- [http-nio-8080-exec-3] org.example.dao.UserMapper.findById      : <==      Total: 0
2026-03-15 12:55:05.989 DEBUG 54685 --- [http-nio-8080-exec-3] org.example.dao.UserMapper.findById      : ==>  Preparing: SELECT * FROM user WHERE id = ?
2026-03-15 12:55:05.989 DEBUG 54685 --- [http-nio-8080-exec-3] org.example.dao.UserMapper.findById      : ==> Parameters: 0(Integer)
2026-03-15 12:55:05.989 DEBUG 54685 --- [http-nio-8080-exec-3] org.example.dao.UserMapper.findById      : <==      Total: 0
2026-03-15 12:55:05.989 DEBUG 54685 --- [http-nio-8080-exec-3] org.example.dao.UserMapper.findById      : ==>  Preparing: SELECT * FROM user WHERE id = ?
2026-03-15 12:55:05.989 DEBUG 54685 --- [http-nio-8080-exec-3] org.example.dao.UserMapper.findById      : ==> Parameters: 0(Integer)
2026-03-15 12:55:05.990 DEBUG 54685 --- [http-nio-8080-exec-3] org.example.dao.UserMapper.findById      : <==      Total: 0
2026-03-15 12:55:05.990 DEBUG 54685 --- [http-nio-8080-exec-3] org.example.dao.UserMapper.findById      : ==>  Preparing: SELECT * FROM user WHERE id = ?
2026-03-15 12:55:05.990 DEBUG 54685 --- [http-nio-8080-exec-3] org.example.dao.UserMapper.findById      : ==> Parameters: 0(Integer)
2026-03-15 12:55:05.990 DEBUG 54685 --- [http-nio-8080-exec-3] org.example.dao.UserMapper.findById      : <==      Total: 0
2026-03-15 12:55:05.990 DEBUG 54685 --- [http-nio-8080-exec-3] org.example.dao.UserMapper.findById      : ==>  Preparing: SELECT * FROM user WHERE id = ?
2026-03-15 12:55:05.990 DEBUG 54685 --- [http-nio-8080-exec-3] org.example.dao.UserMapper.findById      : ==> Parameters: 0(Integer)
2026-03-15 12:55:05.991 DEBUG 54685 --- [http-nio-8080-exec-3] org.example.dao.UserMapper.findById      : <==      Total: 0
2026-03-15 12:55:05.991 DEBUG 54685 --- [http-nio-8080-exec-3] org.example.dao.UserMapper.findById      : ==>  Preparing: SELECT * FROM user WHERE id = ?
2026-03-15 12:55:05.991 DEBUG 54685 --- [http-nio-8080-exec-3] org.example.dao.UserMapper.findById      : ==> Parameters: 0(Integer)
2026-03-15 12:55:05.991 DEBUG 54685 --- [http-nio-8080-exec-3] org.example.dao.UserMapper.findById      : <==      Total: 0
2026-03-15 12:55:05.991 DEBUG 54685 --- [http-nio-8080-exec-3] org.example.dao.UserMapper.findById      : ==>  Preparing: SELECT * FROM user WHERE id = ?
2026-03-15 12:55:05.991 DEBUG 54685 --- [http-nio-8080-exec-3] org.example.dao.UserMapper.findById      : ==> Parameters: 0(Integer)
2026-03-15 12:55:05.991 DEBUG 54685 --- [http-nio-8080-exec-3] org.example.dao.UserMapper.findById      : <==      Total: 0
2026-03-15 12:55:05.991 DEBUG 54685 --- [http-nio-8080-exec-3] org.example.dao.UserMapper.findById      : ==>  Preparing: SELECT * FROM user WHERE id = ?
2026-03-15 12:55:05.992 DEBUG 54685 --- [http-nio-8080-exec-3] org.example.dao.UserMapper.findById      : ==> Parameters: 0(Integer)
2026-03-15 12:55:05.992 DEBUG 54685 --- [http-nio-8080-exec-3] org.example.dao.UserMapper.findById      : <==      Total: 0
2026-03-15 12:55:05.992 DEBUG 54685 --- [http-nio-8080-exec-3] org.example.dao.UserMapper.findById      : ==>  Preparing: SELECT * FROM user WHERE id = ?
2026-03-15 12:55:05.992 DEBUG 54685 --- [http-nio-8080-exec-3] org.example.dao.UserMapper.findById      : ==> Parameters: 0(Integer)
2026-03-15 12:55:05.992 DEBUG 54685 --- [http-nio-8080-exec-3] org.example.dao.UserMapper.findById      : <==      Total: 0
2026-03-15 12:55:05.992 DEBUG 54685 --- [http-nio-8080-exec-3] org.example.dao.UserMapper.findById      : ==>  Preparing: SELECT * FROM user WHERE id = ?
2026-03-15 12:55:05.992 DEBUG 54685 --- [http-nio-8080-exec-3] org.example.dao.UserMapper.findById      : ==> Parameters: 0(Integer)
2026-03-15 12:55:05.992 DEBUG 54685 --- [http-nio-8080-exec-3] org.example.dao.UserMapper.findById      : <==      Total: 0
2026-03-15 12:55:05.993 DEBUG 54685 --- [http-nio-8080-exec-3] org.example.dao.UserMapper.findById      : ==>  Preparing: SELECT * FROM user WHERE id = ?
2026-03-15 12:55:05.993 DEBUG 54685 --- [http-nio-8080-exec-3] org.example.dao.UserMapper.findById      : ==> Parameters: 0(Integer)
2026-03-15 12:55:05.993 DEBUG 54685 --- [http-nio-8080-exec-3] org.example.dao.UserMapper.findById      : <==      Total: 0
2026-03-15 12:55:05.993 DEBUG 54685 --- [http-nio-8080-exec-3] org.example.dao.UserMapper.findById      : ==>  Preparing: SELECT * FROM user WHERE id = ?
2026-03-15 12:55:05.993 DEBUG 54685 --- [http-nio-8080-exec-3] org.example.dao.UserMapper.findById      : ==> Parameters: 0(Integer)
2026-03-15 12:55:05.993 DEBUG 54685 --- [http-nio-8080-exec-3] org.example.dao.UserMapper.findById      : <==      Total: 0
2026-03-15 12:55:05.993 DEBUG 54685 --- [http-nio-8080-exec-3] org.example.dao.UserMapper.findById      : ==>  Preparing: SELECT * FROM user WHERE id = ?
2026-03-15 12:55:05.993 DEBUG 54685 --- [http-nio-8080-exec-3] org.example.dao.UserMapper.findById      : ==> Parameters: 0(Integer)
2026-03-15 12:55:05.994 DEBUG 54685 --- [http-nio-8080-exec-3] org.example.dao.UserMapper.findById      : <==      Total: 0
2026-03-15 12:55:05.994 DEBUG 54685 --- [http-nio-8080-exec-3] org.example.dao.UserMapper.findById      : ==>  Preparing: SELECT * FROM user WHERE id = ?
2026-03-15 12:55:05.994 DEBUG 54685 --- [http-nio-8080-exec-3] org.example.dao.UserMapper.findById      : ==> Parameters: 0(Integer)
2026-03-15 12:55:05.994 DEBUG 54685 --- [http-nio-8080-exec-3] org.example.dao.UserMapper.findById      : <==      Total: 0
2026-03-15 12:55:05.994 DEBUG 54685 --- [http-nio-8080-exec-3] org.example.dao.UserMapper.findById      : ==>  Preparing: SELECT * FROM user WHERE id = ?
2026-03-15 12:55:05.994 DEBUG 54685 --- [http-nio-8080-exec-3] org.example.dao.UserMapper.findById      : ==> Parameters: 0(Integer)
2026-03-15 12:55:05.995 DEBUG 54685 --- [http-nio-8080-exec-3] org.example.dao.UserMapper.findById      : <==      Total: 0
2026-03-15 12:55:05.995 DEBUG 54685 --- [http-nio-8080-exec-3] org.example.dao.UserMapper.findById      : ==>  Preparing: SELECT * FROM user WHERE id = ?
2026-03-15 12:55:05.995 DEBUG 54685 --- [http-nio-8080-exec-3] org.example.dao.UserMapper.findById      : ==> Parameters: 0(Integer)
2026-03-15 12:55:05.995 DEBUG 54685 --- [http-nio-8080-exec-3] org.example.dao.UserMapper.findById      : <==      Total: 0
2026-03-15 12:55:05.995 DEBUG 54685 --- [http-nio-8080-exec-3] org.example.dao.UserMapper.findById      : ==>  Preparing: SELECT * FROM user WHERE id = ?
2026-03-15 12:55:05.995 DEBUG 54685 --- [http-nio-8080-exec-3] org.example.dao.UserMapper.findById      : ==> Parameters: 0(Integer)
2026-03-15 12:55:05.995 DEBUG 54685 --- [http-nio-8080-exec-3] org.example.dao.UserMapper.findById      : <==      Total: 0
2026-03-15 12:55:05.995 DEBUG 54685 --- [http-nio-8080-exec-3] org.example.dao.UserMapper.findById      : ==>  Preparing: SELECT * FROM user WHERE id = ?
2026-03-15 12:55:05.996 DEBUG 54685 --- [http-nio-8080-exec-3] org.example.dao.UserMapper.findById      : ==> Parameters: 0(Integer)
2026-03-15 12:55:05.996 DEBUG 54685 --- [http-nio-8080-exec-3] org.example.dao.UserMapper.findById      : <==      Total: 0
2026-03-15 12:55:05.996 DEBUG 54685 --- [http-nio-8080-exec-3] org.example.dao.UserMapper.findById      : ==>  Preparing: SELECT * FROM user WHERE id = ?
2026-03-15 12:55:05.996 DEBUG 54685 --- [http-nio-8080-exec-3] org.example.dao.UserMapper.findById      : ==> Parameters: 0(Integer)
2026-03-15 12:55:05.996 DEBUG 54685 --- [http-nio-8080-exec-3] org.example.dao.UserMapper.findById      : <==      Total: 0
2026-03-15 12:55:05.996 DEBUG 54685 --- [http-nio-8080-exec-3] org.example.dao.UserMapper.findById      : ==>  Preparing: SELECT * FROM user WHERE id = ?
2026-03-15 12:55:05.996 DEBUG 54685 --- [http-nio-8080-exec-3] org.example.dao.UserMapper.findById      : ==> Parameters: 0(Integer)
2026-03-15 12:55:05.997 DEBUG 54685 --- [http-nio-8080-exec-3] org.example.dao.UserMapper.findById      : <==      Total: 0
2026-03-15 12:55:05.997 DEBUG 54685 --- [http-nio-8080-exec-3] m.m.a.RequestResponseBodyMethodProcessor : Using 'application/json', given [*/*] and supported [application/json, application/*+json, application/json, application/*+json]
2026-03-15 12:55:05.997 DEBUG 54685 --- [http-nio-8080-exec-3] m.m.a.RequestResponseBodyMethodProcessor : Writing [org.example.common.ResponseResult@7e02ed3a]
2026-03-15 12:55:05.998 DEBUG 54685 --- [http-nio-8080-exec-3] o.s.web.servlet.DispatcherServlet        : Completed 200 OK
2026-03-15 12:55:07.076 DEBUG 54685 --- [http-nio-8080-exec-10] o.s.web.servlet.DispatcherServlet        : GET "/api/chat/contacts", parameters={}
2026-03-15 12:55:07.077 DEBUG 54685 --- [http-nio-8080-exec-10] s.w.s.m.m.a.RequestMappingHandlerMapping : Mapped to org.example.controller.ChatController#getRecentContacts(HttpServletRequest)
2026-03-15 12:55:07.081 DEBUG 54685 --- [http-nio-8080-exec-10] o.e.d.C.findRecentContacts               : ==>  Preparing: SELECT m.*, CASE WHEN m.sender_id = 0 THEN '系统通知' ELSE u.name END as sender_name, CASE WHEN m.sender_id = 0 THEN '/static/logo.png' ELSE u.avatar END as sender_avatar, (SELECT COUNT(*) FROM chat_message cm WHERE cm.sender_id = contact_id AND cm.receiver_id = ? AND cm.is_read = 0) as unread_count FROM ( SELECT CASE WHEN sender_id = ? THEN receiver_id ELSE sender_id END as contact_id, MAX(create_time) as max_time FROM chat_message WHERE sender_id = ? OR receiver_id = ? GROUP BY contact_id ) t JOIN chat_message m ON ( (m.sender_id = ? AND m.receiver_id = t.contact_id) OR (m.sender_id = t.contact_id AND m.receiver_id = ?) ) AND m.create_time = t.max_time LEFT JOIN user u ON u.id = t.contact_id ORDER BY m.create_time DESC
2026-03-15 12:55:07.081 DEBUG 54685 --- [http-nio-8080-exec-10] o.e.d.C.findRecentContacts               : ==> Parameters: 21(Integer), 21(Integer), 21(Integer), 21(Integer), 21(Integer), 21(Integer)
2026-03-15 12:55:07.083 DEBUG 54685 --- [http-nio-8080-exec-10] o.e.d.C.findRecentContacts               : <==      Total: 2
2026-03-15 12:55:07.083 DEBUG 54685 --- [http-nio-8080-exec-10] m.m.a.RequestResponseBodyMethodProcessor : Using 'application/json', given [*/*] and supported [application/json, application/*+json, application/json, application/*+json]
2026-03-15 12:55:07.083 DEBUG 54685 --- [http-nio-8080-exec-10] m.m.a.RequestResponseBodyMethodProcessor : Writing [org.example.common.ResponseResult@6e7ffb23]
2026-03-15 12:55:07.084 DEBUG 54685 --- [http-nio-8080-exec-10] o.s.web.servlet.DispatcherServlet        : Completed 200 OK
2026-03-15 12:55:07.548 DEBUG 54685 --- [http-nio-8080-exec-6] o.s.web.servlet.DispatcherServlet        : POST "/api/chat/read?senderId=15", parameters={masked}
2026-03-15 12:55:07.548 DEBUG 54685 --- [http-nio-8080-exec-6] s.w.s.m.m.a.RequestMappingHandlerMapping : Mapped to org.example.controller.ChatController#markAsRead(Integer, HttpServletRequest)
2026-03-15 12:55:07.550 DEBUG 54685 --- [http-nio-8080-exec-6] o.e.dao.ChatMessageMapper.markAsRead     : ==>  Preparing: UPDATE chat_message SET is_read = 1 WHERE sender_id = ? AND receiver_id = ? AND is_read = 0
2026-03-15 12:55:07.551 DEBUG 54685 --- [http-nio-8080-exec-6] o.e.dao.ChatMessageMapper.markAsRead     : ==> Parameters: 15(Integer), 21(Integer)
2026-03-15 12:55:07.551 DEBUG 54685 --- [http-nio-8080-exec-6] o.e.dao.ChatMessageMapper.markAsRead     : <==    Updates: 0
2026-03-15 12:55:07.557  INFO 54685 --- [http-nio-8080-exec-6] o.example.service.impl.ChatServiceImpl   : 已发送已读回执: 接收者21 -> 发送者15
2026-03-15 12:55:07.558 DEBUG 54685 --- [http-nio-8080-exec-6] m.m.a.RequestResponseBodyMethodProcessor : Using 'application/json', given [*/*] and supported [application/json, application/*+json, application/json, application/*+json]
2026-03-15 12:55:07.558 DEBUG 54685 --- [http-nio-8080-exec-6] m.m.a.RequestResponseBodyMethodProcessor : Writing [org.example.common.ResponseResult@3548954]
2026-03-15 12:55:07.559 DEBUG 54685 --- [http-nio-8080-exec-6] o.s.web.servlet.DispatcherServlet        : Completed 200 OK
2026-03-15 12:55:07.641 DEBUG 54685 --- [http-nio-8080-exec-1] o.s.web.servlet.DispatcherServlet        : GET "/ws/chat?userId=21", parameters={masked}
2026-03-15 12:55:07.641 DEBUG 54685 --- [http-nio-8080-exec-1] o.s.w.s.s.s.WebSocketHandlerMapping      : Mapped to org.springframework.web.socket.server.support.WebSocketHttpRequestHandler@7eee6c13
2026-03-15 12:55:07.641 DEBUG 54685 --- [http-nio-8080-exec-1] o.s.w.s.s.s.WebSocketHttpRequestHandler  : GET /ws/chat
2026-03-15 12:55:07.642 DEBUG 54685 --- [http-nio-8080-exec-1] o.s.web.servlet.DispatcherServlet        : Completed 101 SWITCHING_PROTOCOLS
2026-03-15 12:55:07.642 DEBUG 54685 --- [http-nio-8080-exec-2] o.s.web.servlet.DispatcherServlet        : GET "/api/chat/history?targetUserId=15&page=1&pageSize=20", parameters={masked}
2026-03-15 12:55:07.642 DEBUG 54685 --- [http-nio-8080-exec-1] s.w.s.h.LoggingWebSocketHandlerDecorator : New StandardWebSocketSession[id=5dd250e4-805f-2583-64cc-7a976be8fb35, uri=ws://localhost:8080/ws/chat?userId=21]
2026-03-15 12:55:07.642 DEBUG 54685 --- [http-nio-8080-exec-2] s.w.s.m.m.a.RequestMappingHandlerMapping : Mapped to org.example.controller.ChatController#getHistory(Integer, HttpServletRequest)
2026-03-15 12:55:07.642  INFO 54685 --- [http-nio-8080-exec-1] o.example.handler.ChatWebSocketHandler   : 聊天 WebSocket 连接建立: 用户 21
2026-03-15 12:55:07.643 DEBUG 54685 --- [http-nio-8080-exec-2] o.e.dao.ChatMessageMapper.findHistory    : ==>  Preparing: SELECT m.*, u.name as sender_name, u.avatar as sender_avatar FROM chat_message m LEFT JOIN user u ON m.sender_id = u.id WHERE (m.sender_id = ? AND m.receiver_id = ?) OR (m.sender_id = ? AND m.receiver_id = ?) ORDER BY m.create_time ASC
2026-03-15 12:55:07.644 DEBUG 54685 --- [http-nio-8080-exec-2] o.e.dao.ChatMessageMapper.findHistory    : ==> Parameters: 21(Integer), 15(Integer), 15(Integer), 21(Integer)
2026-03-15 12:55:07.648 DEBUG 54685 --- [http-nio-8080-exec-2] o.e.dao.ChatMessageMapper.findHistory    : <==      Total: 33
2026-03-15 12:55:07.648 DEBUG 54685 --- [http-nio-8080-exec-2] m.m.a.RequestResponseBodyMethodProcessor : Using 'application/json', given [*/*] and supported [application/json, application/*+json, application/json, application/*+json]
2026-03-15 12:55:07.648 DEBUG 54685 --- [http-nio-8080-exec-2] m.m.a.RequestResponseBodyMethodProcessor : Writing [org.example.common.ResponseResult@290ad766]
2026-03-15 12:55:07.649 DEBUG 54685 --- [http-nio-8080-exec-2] o.s.web.servlet.DispatcherServlet        : Completed 200 OK
2026-03-15 12:55:09.476 DEBUG 54685 --- [http-nio-8080-exec-8] o.s.web.servlet.DispatcherServlet        : POST "/api/chat/send", parameters={}
2026-03-15 12:55:09.476 DEBUG 54685 --- [http-nio-8080-exec-8] s.w.s.m.m.a.RequestMappingHandlerMapping : Mapped to org.example.controller.ChatController#sendMessage(ChatMessage, HttpServletRequest)
2026-03-15 12:55:09.487 DEBUG 54685 --- [http-nio-8080-exec-8] m.m.a.RequestResponseBodyMethodProcessor : Read "application/json;charset=UTF-8" to [ChatMessage(id=null, senderId=null, receiverId=15, content=33, msgType=1, isRead=null, createTime=nu (truncated)...]
2026-03-15 12:55:09.488 DEBUG 54685 --- [http-nio-8080-exec-8] org.example.dao.UserMapper.findById      : ==>  Preparing: SELECT * FROM user WHERE id = ?
2026-03-15 12:55:09.489 DEBUG 54685 --- [http-nio-8080-exec-8] org.example.dao.UserMapper.findById      : ==> Parameters: 21(Integer)
2026-03-15 12:55:09.489 DEBUG 54685 --- [http-nio-8080-exec-8] org.example.dao.UserMapper.findById      : <==      Total: 1
2026-03-15 12:55:09.490 DEBUG 54685 --- [http-nio-8080-exec-8] o.example.dao.ChatMessageMapper.insert   : ==>  Preparing: INSERT INTO chat_message (sender_id, receiver_id, content, msg_type, is_read, create_time) VALUES (?, ?, ?, ?, 0, NOW())
2026-03-15 12:55:09.491 DEBUG 54685 --- [http-nio-8080-exec-8] o.example.dao.ChatMessageMapper.insert   : ==> Parameters: 21(Integer), 15(Integer), 33(String), 1(Integer)
2026-03-15 12:55:09.497 DEBUG 54685 --- [http-nio-8080-exec-8] o.example.dao.ChatMessageMapper.insert   : <==    Updates: 1
2026-03-15 12:55:09.504 DEBUG 54685 --- [http-nio-8080-exec-5] o.s.web.servlet.DispatcherServlet        : GET "/api/chat/contacts", parameters={}
2026-03-15 12:55:09.504 DEBUG 54685 --- [http-nio-8080-exec-5] s.w.s.m.m.a.RequestMappingHandlerMapping : Mapped to org.example.controller.ChatController#getRecentContacts(HttpServletRequest)
2026-03-15 12:55:09.505 DEBUG 54685 --- [http-nio-8080-exec-8] m.m.a.RequestResponseBodyMethodProcessor : Using 'application/json', given [*/*] and supported [application/json, application/*+json, application/json, application/*+json]
2026-03-15 12:55:09.505 DEBUG 54685 --- [http-nio-8080-exec-8] m.m.a.RequestResponseBodyMethodProcessor : Writing [org.example.common.ResponseResult@46997ac7]
2026-03-15 12:55:09.506 DEBUG 54685 --- [http-nio-8080-exec-5] o.e.d.C.findRecentContacts               : ==>  Preparing: SELECT m.*, CASE WHEN m.sender_id = 0 THEN '系统通知' ELSE u.name END as sender_name, CASE WHEN m.sender_id = 0 THEN '/static/logo.png' ELSE u.avatar END as sender_avatar, (SELECT COUNT(*) FROM chat_message cm WHERE cm.sender_id = contact_id AND cm.receiver_id = ? AND cm.is_read = 0) as unread_count FROM ( SELECT CASE WHEN sender_id = ? THEN receiver_id ELSE sender_id END as contact_id, MAX(create_time) as max_time FROM chat_message WHERE sender_id = ? OR receiver_id = ? GROUP BY contact_id ) t JOIN chat_message m ON ( (m.sender_id = ? AND m.receiver_id = t.contact_id) OR (m.sender_id = t.contact_id AND m.receiver_id = ?) ) AND m.create_time = t.max_time LEFT JOIN user u ON u.id = t.contact_id ORDER BY m.create_time DESC
2026-03-15 12:55:09.506 DEBUG 54685 --- [http-nio-8080-exec-8] o.s.web.servlet.DispatcherServlet        : Completed 200 OK
2026-03-15 12:55:09.507 DEBUG 54685 --- [http-nio-8080-exec-5] o.e.d.C.findRecentContacts               : ==> Parameters: 21(Integer), 21(Integer), 21(Integer), 21(Integer), 21(Integer), 21(Integer)
2026-03-15 12:55:09.509 DEBUG 54685 --- [http-nio-8080-exec-5] o.e.d.C.findRecentContacts               : <==      Total: 2
2026-03-15 12:55:09.509 DEBUG 54685 --- [http-nio-8080-exec-5] m.m.a.RequestResponseBodyMethodProcessor : Using 'application/json', given [*/*] and supported [application/json, application/*+json, application/json, application/*+json]
2026-03-15 12:55:09.509 DEBUG 54685 --- [http-nio-8080-exec-5] m.m.a.RequestResponseBodyMethodProcessor : Writing [org.example.common.ResponseResult@1cb61769]
2026-03-15 12:55:09.510 DEBUG 54685 --- [http-nio-8080-exec-5] o.s.web.servlet.DispatcherServlet        : Completed 200 OK
2026-03-15 12:55:11.061 DEBUG 54685 --- [http-nio-8080-exec-10] o.s.web.servlet.DispatcherServlet        : GET "/api/chat/contacts", parameters={}
2026-03-15 12:55:11.061 DEBUG 54685 --- [http-nio-8080-exec-10] s.w.s.m.m.a.RequestMappingHandlerMapping : Mapped to org.example.controller.ChatController#getRecentContacts(HttpServletRequest)
2026-03-15 12:55:11.065 DEBUG 54685 --- [http-nio-8080-exec-10] o.e.d.C.findRecentContacts               : ==>  Preparing: SELECT m.*, CASE WHEN m.sender_id = 0 THEN '系统通知' ELSE u.name END as sender_name, CASE WHEN m.sender_id = 0 THEN '/static/logo.png' ELSE u.avatar END as sender_avatar, (SELECT COUNT(*) FROM chat_message cm WHERE cm.sender_id = contact_id AND cm.receiver_id = ? AND cm.is_read = 0) as unread_count FROM ( SELECT CASE WHEN sender_id = ? THEN receiver_id ELSE sender_id END as contact_id, MAX(create_time) as max_time FROM chat_message WHERE sender_id = ? OR receiver_id = ? GROUP BY contact_id ) t JOIN chat_message m ON ( (m.sender_id = ? AND m.receiver_id = t.contact_id) OR (m.sender_id = t.contact_id AND m.receiver_id = ?) ) AND m.create_time = t.max_time LEFT JOIN user u ON u.id = t.contact_id ORDER BY m.create_time DESC
2026-03-15 12:55:11.065 DEBUG 54685 --- [http-nio-8080-exec-10] o.e.d.C.findRecentContacts               : ==> Parameters: 21(Integer), 21(Integer), 21(Integer), 21(Integer), 21(Integer), 21(Integer)
2026-03-15 12:55:11.067 DEBUG 54685 --- [http-nio-8080-exec-10] o.e.d.C.findRecentContacts               : <==      Total: 2
2026-03-15 12:55:11.067 DEBUG 54685 --- [http-nio-8080-exec-10] m.m.a.RequestResponseBodyMethodProcessor : Using 'application/json', given [*/*] and supported [application/json, application/*+json, application/json, application/*+json]
2026-03-15 12:55:11.067 DEBUG 54685 --- [http-nio-8080-exec-10] m.m.a.RequestResponseBodyMethodProcessor : Writing [org.example.common.ResponseResult@2f8db16c]
2026-03-15 12:55:11.068 DEBUG 54685 --- [http-nio-8080-exec-10] o.s.web.servlet.DispatcherServlet        : Completed 200 OK
2026-03-15 12:55:13.228 DEBUG 54685 --- [http-nio-8080-exec-6] o.s.web.servlet.DispatcherServlet        : GET "/attendant/orders?attendantId=21&page=0&size=50", parameters={masked}
2026-03-15 12:55:13.229 DEBUG 54685 --- [http-nio-8080-exec-6] s.w.s.m.m.a.RequestMappingHandlerMapping : Mapped to org.example.controller.AttendantController#getAttendantOrders(Integer, Integer, Integer, String)
2026-03-15 12:55:13.232 DEBUG 54685 --- [http-nio-8080-exec-6] o.e.d.O.findAllOrdersWithPagination      : ==>  Preparing: SELECT * FROM `order` ORDER BY create_time DESC LIMIT ?, ?
2026-03-15 12:55:13.233 DEBUG 54685 --- [http-nio-8080-exec-6] o.e.d.O.findAllOrdersWithPagination      : ==> Parameters: 0(Integer), 1000(Integer)
2026-03-15 12:55:13.240 DEBUG 54685 --- [http-nio-8080-exec-6] o.e.d.O.findAllOrdersWithPagination      : <==      Total: 19
2026-03-15 12:55:13.240 DEBUG 54685 --- [http-nio-8080-exec-6] org.example.dao.UserMapper.findById      : ==>  Preparing: SELECT * FROM user WHERE id = ?
2026-03-15 12:55:13.241 DEBUG 54685 --- [http-nio-8080-exec-6] org.example.dao.UserMapper.findById      : ==> Parameters: 15(Integer)
2026-03-15 12:55:13.242 DEBUG 54685 --- [http-nio-8080-exec-6] org.example.dao.UserMapper.findById      : <==      Total: 1
2026-03-15 12:55:13.242 DEBUG 54685 --- [http-nio-8080-exec-6] org.example.dao.UserMapper.findById      : ==>  Preparing: SELECT * FROM user WHERE id = ?
2026-03-15 12:55:13.243 DEBUG 54685 --- [http-nio-8080-exec-6] org.example.dao.UserMapper.findById      : ==> Parameters: 15(Integer)
2026-03-15 12:55:13.243 DEBUG 54685 --- [http-nio-8080-exec-6] org.example.dao.UserMapper.findById      : <==      Total: 1
2026-03-15 12:55:13.244 DEBUG 54685 --- [http-nio-8080-exec-6] org.example.dao.UserMapper.findById      : ==>  Preparing: SELECT * FROM user WHERE id = ?
2026-03-15 12:55:13.244 DEBUG 54685 --- [http-nio-8080-exec-6] org.example.dao.UserMapper.findById      : ==> Parameters: 15(Integer)
2026-03-15 12:55:13.245 DEBUG 54685 --- [http-nio-8080-exec-6] org.example.dao.UserMapper.findById      : <==      Total: 1
2026-03-15 12:55:13.245 DEBUG 54685 --- [http-nio-8080-exec-6] org.example.dao.UserMapper.findById      : ==>  Preparing: SELECT * FROM user WHERE id = ?
2026-03-15 12:55:13.245 DEBUG 54685 --- [http-nio-8080-exec-6] org.example.dao.UserMapper.findById      : ==> Parameters: 15(Integer)
2026-03-15 12:55:13.246 DEBUG 54685 --- [http-nio-8080-exec-6] org.example.dao.UserMapper.findById      : <==      Total: 1
2026-03-15 12:55:13.246 DEBUG 54685 --- [http-nio-8080-exec-6] org.example.dao.UserMapper.findById      : ==>  Preparing: SELECT * FROM user WHERE id = ?
2026-03-15 12:55:13.246 DEBUG 54685 --- [http-nio-8080-exec-6] org.example.dao.UserMapper.findById      : ==> Parameters: 15(Integer)
2026-03-15 12:55:13.247 DEBUG 54685 --- [http-nio-8080-exec-6] org.example.dao.UserMapper.findById      : <==      Total: 1
2026-03-15 12:55:13.247 DEBUG 54685 --- [http-nio-8080-exec-6] org.example.dao.UserMapper.findById      : ==>  Preparing: SELECT * FROM user WHERE id = ?
2026-03-15 12:55:13.247 DEBUG 54685 --- [http-nio-8080-exec-6] org.example.dao.UserMapper.findById      : ==> Parameters: 15(Integer)
2026-03-15 12:55:13.248 DEBUG 54685 --- [http-nio-8080-exec-6] org.example.dao.UserMapper.findById      : <==      Total: 1
2026-03-15 12:55:13.248 DEBUG 54685 --- [http-nio-8080-exec-6] org.example.dao.UserMapper.findById      : ==>  Preparing: SELECT * FROM user WHERE id = ?
2026-03-15 12:55:13.248 DEBUG 54685 --- [http-nio-8080-exec-6] org.example.dao.UserMapper.findById      : ==> Parameters: 15(Integer)
2026-03-15 12:55:13.249 DEBUG 54685 --- [http-nio-8080-exec-6] org.example.dao.UserMapper.findById      : <==      Total: 1
2026-03-15 12:55:13.249 DEBUG 54685 --- [http-nio-8080-exec-6] org.example.dao.UserMapper.findById      : ==>  Preparing: SELECT * FROM user WHERE id = ?
2026-03-15 12:55:13.249 DEBUG 54685 --- [http-nio-8080-exec-6] org.example.dao.UserMapper.findById      : ==> Parameters: 15(Integer)
2026-03-15 12:55:13.250 DEBUG 54685 --- [http-nio-8080-exec-6] org.example.dao.UserMapper.findById      : <==      Total: 1
2026-03-15 12:55:13.250 DEBUG 54685 --- [http-nio-8080-exec-6] org.example.dao.UserMapper.findById      : ==>  Preparing: SELECT * FROM user WHERE id = ?
2026-03-15 12:55:13.250 DEBUG 54685 --- [http-nio-8080-exec-6] org.example.dao.UserMapper.findById      : ==> Parameters: 15(Integer)
2026-03-15 12:55:13.251 DEBUG 54685 --- [http-nio-8080-exec-6] org.example.dao.UserMapper.findById      : <==      Total: 1
2026-03-15 12:55:13.252 DEBUG 54685 --- [http-nio-8080-exec-6] org.example.dao.UserMapper.findById      : ==>  Preparing: SELECT * FROM user WHERE id = ?
2026-03-15 12:55:13.252 DEBUG 54685 --- [http-nio-8080-exec-6] org.example.dao.UserMapper.findById      : ==> Parameters: 15(Integer)
2026-03-15 12:55:13.252 DEBUG 54685 --- [http-nio-8080-exec-6] org.example.dao.UserMapper.findById      : <==      Total: 1
2026-03-15 12:55:13.253 DEBUG 54685 --- [http-nio-8080-exec-6] org.example.dao.UserMapper.findById      : ==>  Preparing: SELECT * FROM user WHERE id = ?
2026-03-15 12:55:13.253 DEBUG 54685 --- [http-nio-8080-exec-6] org.example.dao.UserMapper.findById      : ==> Parameters: 15(Integer)
2026-03-15 12:55:13.253 DEBUG 54685 --- [http-nio-8080-exec-6] org.example.dao.UserMapper.findById      : <==      Total: 1
2026-03-15 12:55:13.254 DEBUG 54685 --- [http-nio-8080-exec-6] org.example.dao.UserMapper.findById      : ==>  Preparing: SELECT * FROM user WHERE id = ?
2026-03-15 12:55:13.254 DEBUG 54685 --- [http-nio-8080-exec-6] org.example.dao.UserMapper.findById      : ==> Parameters: 15(Integer)
2026-03-15 12:55:13.254 DEBUG 54685 --- [http-nio-8080-exec-6] org.example.dao.UserMapper.findById      : <==      Total: 1
2026-03-15 12:55:13.255 DEBUG 54685 --- [http-nio-8080-exec-6] org.example.dao.UserMapper.findById      : ==>  Preparing: SELECT * FROM user WHERE id = ?
2026-03-15 12:55:13.255 DEBUG 54685 --- [http-nio-8080-exec-6] org.example.dao.UserMapper.findById      : ==> Parameters: 15(Integer)
2026-03-15 12:55:13.255 DEBUG 54685 --- [http-nio-8080-exec-6] org.example.dao.UserMapper.findById      : <==      Total: 1
2026-03-15 12:55:13.256 DEBUG 54685 --- [http-nio-8080-exec-6] m.m.a.RequestResponseBodyMethodProcessor : Using 'application/json', given [*/*] and supported [application/json, application/*+json, application/json, application/*+json]
2026-03-15 12:55:13.256 DEBUG 54685 --- [http-nio-8080-exec-6] m.m.a.RequestResponseBodyMethodProcessor : Writing [org.example.common.ResponseResult@49962064]
2026-03-15 12:55:13.257 DEBUG 54685 --- [http-nio-8080-exec-6] o.s.web.servlet.DispatcherServlet        : Completed 200 OK
2026-03-15 12:55:13.617 DEBUG 54685 --- [http-nio-8080-exec-1] o.s.web.servlet.DispatcherServlet        : GET "/attendant/profile/21", parameters={}
2026-03-15 12:55:13.617 DEBUG 54685 --- [http-nio-8080-exec-1] s.w.s.m.m.a.RequestMappingHandlerMapping : Mapped to org.example.controller.AttendantController#getProfile(Integer)
2026-03-15 12:55:13.624 DEBUG 54685 --- [http-nio-8080-exec-1] org.example.dao.UserMapper.findById      : ==>  Preparing: SELECT * FROM user WHERE id = ?
2026-03-15 12:55:13.624 DEBUG 54685 --- [http-nio-8080-exec-1] org.example.dao.UserMapper.findById      : ==> Parameters: 21(Integer)
2026-03-15 12:55:13.625 DEBUG 54685 --- [http-nio-8080-exec-1] org.example.dao.UserMapper.findById      : <==      Total: 1
2026-03-15 12:55:13.626 DEBUG 54685 --- [http-nio-8080-exec-1] o.e.dao.AttendantMapper.findByUserId     : ==>  Preparing: SELECT * FROM attendant WHERE user_id = ?
2026-03-15 12:55:13.626 DEBUG 54685 --- [http-nio-8080-exec-1] o.e.dao.AttendantMapper.findByUserId     : ==> Parameters: 21(Integer)
2026-03-15 12:55:13.627 DEBUG 54685 --- [http-nio-8080-exec-1] o.e.dao.AttendantMapper.findByUserId     : <==      Total: 1
2026-03-15 12:55:13.628 DEBUG 54685 --- [http-nio-8080-exec-1] m.m.a.RequestResponseBodyMethodProcessor : Using 'application/json', given [*/*] and supported [application/json, application/*+json, application/json, application/*+json]
2026-03-15 12:55:13.628 DEBUG 54685 --- [http-nio-8080-exec-1] m.m.a.RequestResponseBodyMethodProcessor : Writing [org.example.common.ResponseResult@1d1d3fc5]
2026-03-15 12:55:13.628 DEBUG 54685 --- [http-nio-8080-exec-1] o.s.web.servlet.DispatcherServlet        : Completed 200 OK
2026-03-15 12:55:13.629 DEBUG 54685 --- [http-nio-8080-exec-2] o.s.web.servlet.DispatcherServlet        : GET "/attendant/profile/21", parameters={}
2026-03-15 12:55:13.629 DEBUG 54685 --- [http-nio-8080-exec-2] s.w.s.m.m.a.RequestMappingHandlerMapping : Mapped to org.example.controller.AttendantController#getProfile(Integer)
2026-03-15 12:55:13.630 DEBUG 54685 --- [http-nio-8080-exec-2] org.example.dao.UserMapper.findById      : ==>  Preparing: SELECT * FROM user WHERE id = ?
2026-03-15 12:55:13.631 DEBUG 54685 --- [http-nio-8080-exec-2] org.example.dao.UserMapper.findById      : ==> Parameters: 21(Integer)
2026-03-15 12:55:13.632 DEBUG 54685 --- [http-nio-8080-exec-2] org.example.dao.UserMapper.findById      : <==      Total: 1
2026-03-15 12:55:13.632 DEBUG 54685 --- [http-nio-8080-exec-2] o.e.dao.AttendantMapper.findByUserId     : ==>  Preparing: SELECT * FROM attendant WHERE user_id = ?
2026-03-15 12:55:13.632 DEBUG 54685 --- [http-nio-8080-exec-2] o.e.dao.AttendantMapper.findByUserId     : ==> Parameters: 21(Integer)
2026-03-15 12:55:13.633 DEBUG 54685 --- [http-nio-8080-exec-2] o.e.dao.AttendantMapper.findByUserId     : <==      Total: 1
2026-03-15 12:55:13.633 DEBUG 54685 --- [http-nio-8080-exec-2] m.m.a.RequestResponseBodyMethodProcessor : Using 'application/json', given [*/*] and supported [application/json, application/*+json, application/json, application/*+json]
2026-03-15 12:55:13.633 DEBUG 54685 --- [http-nio-8080-exec-2] m.m.a.RequestResponseBodyMethodProcessor : Writing [org.example.common.ResponseResult@65b501de]
2026-03-15 12:55:13.633 DEBUG 54685 --- [http-nio-8080-exec-2] o.s.web.servlet.DispatcherServlet        : Completed 200 OK
2026-03-15 12:55:28.231 DEBUG 54685 --- [http-nio-8080-exec-8] o.s.web.servlet.DispatcherServlet        : GET "/attendant/orders?attendantId=21&page=0&size=50", parameters={masked}
2026-03-15 12:55:28.232 DEBUG 54685 --- [http-nio-8080-exec-8] s.w.s.m.m.a.RequestMappingHandlerMapping : Mapped to org.example.controller.AttendantController#getAttendantOrders(Integer, Integer, Integer, String)
2026-03-15 12:55:28.239 DEBUG 54685 --- [http-nio-8080-exec-8] o.e.d.O.findAllOrdersWithPagination      : ==>  Preparing: SELECT * FROM `order` ORDER BY create_time DESC LIMIT ?, ?
2026-03-15 12:55:28.239 DEBUG 54685 --- [http-nio-8080-exec-8] o.e.d.O.findAllOrdersWithPagination      : ==> Parameters: 0(Integer), 1000(Integer)
2026-03-15 12:55:28.245 DEBUG 54685 --- [http-nio-8080-exec-8] o.e.d.O.findAllOrdersWithPagination      : <==      Total: 19
2026-03-15 12:55:28.246 DEBUG 54685 --- [http-nio-8080-exec-8] org.example.dao.UserMapper.findById      : ==>  Preparing: SELECT * FROM user WHERE id = ?
2026-03-15 12:55:28.246 DEBUG 54685 --- [http-nio-8080-exec-8] org.example.dao.UserMapper.findById      : ==> Parameters: 15(Integer)
2026-03-15 12:55:28.247 DEBUG 54685 --- [http-nio-8080-exec-8] org.example.dao.UserMapper.findById      : <==      Total: 1
2026-03-15 12:55:28.247 DEBUG 54685 --- [http-nio-8080-exec-8] org.example.dao.UserMapper.findById      : ==>  Preparing: SELECT * FROM user WHERE id = ?
2026-03-15 12:55:28.247 DEBUG 54685 --- [http-nio-8080-exec-8] org.example.dao.UserMapper.findById      : ==> Parameters: 15(Integer)
2026-03-15 12:55:28.249 DEBUG 54685 --- [http-nio-8080-exec-8] org.example.dao.UserMapper.findById      : <==      Total: 1
2026-03-15 12:55:28.249 DEBUG 54685 --- [http-nio-8080-exec-8] org.example.dao.UserMapper.findById      : ==>  Preparing: SELECT * FROM user WHERE id = ?
2026-03-15 12:55:28.249 DEBUG 54685 --- [http-nio-8080-exec-8] org.example.dao.UserMapper.findById      : ==> Parameters: 15(Integer)
2026-03-15 12:55:28.250 DEBUG 54685 --- [http-nio-8080-exec-8] org.example.dao.UserMapper.findById      : <==      Total: 1
2026-03-15 12:55:28.250 DEBUG 54685 --- [http-nio-8080-exec-8] org.example.dao.UserMapper.findById      : ==>  Preparing: SELECT * FROM user WHERE id = ?
2026-03-15 12:55:28.251 DEBUG 54685 --- [http-nio-8080-exec-8] org.example.dao.UserMapper.findById      : ==> Parameters: 15(Integer)
2026-03-15 12:55:28.251 DEBUG 54685 --- [http-nio-8080-exec-8] org.example.dao.UserMapper.findById      : <==      Total: 1
2026-03-15 12:55:28.252 DEBUG 54685 --- [http-nio-8080-exec-8] org.example.dao.UserMapper.findById      : ==>  Preparing: SELECT * FROM user WHERE id = ?
2026-03-15 12:55:28.252 DEBUG 54685 --- [http-nio-8080-exec-8] org.example.dao.UserMapper.findById      : ==> Parameters: 15(Integer)
2026-03-15 12:55:28.253 DEBUG 54685 --- [http-nio-8080-exec-8] org.example.dao.UserMapper.findById      : <==      Total: 1
2026-03-15 12:55:28.253 DEBUG 54685 --- [http-nio-8080-exec-8] org.example.dao.UserMapper.findById      : ==>  Preparing: SELECT * FROM user WHERE id = ?
2026-03-15 12:55:28.253 DEBUG 54685 --- [http-nio-8080-exec-8] org.example.dao.UserMapper.findById      : ==> Parameters: 15(Integer)
2026-03-15 12:55:28.254 DEBUG 54685 --- [http-nio-8080-exec-8] org.example.dao.UserMapper.findById      : <==      Total: 1
2026-03-15 12:55:28.254 DEBUG 54685 --- [http-nio-8080-exec-8] org.example.dao.UserMapper.findById      : ==>  Preparing: SELECT * FROM user WHERE id = ?
2026-03-15 12:55:28.254 DEBUG 54685 --- [http-nio-8080-exec-8] org.example.dao.UserMapper.findById      : ==> Parameters: 15(Integer)
2026-03-15 12:55:28.255 DEBUG 54685 --- [http-nio-8080-exec-8] org.example.dao.UserMapper.findById      : <==      Total: 1
2026-03-15 12:55:28.255 DEBUG 54685 --- [http-nio-8080-exec-8] org.example.dao.UserMapper.findById      : ==>  Preparing: SELECT * FROM user WHERE id = ?
2026-03-15 12:55:28.255 DEBUG 54685 --- [http-nio-8080-exec-8] org.example.dao.UserMapper.findById      : ==> Parameters: 15(Integer)
2026-03-15 12:55:28.256 DEBUG 54685 --- [http-nio-8080-exec-8] org.example.dao.UserMapper.findById      : <==      Total: 1
2026-03-15 12:55:28.256 DEBUG 54685 --- [http-nio-8080-exec-8] org.example.dao.UserMapper.findById      : ==>  Preparing: SELECT * FROM user WHERE id = ?
2026-03-15 12:55:28.256 DEBUG 54685 --- [http-nio-8080-exec-8] org.example.dao.UserMapper.findById      : ==> Parameters: 15(Integer)
2026-03-15 12:55:28.257 DEBUG 54685 --- [http-nio-8080-exec-8] org.example.dao.UserMapper.findById      : <==      Total: 1
2026-03-15 12:55:28.257 DEBUG 54685 --- [http-nio-8080-exec-8] org.example.dao.UserMapper.findById      : ==>  Preparing: SELECT * FROM user WHERE id = ?
2026-03-15 12:55:28.257 DEBUG 54685 --- [http-nio-8080-exec-8] org.example.dao.UserMapper.findById      : ==> Parameters: 15(Integer)
2026-03-15 12:55:28.258 DEBUG 54685 --- [http-nio-8080-exec-8] org.example.dao.UserMapper.findById      : <==      Total: 1
2026-03-15 12:55:28.258 DEBUG 54685 --- [http-nio-8080-exec-8] org.example.dao.UserMapper.findById      : ==>  Preparing: SELECT * FROM user WHERE id = ?
2026-03-15 12:55:28.258 DEBUG 54685 --- [http-nio-8080-exec-8] org.example.dao.UserMapper.findById      : ==> Parameters: 15(Integer)
2026-03-15 12:55:28.258 DEBUG 54685 --- [http-nio-8080-exec-8] org.example.dao.UserMapper.findById      : <==      Total: 1
2026-03-15 12:55:28.259 DEBUG 54685 --- [http-nio-8080-exec-8] org.example.dao.UserMapper.findById      : ==>  Preparing: SELECT * FROM user WHERE id = ?
2026-03-15 12:55:28.259 DEBUG 54685 --- [http-nio-8080-exec-8] org.example.dao.UserMapper.findById      : ==> Parameters: 15(Integer)
2026-03-15 12:55:28.259 DEBUG 54685 --- [http-nio-8080-exec-8] org.example.dao.UserMapper.findById      : <==      Total: 1
2026-03-15 12:55:28.259 DEBUG 54685 --- [http-nio-8080-exec-8] org.example.dao.UserMapper.findById      : ==>  Preparing: SELECT * FROM user WHERE id = ?
2026-03-15 12:55:28.260 DEBUG 54685 --- [http-nio-8080-exec-8] org.example.dao.UserMapper.findById      : ==> Parameters: 15(Integer)
2026-03-15 12:55:28.260 DEBUG 54685 --- [http-nio-8080-exec-8] org.example.dao.UserMapper.findById      : <==      Total: 1
2026-03-15 12:55:28.261 DEBUG 54685 --- [http-nio-8080-exec-8] m.m.a.RequestResponseBodyMethodProcessor : Using 'application/json', given [*/*] and supported [application/json, application/*+json, application/json, application/*+json]
2026-03-15 12:55:28.261 DEBUG 54685 --- [http-nio-8080-exec-8] m.m.a.RequestResponseBodyMethodProcessor : Writing [org.example.common.ResponseResult@162819c8]
2026-03-15 12:55:28.262 DEBUG 54685 --- [http-nio-8080-exec-8] o.s.web.servlet.DispatcherServlet        : Completed 200 OK
2026-03-15 12:55:35.997 DEBUG 54685 --- [pool-3-thread-1] o.e.d.O.findExpiredUnpaidOrders          : ==>  Preparing: SELECT * FROM `order` WHERE payment_status = 0 AND order_status = 0 AND create_time <= ? ORDER BY create_time ASC
2026-03-15 12:55:35.997 DEBUG 54685 --- [pool-3-thread-1] o.e.d.O.findExpiredUnpaidOrders          : ==> Parameters: 2026-03-15 12:40:35.996(Timestamp)
2026-03-15 12:55:35.998 DEBUG 54685 --- [pool-3-thread-1] o.e.d.O.findExpiredUnpaidOrders          : <==      Total: 0
2026-03-15 12:55:43.227 DEBUG 54685 --- [http-nio-8080-exec-3] o.s.web.servlet.DispatcherServlet        : GET "/attendant/orders?attendantId=21&page=0&size=50", parameters={masked}
2026-03-15 12:55:43.227 DEBUG 54685 --- [http-nio-8080-exec-3] s.w.s.m.m.a.RequestMappingHandlerMapping : Mapped to org.example.controller.AttendantController#getAttendantOrders(Integer, Integer, Integer, String)
2026-03-15 12:55:43.229 DEBUG 54685 --- [http-nio-8080-exec-3] o.e.d.O.findAllOrdersWithPagination      : ==>  Preparing: SELECT * FROM `order` ORDER BY create_time DESC LIMIT ?, ?
2026-03-15 12:55:43.229 DEBUG 54685 --- [http-nio-8080-exec-3] o.e.d.O.findAllOrdersWithPagination      : ==> Parameters: 0(Integer), 1000(Integer)
2026-03-15 12:55:43.232 DEBUG 54685 --- [http-nio-8080-exec-3] o.e.d.O.findAllOrdersWithPagination      : <==      Total: 19
2026-03-15 12:55:43.232 DEBUG 54685 --- [http-nio-8080-exec-3] org.example.dao.UserMapper.findById      : ==>  Preparing: SELECT * FROM user WHERE id = ?
2026-03-15 12:55:43.233 DEBUG 54685 --- [http-nio-8080-exec-3] org.example.dao.UserMapper.findById      : ==> Parameters: 15(Integer)
2026-03-15 12:55:43.233 DEBUG 54685 --- [http-nio-8080-exec-3] org.example.dao.UserMapper.findById      : <==      Total: 1
2026-03-15 12:55:43.234 DEBUG 54685 --- [http-nio-8080-exec-3] org.example.dao.UserMapper.findById      : ==>  Preparing: SELECT * FROM user WHERE id = ?
2026-03-15 12:55:43.234 DEBUG 54685 --- [http-nio-8080-exec-3] org.example.dao.UserMapper.findById      : ==> Parameters: 15(Integer)
2026-03-15 12:55:43.234 DEBUG 54685 --- [http-nio-8080-exec-3] org.example.dao.UserMapper.findById      : <==      Total: 1
2026-03-15 12:55:43.234 DEBUG 54685 --- [http-nio-8080-exec-3] org.example.dao.UserMapper.findById      : ==>  Preparing: SELECT * FROM user WHERE id = ?
2026-03-15 12:55:43.234 DEBUG 54685 --- [http-nio-8080-exec-3] org.example.dao.UserMapper.findById      : ==> Parameters: 15(Integer)
2026-03-15 12:55:43.238 DEBUG 54685 --- [http-nio-8080-exec-3] org.example.dao.UserMapper.findById      : <==      Total: 1
2026-03-15 12:55:43.239 DEBUG 54685 --- [http-nio-8080-exec-3] org.example.dao.UserMapper.findById      : ==>  Preparing: SELECT * FROM user WHERE id = ?
2026-03-15 12:55:43.239 DEBUG 54685 --- [http-nio-8080-exec-3] org.example.dao.UserMapper.findById      : ==> Parameters: 15(Integer)
2026-03-15 12:55:43.240 DEBUG 54685 --- [http-nio-8080-exec-3] org.example.dao.UserMapper.findById      : <==      Total: 1
2026-03-15 12:55:43.240 DEBUG 54685 --- [http-nio-8080-exec-3] org.example.dao.UserMapper.findById      : ==>  Preparing: SELECT * FROM user WHERE id = ?
2026-03-15 12:55:43.240 DEBUG 54685 --- [http-nio-8080-exec-3] org.example.dao.UserMapper.findById      : ==> Parameters: 15(Integer)
2026-03-15 12:55:43.240 DEBUG 54685 --- [http-nio-8080-exec-3] org.example.dao.UserMapper.findById      : <==      Total: 1
2026-03-15 12:55:43.240 DEBUG 54685 --- [http-nio-8080-exec-3] org.example.dao.UserMapper.findById      : ==>  Preparing: SELECT * FROM user WHERE id = ?
2026-03-15 12:55:43.241 DEBUG 54685 --- [http-nio-8080-exec-3] org.example.dao.UserMapper.findById      : ==> Parameters: 15(Integer)
2026-03-15 12:55:43.241 DEBUG 54685 --- [http-nio-8080-exec-3] org.example.dao.UserMapper.findById      : <==      Total: 1
2026-03-15 12:55:43.241 DEBUG 54685 --- [http-nio-8080-exec-3] org.example.dao.UserMapper.findById      : ==>  Preparing: SELECT * FROM user WHERE id = ?
2026-03-15 12:55:43.241 DEBUG 54685 --- [http-nio-8080-exec-3] org.example.dao.UserMapper.findById      : ==> Parameters: 15(Integer)
2026-03-15 12:55:43.241 DEBUG 54685 --- [http-nio-8080-exec-3] org.example.dao.UserMapper.findById      : <==      Total: 1
2026-03-15 12:55:43.241 DEBUG 54685 --- [http-nio-8080-exec-3] org.example.dao.UserMapper.findById      : ==>  Preparing: SELECT * FROM user WHERE id = ?
2026-03-15 12:55:43.241 DEBUG 54685 --- [http-nio-8080-exec-3] org.example.dao.UserMapper.findById      : ==> Parameters: 15(Integer)
2026-03-15 12:55:43.242 DEBUG 54685 --- [http-nio-8080-exec-3] org.example.dao.UserMapper.findById      : <==      Total: 1
2026-03-15 12:55:43.242 DEBUG 54685 --- [http-nio-8080-exec-3] org.example.dao.UserMapper.findById      : ==>  Preparing: SELECT * FROM user WHERE id = ?
2026-03-15 12:55:43.242 DEBUG 54685 --- [http-nio-8080-exec-3] org.example.dao.UserMapper.findById      : ==> Parameters: 15(Integer)
2026-03-15 12:55:43.243 DEBUG 54685 --- [http-nio-8080-exec-3] org.example.dao.UserMapper.findById      : <==      Total: 1
2026-03-15 12:55:43.243 DEBUG 54685 --- [http-nio-8080-exec-3] org.example.dao.UserMapper.findById      : ==>  Preparing: SELECT * FROM user WHERE id = ?
2026-03-15 12:55:43.243 DEBUG 54685 --- [http-nio-8080-exec-3] org.example.dao.UserMapper.findById      : ==> Parameters: 15(Integer)
2026-03-15 12:55:43.243 DEBUG 54685 --- [http-nio-8080-exec-3] org.example.dao.UserMapper.findById      : <==      Total: 1
2026-03-15 12:55:43.243 DEBUG 54685 --- [http-nio-8080-exec-3] org.example.dao.UserMapper.findById      : ==>  Preparing: SELECT * FROM user WHERE id = ?
2026-03-15 12:55:43.243 DEBUG 54685 --- [http-nio-8080-exec-3] org.example.dao.UserMapper.findById      : ==> Parameters: 15(Integer)
2026-03-15 12:55:43.244 DEBUG 54685 --- [http-nio-8080-exec-3] org.example.dao.UserMapper.findById      : <==      Total: 1
2026-03-15 12:55:43.244 DEBUG 54685 --- [http-nio-8080-exec-3] org.example.dao.UserMapper.findById      : ==>  Preparing: SELECT * FROM user WHERE id = ?
2026-03-15 12:55:43.244 DEBUG 54685 --- [http-nio-8080-exec-3] org.example.dao.UserMapper.findById      : ==> Parameters: 15(Integer)
2026-03-15 12:55:43.244 DEBUG 54685 --- [http-nio-8080-exec-3] org.example.dao.UserMapper.findById      : <==      Total: 1
2026-03-15 12:55:43.244 DEBUG 54685 --- [http-nio-8080-exec-3] org.example.dao.UserMapper.findById      : ==>  Preparing: SELECT * FROM user WHERE id = ?
2026-03-15 12:55:43.244 DEBUG 54685 --- [http-nio-8080-exec-3] org.example.dao.UserMapper.findById      : ==> Parameters: 15(Integer)
2026-03-15 12:55:43.245 DEBUG 54685 --- [http-nio-8080-exec-3] org.example.dao.UserMapper.findById      : <==      Total: 1
2026-03-15 12:55:43.245 DEBUG 54685 --- [http-nio-8080-exec-3] m.m.a.RequestResponseBodyMethodProcessor : Using 'application/json', given [*/*] and supported [application/json, application/*+json, application/json, application/*+json]
2026-03-15 12:55:43.245 DEBUG 54685 --- [http-nio-8080-exec-3] m.m.a.RequestResponseBodyMethodProcessor : Writing [org.example.common.ResponseResult@70acf373]
2026-03-15 12:55:43.246 DEBUG 54685 --- [http-nio-8080-exec-3] o.s.web.servlet.DispatcherServlet        : Completed 200 OK
2026-03-15 12:55:58.225 DEBUG 54685 --- [http-nio-8080-exec-8] o.s.web.servlet.DispatcherServlet        : GET "/attendant/orders?attendantId=21&page=0&size=50", parameters={masked}
2026-03-15 12:55:58.225 DEBUG 54685 --- [http-nio-8080-exec-8] s.w.s.m.m.a.RequestMappingHandlerMapping : Mapped to org.example.controller.AttendantController#getAttendantOrders(Integer, Integer, Integer, String)
2026-03-15 12:55:58.227 DEBUG 54685 --- [http-nio-8080-exec-8] o.e.d.O.findAllOrdersWithPagination      : ==>  Preparing: SELECT * FROM `order` ORDER BY create_time DESC LIMIT ?, ?
2026-03-15 12:55:58.227 DEBUG 54685 --- [http-nio-8080-exec-8] o.e.d.O.findAllOrdersWithPagination      : ==> Parameters: 0(Integer), 1000(Integer)
2026-03-15 12:55:58.228 DEBUG 54685 --- [http-nio-8080-exec-8] o.e.d.O.findAllOrdersWithPagination      : <==      Total: 19
2026-03-15 12:55:58.229 DEBUG 54685 --- [http-nio-8080-exec-8] org.example.dao.UserMapper.findById      : ==>  Preparing: SELECT * FROM user WHERE id = ?
2026-03-15 12:55:58.229 DEBUG 54685 --- [http-nio-8080-exec-8] org.example.dao.UserMapper.findById      : ==> Parameters: 15(Integer)
2026-03-15 12:55:58.230 DEBUG 54685 --- [http-nio-8080-exec-8] org.example.dao.UserMapper.findById      : <==      Total: 1
2026-03-15 12:55:58.230 DEBUG 54685 --- [http-nio-8080-exec-8] org.example.dao.UserMapper.findById      : ==>  Preparing: SELECT * FROM user WHERE id = ?
2026-03-15 12:55:58.230 DEBUG 54685 --- [http-nio-8080-exec-8] org.example.dao.UserMapper.findById      : ==> Parameters: 15(Integer)
2026-03-15 12:55:58.232 DEBUG 54685 --- [http-nio-8080-exec-8] org.example.dao.UserMapper.findById      : <==      Total: 1
2026-03-15 12:55:58.232 DEBUG 54685 --- [http-nio-8080-exec-8] org.example.dao.UserMapper.findById      : ==>  Preparing: SELECT * FROM user WHERE id = ?
2026-03-15 12:55:58.233 DEBUG 54685 --- [http-nio-8080-exec-8] org.example.dao.UserMapper.findById      : ==> Parameters: 15(Integer)
2026-03-15 12:55:58.234 DEBUG 54685 --- [http-nio-8080-exec-8] org.example.dao.UserMapper.findById      : <==      Total: 1
2026-03-15 12:55:58.234 DEBUG 54685 --- [http-nio-8080-exec-8] org.example.dao.UserMapper.findById      : ==>  Preparing: SELECT * FROM user WHERE id = ?
2026-03-15 12:55:58.234 DEBUG 54685 --- [http-nio-8080-exec-8] org.example.dao.UserMapper.findById      : ==> Parameters: 15(Integer)
2026-03-15 12:55:58.236 DEBUG 54685 --- [http-nio-8080-exec-8] org.example.dao.UserMapper.findById      : <==      Total: 1
2026-03-15 12:55:58.236 DEBUG 54685 --- [http-nio-8080-exec-8] org.example.dao.UserMapper.findById      : ==>  Preparing: SELECT * FROM user WHERE id = ?
2026-03-15 12:55:58.237 DEBUG 54685 --- [http-nio-8080-exec-8] org.example.dao.UserMapper.findById      : ==> Parameters: 15(Integer)
2026-03-15 12:55:58.238 DEBUG 54685 --- [http-nio-8080-exec-8] org.example.dao.UserMapper.findById      : <==      Total: 1
2026-03-15 12:55:58.238 DEBUG 54685 --- [http-nio-8080-exec-8] org.example.dao.UserMapper.findById      : ==>  Preparing: SELECT * FROM user WHERE id = ?
2026-03-15 12:55:58.238 DEBUG 54685 --- [http-nio-8080-exec-8] org.example.dao.UserMapper.findById      : ==> Parameters: 15(Integer)
2026-03-15 12:55:58.239 DEBUG 54685 --- [http-nio-8080-exec-8] org.example.dao.UserMapper.findById      : <==      Total: 1
2026-03-15 12:55:58.240 DEBUG 54685 --- [http-nio-8080-exec-8] org.example.dao.UserMapper.findById      : ==>  Preparing: SELECT * FROM user WHERE id = ?
2026-03-15 12:55:58.240 DEBUG 54685 --- [http-nio-8080-exec-8] org.example.dao.UserMapper.findById      : ==> Parameters: 15(Integer)
2026-03-15 12:55:58.241 DEBUG 54685 --- [http-nio-8080-exec-8] org.example.dao.UserMapper.findById      : <==      Total: 1
2026-03-15 12:55:58.241 DEBUG 54685 --- [http-nio-8080-exec-8] org.example.dao.UserMapper.findById      : ==>  Preparing: SELECT * FROM user WHERE id = ?
2026-03-15 12:55:58.241 DEBUG 54685 --- [http-nio-8080-exec-8] org.example.dao.UserMapper.findById      : ==> Parameters: 15(Integer)
2026-03-15 12:55:58.242 DEBUG 54685 --- [http-nio-8080-exec-8] org.example.dao.UserMapper.findById      : <==      Total: 1
2026-03-15 12:55:58.242 DEBUG 54685 --- [http-nio-8080-exec-8] org.example.dao.UserMapper.findById      : ==>  Preparing: SELECT * FROM user WHERE id = ?
2026-03-15 12:55:58.242 DEBUG 54685 --- [http-nio-8080-exec-8] org.example.dao.UserMapper.findById      : ==> Parameters: 15(Integer)
2026-03-15 12:55:58.243 DEBUG 54685 --- [http-nio-8080-exec-8] org.example.dao.UserMapper.findById      : <==      Total: 1
2026-03-15 12:55:58.244 DEBUG 54685 --- [http-nio-8080-exec-8] org.example.dao.UserMapper.findById      : ==>  Preparing: SELECT * FROM user WHERE id = ?
2026-03-15 12:55:58.244 DEBUG 54685 --- [http-nio-8080-exec-8] org.example.dao.UserMapper.findById      : ==> Parameters: 15(Integer)
2026-03-15 12:55:58.245 DEBUG 54685 --- [http-nio-8080-exec-8] org.example.dao.UserMapper.findById      : <==      Total: 1
2026-03-15 12:55:58.245 DEBUG 54685 --- [http-nio-8080-exec-8] org.example.dao.UserMapper.findById      : ==>  Preparing: SELECT * FROM user WHERE id = ?
2026-03-15 12:55:58.246 DEBUG 54685 --- [http-nio-8080-exec-8] org.example.dao.UserMapper.findById      : ==> Parameters: 15(Integer)
2026-03-15 12:55:58.246 DEBUG 54685 --- [http-nio-8080-exec-8] org.example.dao.UserMapper.findById      : <==      Total: 1
2026-03-15 12:55:58.247 DEBUG 54685 --- [http-nio-8080-exec-8] org.example.dao.UserMapper.findById      : ==>  Preparing: SELECT * FROM user WHERE id = ?
2026-03-15 12:55:58.247 DEBUG 54685 --- [http-nio-8080-exec-8] org.example.dao.UserMapper.findById      : ==> Parameters: 15(Integer)
2026-03-15 12:55:58.248 DEBUG 54685 --- [http-nio-8080-exec-8] org.example.dao.UserMapper.findById      : <==      Total: 1
2026-03-15 12:55:58.249 DEBUG 54685 --- [http-nio-8080-exec-8] org.example.dao.UserMapper.findById      : ==>  Preparing: SELECT * FROM user WHERE id = ?
2026-03-15 12:55:58.249 DEBUG 54685 --- [http-nio-8080-exec-8] org.example.dao.UserMapper.findById      : ==> Parameters: 15(Integer)
2026-03-15 12:55:58.250 DEBUG 54685 --- [http-nio-8080-exec-8] org.example.dao.UserMapper.findById      : <==      Total: 1
2026-03-15 12:55:58.250 DEBUG 54685 --- [http-nio-8080-exec-8] m.m.a.RequestResponseBodyMethodProcessor : Using 'application/json', given [*/*] and supported [application/json, application/*+json, application/json, application/*+json]
2026-03-15 12:55:58.251 DEBUG 54685 --- [http-nio-8080-exec-8] m.m.a.RequestResponseBodyMethodProcessor : Writing [org.example.common.ResponseResult@5717a2da]
2026-03-15 12:55:58.251 DEBUG 54685 --- [http-nio-8080-exec-8] o.s.web.servlet.DispatcherServlet        : Completed 200 OK
2026-03-15 12:56:13.227 DEBUG 54685 --- [http-nio-8080-exec-1] o.s.web.servlet.DispatcherServlet        : GET "/attendant/orders?attendantId=21&page=0&size=50", parameters={masked}
2026-03-15 12:56:13.227 DEBUG 54685 --- [http-nio-8080-exec-1] s.w.s.m.m.a.RequestMappingHandlerMapping : Mapped to org.example.controller.AttendantController#getAttendantOrders(Integer, Integer, Integer, String)
2026-03-15 12:56:13.232 DEBUG 54685 --- [http-nio-8080-exec-1] o.e.d.O.findAllOrdersWithPagination      : ==>  Preparing: SELECT * FROM `order` ORDER BY create_time DESC LIMIT ?, ?
2026-03-15 12:56:13.232 DEBUG 54685 --- [http-nio-8080-exec-1] o.e.d.O.findAllOrdersWithPagination      : ==> Parameters: 0(Integer), 1000(Integer)
2026-03-15 12:56:13.238 DEBUG 54685 --- [http-nio-8080-exec-1] o.e.d.O.findAllOrdersWithPagination      : <==      Total: 19
2026-03-15 12:56:13.238 DEBUG 54685 --- [http-nio-8080-exec-1] org.example.dao.UserMapper.findById      : ==>  Preparing: SELECT * FROM user WHERE id = ?
2026-03-15 12:56:13.239 DEBUG 54685 --- [http-nio-8080-exec-1] org.example.dao.UserMapper.findById      : ==> Parameters: 15(Integer)
2026-03-15 12:56:13.239 DEBUG 54685 --- [http-nio-8080-exec-1] org.example.dao.UserMapper.findById      : <==      Total: 1
2026-03-15 12:56:13.240 DEBUG 54685 --- [http-nio-8080-exec-1] org.example.dao.UserMapper.findById      : ==>  Preparing: SELECT * FROM user WHERE id = ?
2026-03-15 12:56:13.240 DEBUG 54685 --- [http-nio-8080-exec-1] org.example.dao.UserMapper.findById      : ==> Parameters: 15(Integer)
2026-03-15 12:56:13.240 DEBUG 54685 --- [http-nio-8080-exec-1] org.example.dao.UserMapper.findById      : <==      Total: 1
2026-03-15 12:56:13.241 DEBUG 54685 --- [http-nio-8080-exec-1] org.example.dao.UserMapper.findById      : ==>  Preparing: SELECT * FROM user WHERE id = ?
2026-03-15 12:56:13.241 DEBUG 54685 --- [http-nio-8080-exec-1] org.example.dao.UserMapper.findById      : ==> Parameters: 15(Integer)
2026-03-15 12:56:13.241 DEBUG 54685 --- [http-nio-8080-exec-1] org.example.dao.UserMapper.findById      : <==      Total: 1
2026-03-15 12:56:13.241 DEBUG 54685 --- [http-nio-8080-exec-1] org.example.dao.UserMapper.findById      : ==>  Preparing: SELECT * FROM user WHERE id = ?
2026-03-15 12:56:13.241 DEBUG 54685 --- [http-nio-8080-exec-1] org.example.dao.UserMapper.findById      : ==> Parameters: 15(Integer)
2026-03-15 12:56:13.242 DEBUG 54685 --- [http-nio-8080-exec-1] org.example.dao.UserMapper.findById      : <==      Total: 1
2026-03-15 12:56:13.242 DEBUG 54685 --- [http-nio-8080-exec-1] org.example.dao.UserMapper.findById      : ==>  Preparing: SELECT * FROM user WHERE id = ?
2026-03-15 12:56:13.242 DEBUG 54685 --- [http-nio-8080-exec-1] org.example.dao.UserMapper.findById      : ==> Parameters: 15(Integer)
2026-03-15 12:56:13.243 DEBUG 54685 --- [http-nio-8080-exec-1] org.example.dao.UserMapper.findById      : <==      Total: 1
2026-03-15 12:56:13.243 DEBUG 54685 --- [http-nio-8080-exec-1] org.example.dao.UserMapper.findById      : ==>  Preparing: SELECT * FROM user WHERE id = ?
2026-03-15 12:56:13.243 DEBUG 54685 --- [http-nio-8080-exec-1] org.example.dao.UserMapper.findById      : ==> Parameters: 15(Integer)
2026-03-15 12:56:13.244 DEBUG 54685 --- [http-nio-8080-exec-1] org.example.dao.UserMapper.findById      : <==      Total: 1
2026-03-15 12:56:13.244 DEBUG 54685 --- [http-nio-8080-exec-1] org.example.dao.UserMapper.findById      : ==>  Preparing: SELECT * FROM user WHERE id = ?
2026-03-15 12:56:13.244 DEBUG 54685 --- [http-nio-8080-exec-1] org.example.dao.UserMapper.findById      : ==> Parameters: 15(Integer)
2026-03-15 12:56:13.245 DEBUG 54685 --- [http-nio-8080-exec-1] org.example.dao.UserMapper.findById      : <==      Total: 1
2026-03-15 12:56:13.245 DEBUG 54685 --- [http-nio-8080-exec-1] org.example.dao.UserMapper.findById      : ==>  Preparing: SELECT * FROM user WHERE id = ?
2026-03-15 12:56:13.245 DEBUG 54685 --- [http-nio-8080-exec-1] org.example.dao.UserMapper.findById      : ==> Parameters: 15(Integer)
2026-03-15 12:56:13.246 DEBUG 54685 --- [http-nio-8080-exec-1] org.example.dao.UserMapper.findById      : <==      Total: 1
2026-03-15 12:56:13.246 DEBUG 54685 --- [http-nio-8080-exec-1] org.example.dao.UserMapper.findById      : ==>  Preparing: SELECT * FROM user WHERE id = ?
2026-03-15 12:56:13.246 DEBUG 54685 --- [http-nio-8080-exec-1] org.example.dao.UserMapper.findById      : ==> Parameters: 15(Integer)
2026-03-15 12:56:13.247 DEBUG 54685 --- [http-nio-8080-exec-1] org.example.dao.UserMapper.findById      : <==      Total: 1
2026-03-15 12:56:13.247 DEBUG 54685 --- [http-nio-8080-exec-1] org.example.dao.UserMapper.findById      : ==>  Preparing: SELECT * FROM user WHERE id = ?
2026-03-15 12:56:13.247 DEBUG 54685 --- [http-nio-8080-exec-1] org.example.dao.UserMapper.findById      : ==> Parameters: 15(Integer)
2026-03-15 12:56:13.248 DEBUG 54685 --- [http-nio-8080-exec-1] org.example.dao.UserMapper.findById      : <==      Total: 1
2026-03-15 12:56:13.248 DEBUG 54685 --- [http-nio-8080-exec-1] org.example.dao.UserMapper.findById      : ==>  Preparing: SELECT * FROM user WHERE id = ?
2026-03-15 12:56:13.248 DEBUG 54685 --- [http-nio-8080-exec-1] org.example.dao.UserMapper.findById      : ==> Parameters: 15(Integer)
2026-03-15 12:56:13.248 DEBUG 54685 --- [http-nio-8080-exec-1] org.example.dao.UserMapper.findById      : <==      Total: 1
2026-03-15 12:56:13.249 DEBUG 54685 --- [http-nio-8080-exec-1] org.example.dao.UserMapper.findById      : ==>  Preparing: SELECT * FROM user WHERE id = ?
2026-03-15 12:56:13.249 DEBUG 54685 --- [http-nio-8080-exec-1] org.example.dao.UserMapper.findById      : ==> Parameters: 15(Integer)
2026-03-15 12:56:13.249 DEBUG 54685 --- [http-nio-8080-exec-1] org.example.dao.UserMapper.findById      : <==      Total: 1
2026-03-15 12:56:13.249 DEBUG 54685 --- [http-nio-8080-exec-1] org.example.dao.UserMapper.findById      : ==>  Preparing: SELECT * FROM user WHERE id = ?
2026-03-15 12:56:13.249 DEBUG 54685 --- [http-nio-8080-exec-1] org.example.dao.UserMapper.findById      : ==> Parameters: 15(Integer)
2026-03-15 12:56:13.250 DEBUG 54685 --- [http-nio-8080-exec-1] org.example.dao.UserMapper.findById      : <==      Total: 1
2026-03-15 12:56:13.250 DEBUG 54685 --- [http-nio-8080-exec-1] m.m.a.RequestResponseBodyMethodProcessor : Using 'application/json', given [*/*] and supported [application/json, application/*+json, application/json, application/*+json]
2026-03-15 12:56:13.250 DEBUG 54685 --- [http-nio-8080-exec-1] m.m.a.RequestResponseBodyMethodProcessor : Writing [org.example.common.ResponseResult@2cbaa7c1]
2026-03-15 12:56:13.251 DEBUG 54685 --- [http-nio-8080-exec-1] o.s.web.servlet.DispatcherServlet        : Completed 200 OK
2026-03-15 12:56:28.224 DEBUG 54685 --- [http-nio-8080-exec-4] o.s.web.servlet.DispatcherServlet        : GET "/attendant/orders?attendantId=21&page=0&size=50", parameters={masked}
2026-03-15 12:56:28.224 DEBUG 54685 --- [http-nio-8080-exec-4] s.w.s.m.m.a.RequestMappingHandlerMapping : Mapped to org.example.controller.AttendantController#getAttendantOrders(Integer, Integer, Integer, String)
2026-03-15 12:56:28.225 DEBUG 54685 --- [http-nio-8080-exec-4] o.e.d.O.findAllOrdersWithPagination      : ==>  Preparing: SELECT * FROM `order` ORDER BY create_time DESC LIMIT ?, ?
2026-03-15 12:56:28.226 DEBUG 54685 --- [http-nio-8080-exec-4] o.e.d.O.findAllOrdersWithPagination      : ==> Parameters: 0(Integer), 1000(Integer)
2026-03-15 12:56:28.227 DEBUG 54685 --- [http-nio-8080-exec-4] o.e.d.O.findAllOrdersWithPagination      : <==      Total: 19
2026-03-15 12:56:28.227 DEBUG 54685 --- [http-nio-8080-exec-4] org.example.dao.UserMapper.findById      : ==>  Preparing: SELECT * FROM user WHERE id = ?
2026-03-15 12:56:28.227 DEBUG 54685 --- [http-nio-8080-exec-4] org.example.dao.UserMapper.findById      : ==> Parameters: 15(Integer)
2026-03-15 12:56:28.228 DEBUG 54685 --- [http-nio-8080-exec-4] org.example.dao.UserMapper.findById      : <==      Total: 1
2026-03-15 12:56:28.228 DEBUG 54685 --- [http-nio-8080-exec-4] org.example.dao.UserMapper.findById      : ==>  Preparing: SELECT * FROM user WHERE id = ?
2026-03-15 12:56:28.228 DEBUG 54685 --- [http-nio-8080-exec-4] org.example.dao.UserMapper.findById      : ==> Parameters: 15(Integer)
2026-03-15 12:56:28.228 DEBUG 54685 --- [http-nio-8080-exec-4] org.example.dao.UserMapper.findById      : <==      Total: 1
2026-03-15 12:56:28.228 DEBUG 54685 --- [http-nio-8080-exec-4] org.example.dao.UserMapper.findById      : ==>  Preparing: SELECT * FROM user WHERE id = ?
2026-03-15 12:56:28.228 DEBUG 54685 --- [http-nio-8080-exec-4] org.example.dao.UserMapper.findById      : ==> Parameters: 15(Integer)
2026-03-15 12:56:28.229 DEBUG 54685 --- [http-nio-8080-exec-4] org.example.dao.UserMapper.findById      : <==      Total: 1
2026-03-15 12:56:28.229 DEBUG 54685 --- [http-nio-8080-exec-4] org.example.dao.UserMapper.findById      : ==>  Preparing: SELECT * FROM user WHERE id = ?
2026-03-15 12:56:28.229 DEBUG 54685 --- [http-nio-8080-exec-4] org.example.dao.UserMapper.findById      : ==> Parameters: 15(Integer)
2026-03-15 12:56:28.229 DEBUG 54685 --- [http-nio-8080-exec-4] org.example.dao.UserMapper.findById      : <==      Total: 1
2026-03-15 12:56:28.229 DEBUG 54685 --- [http-nio-8080-exec-4] org.example.dao.UserMapper.findById      : ==>  Preparing: SELECT * FROM user WHERE id = ?
2026-03-15 12:56:28.229 DEBUG 54685 --- [http-nio-8080-exec-4] org.example.dao.UserMapper.findById      : ==> Parameters: 15(Integer)
2026-03-15 12:56:28.229 DEBUG 54685 --- [http-nio-8080-exec-4] org.example.dao.UserMapper.findById      : <==      Total: 1
2026-03-15 12:56:28.230 DEBUG 54685 --- [http-nio-8080-exec-4] org.example.dao.UserMapper.findById      : ==>  Preparing: SELECT * FROM user WHERE id = ?
2026-03-15 12:56:28.230 DEBUG 54685 --- [http-nio-8080-exec-4] org.example.dao.UserMapper.findById      : ==> Parameters: 15(Integer)
2026-03-15 12:56:28.230 DEBUG 54685 --- [http-nio-8080-exec-4] org.example.dao.UserMapper.findById      : <==      Total: 1
2026-03-15 12:56:28.230 DEBUG 54685 --- [http-nio-8080-exec-4] org.example.dao.UserMapper.findById      : ==>  Preparing: SELECT * FROM user WHERE id = ?
2026-03-15 12:56:28.230 DEBUG 54685 --- [http-nio-8080-exec-4] org.example.dao.UserMapper.findById      : ==> Parameters: 15(Integer)
2026-03-15 12:56:28.230 DEBUG 54685 --- [http-nio-8080-exec-4] org.example.dao.UserMapper.findById      : <==      Total: 1
2026-03-15 12:56:28.230 DEBUG 54685 --- [http-nio-8080-exec-4] org.example.dao.UserMapper.findById      : ==>  Preparing: SELECT * FROM user WHERE id = ?
2026-03-15 12:56:28.230 DEBUG 54685 --- [http-nio-8080-exec-4] org.example.dao.UserMapper.findById      : ==> Parameters: 15(Integer)
2026-03-15 12:56:28.231 DEBUG 54685 --- [http-nio-8080-exec-4] org.example.dao.UserMapper.findById      : <==      Total: 1
2026-03-15 12:56:28.231 DEBUG 54685 --- [http-nio-8080-exec-4] org.example.dao.UserMapper.findById      : ==>  Preparing: SELECT * FROM user WHERE id = ?
2026-03-15 12:56:28.231 DEBUG 54685 --- [http-nio-8080-exec-4] org.example.dao.UserMapper.findById      : ==> Parameters: 15(Integer)
2026-03-15 12:56:28.231 DEBUG 54685 --- [http-nio-8080-exec-4] org.example.dao.UserMapper.findById      : <==      Total: 1
2026-03-15 12:56:28.231 DEBUG 54685 --- [http-nio-8080-exec-4] org.example.dao.UserMapper.findById      : ==>  Preparing: SELECT * FROM user WHERE id = ?
2026-03-15 12:56:28.231 DEBUG 54685 --- [http-nio-8080-exec-4] org.example.dao.UserMapper.findById      : ==> Parameters: 15(Integer)
2026-03-15 12:56:28.231 DEBUG 54685 --- [http-nio-8080-exec-4] org.example.dao.UserMapper.findById      : <==      Total: 1
2026-03-15 12:56:28.232 DEBUG 54685 --- [http-nio-8080-exec-4] org.example.dao.UserMapper.findById      : ==>  Preparing: SELECT * FROM user WHERE id = ?
2026-03-15 12:56:28.232 DEBUG 54685 --- [http-nio-8080-exec-4] org.example.dao.UserMapper.findById      : ==> Parameters: 15(Integer)
2026-03-15 12:56:28.232 DEBUG 54685 --- [http-nio-8080-exec-4] org.example.dao.UserMapper.findById      : <==      Total: 1
2026-03-15 12:56:28.232 DEBUG 54685 --- [http-nio-8080-exec-4] org.example.dao.UserMapper.findById      : ==>  Preparing: SELECT * FROM user WHERE id = ?
2026-03-15 12:56:28.232 DEBUG 54685 --- [http-nio-8080-exec-4] org.example.dao.UserMapper.findById      : ==> Parameters: 15(Integer)
2026-03-15 12:56:28.232 DEBUG 54685 --- [http-nio-8080-exec-4] org.example.dao.UserMapper.findById      : <==      Total: 1
2026-03-15 12:56:28.232 DEBUG 54685 --- [http-nio-8080-exec-4] org.example.dao.UserMapper.findById      : ==>  Preparing: SELECT * FROM user WHERE id = ?
2026-03-15 12:56:28.232 DEBUG 54685 --- [http-nio-8080-exec-4] org.example.dao.UserMapper.findById      : ==> Parameters: 15(Integer)
2026-03-15 12:56:28.233 DEBUG 54685 --- [http-nio-8080-exec-4] org.example.dao.UserMapper.findById      : <==      Total: 1
2026-03-15 12:56:28.233 DEBUG 54685 --- [http-nio-8080-exec-4] m.m.a.RequestResponseBodyMethodProcessor : Using 'application/json', given [*/*] and supported [application/json, application/*+json, application/json, application/*+json]
2026-03-15 12:56:28.233 DEBUG 54685 --- [http-nio-8080-exec-4] m.m.a.RequestResponseBodyMethodProcessor : Writing [org.example.common.ResponseResult@390fc49]
2026-03-15 12:56:28.233 DEBUG 54685 --- [http-nio-8080-exec-4] o.s.web.servlet.DispatcherServlet        : Completed 200 OK
2026-03-15 12:56:36.001 DEBUG 54685 --- [pool-3-thread-1] o.e.d.O.findExpiredUnpaidOrders          : ==>  Preparing: SELECT * FROM `order` WHERE payment_status = 0 AND order_status = 0 AND create_time <= ? ORDER BY create_time ASC
2026-03-15 12:56:36.002 DEBUG 54685 --- [pool-3-thread-1] o.e.d.O.findExpiredUnpaidOrders          : ==> Parameters: 2026-03-15 12:41:36.001(Timestamp)
2026-03-15 12:56:36.003 DEBUG 54685 --- [pool-3-thread-1] o.e.d.O.findExpiredUnpaidOrders          : <==      Total: 0
2026-03-15 12:56:43.223 DEBUG 54685 --- [http-nio-8080-exec-10] o.s.web.servlet.DispatcherServlet        : GET "/attendant/orders?attendantId=21&page=0&size=50", parameters={masked}
2026-03-15 12:56:43.224 DEBUG 54685 --- [http-nio-8080-exec-10] s.w.s.m.m.a.RequestMappingHandlerMapping : Mapped to org.example.controller.AttendantController#getAttendantOrders(Integer, Integer, Integer, String)
2026-03-15 12:56:43.226 DEBUG 54685 --- [http-nio-8080-exec-10] o.e.d.O.findAllOrdersWithPagination      : ==>  Preparing: SELECT * FROM `order` ORDER BY create_time DESC LIMIT ?, ?
2026-03-15 12:56:43.226 DEBUG 54685 --- [http-nio-8080-exec-10] o.e.d.O.findAllOrdersWithPagination      : ==> Parameters: 0(Integer), 1000(Integer)
2026-03-15 12:56:43.228 DEBUG 54685 --- [http-nio-8080-exec-10] o.e.d.O.findAllOrdersWithPagination      : <==      Total: 19
2026-03-15 12:56:43.228 DEBUG 54685 --- [http-nio-8080-exec-10] org.example.dao.UserMapper.findById      : ==>  Preparing: SELECT * FROM user WHERE id = ?
2026-03-15 12:56:43.228 DEBUG 54685 --- [http-nio-8080-exec-10] org.example.dao.UserMapper.findById      : ==> Parameters: 15(Integer)
2026-03-15 12:56:43.229 DEBUG 54685 --- [http-nio-8080-exec-10] org.example.dao.UserMapper.findById      : <==      Total: 1
2026-03-15 12:56:43.229 DEBUG 54685 --- [http-nio-8080-exec-10] org.example.dao.UserMapper.findById      : ==>  Preparing: SELECT * FROM user WHERE id = ?
2026-03-15 12:56:43.229 DEBUG 54685 --- [http-nio-8080-exec-10] org.example.dao.UserMapper.findById      : ==> Parameters: 15(Integer)
2026-03-15 12:56:43.229 DEBUG 54685 --- [http-nio-8080-exec-10] org.example.dao.UserMapper.findById      : <==      Total: 1
2026-03-15 12:56:43.230 DEBUG 54685 --- [http-nio-8080-exec-10] org.example.dao.UserMapper.findById      : ==>  Preparing: SELECT * FROM user WHERE id = ?
2026-03-15 12:56:43.230 DEBUG 54685 --- [http-nio-8080-exec-10] org.example.dao.UserMapper.findById      : ==> Parameters: 15(Integer)
2026-03-15 12:56:43.230 DEBUG 54685 --- [http-nio-8080-exec-10] org.example.dao.UserMapper.findById      : <==      Total: 1
2026-03-15 12:56:43.230 DEBUG 54685 --- [http-nio-8080-exec-10] org.example.dao.UserMapper.findById      : ==>  Preparing: SELECT * FROM user WHERE id = ?
2026-03-15 12:56:43.230 DEBUG 54685 --- [http-nio-8080-exec-10] org.example.dao.UserMapper.findById      : ==> Parameters: 15(Integer)
2026-03-15 12:56:43.231 DEBUG 54685 --- [http-nio-8080-exec-10] org.example.dao.UserMapper.findById      : <==      Total: 1
2026-03-15 12:56:43.231 DEBUG 54685 --- [http-nio-8080-exec-10] org.example.dao.UserMapper.findById      : ==>  Preparing: SELECT * FROM user WHERE id = ?
2026-03-15 12:56:43.231 DEBUG 54685 --- [http-nio-8080-exec-10] org.example.dao.UserMapper.findById      : ==> Parameters: 15(Integer)
2026-03-15 12:56:43.231 DEBUG 54685 --- [http-nio-8080-exec-10] org.example.dao.UserMapper.findById      : <==      Total: 1
2026-03-15 12:56:43.231 DEBUG 54685 --- [http-nio-8080-exec-10] org.example.dao.UserMapper.findById      : ==>  Preparing: SELECT * FROM user WHERE id = ?
2026-03-15 12:56:43.231 DEBUG 54685 --- [http-nio-8080-exec-10] org.example.dao.UserMapper.findById      : ==> Parameters: 15(Integer)
2026-03-15 12:56:43.231 DEBUG 54685 --- [http-nio-8080-exec-10] org.example.dao.UserMapper.findById      : <==      Total: 1
2026-03-15 12:56:43.232 DEBUG 54685 --- [http-nio-8080-exec-10] org.example.dao.UserMapper.findById      : ==>  Preparing: SELECT * FROM user WHERE id = ?
2026-03-15 12:56:43.232 DEBUG 54685 --- [http-nio-8080-exec-10] org.example.dao.UserMapper.findById      : ==> Parameters: 15(Integer)
2026-03-15 12:56:43.232 DEBUG 54685 --- [http-nio-8080-exec-10] org.example.dao.UserMapper.findById      : <==      Total: 1
2026-03-15 12:56:43.232 DEBUG 54685 --- [http-nio-8080-exec-10] org.example.dao.UserMapper.findById      : ==>  Preparing: SELECT * FROM user WHERE id = ?
2026-03-15 12:56:43.232 DEBUG 54685 --- [http-nio-8080-exec-10] org.example.dao.UserMapper.findById      : ==> Parameters: 15(Integer)
2026-03-15 12:56:43.232 DEBUG 54685 --- [http-nio-8080-exec-10] org.example.dao.UserMapper.findById      : <==      Total: 1
2026-03-15 12:56:43.232 DEBUG 54685 --- [http-nio-8080-exec-10] org.example.dao.UserMapper.findById      : ==>  Preparing: SELECT * FROM user WHERE id = ?
2026-03-15 12:56:43.232 DEBUG 54685 --- [http-nio-8080-exec-10] org.example.dao.UserMapper.findById      : ==> Parameters: 15(Integer)
2026-03-15 12:56:43.233 DEBUG 54685 --- [http-nio-8080-exec-10] org.example.dao.UserMapper.findById      : <==      Total: 1
2026-03-15 12:56:43.233 DEBUG 54685 --- [http-nio-8080-exec-10] org.example.dao.UserMapper.findById      : ==>  Preparing: SELECT * FROM user WHERE id = ?
2026-03-15 12:56:43.233 DEBUG 54685 --- [http-nio-8080-exec-10] org.example.dao.UserMapper.findById      : ==> Parameters: 15(Integer)
2026-03-15 12:56:43.233 DEBUG 54685 --- [http-nio-8080-exec-10] org.example.dao.UserMapper.findById      : <==      Total: 1
2026-03-15 12:56:43.233 DEBUG 54685 --- [http-nio-8080-exec-10] org.example.dao.UserMapper.findById      : ==>  Preparing: SELECT * FROM user WHERE id = ?
2026-03-15 12:56:43.233 DEBUG 54685 --- [http-nio-8080-exec-10] org.example.dao.UserMapper.findById      : ==> Parameters: 15(Integer)
2026-03-15 12:56:43.235 DEBUG 54685 --- [http-nio-8080-exec-10] org.example.dao.UserMapper.findById      : <==      Total: 1
2026-03-15 12:56:43.235 DEBUG 54685 --- [http-nio-8080-exec-10] org.example.dao.UserMapper.findById      : ==>  Preparing: SELECT * FROM user WHERE id = ?
2026-03-15 12:56:43.235 DEBUG 54685 --- [http-nio-8080-exec-10] org.example.dao.UserMapper.findById      : ==> Parameters: 15(Integer)
2026-03-15 12:56:43.236 DEBUG 54685 --- [http-nio-8080-exec-10] org.example.dao.UserMapper.findById      : <==      Total: 1
2026-03-15 12:56:43.236 DEBUG 54685 --- [http-nio-8080-exec-10] org.example.dao.UserMapper.findById      : ==>  Preparing: SELECT * FROM user WHERE id = ?
2026-03-15 12:56:43.236 DEBUG 54685 --- [http-nio-8080-exec-10] org.example.dao.UserMapper.findById      : ==> Parameters: 15(Integer)
2026-03-15 12:56:43.236 DEBUG 54685 --- [http-nio-8080-exec-10] org.example.dao.UserMapper.findById      : <==      Total: 1
2026-03-15 12:56:43.236 DEBUG 54685 --- [http-nio-8080-exec-10] m.m.a.RequestResponseBodyMethodProcessor : Using 'application/json', given [*/*] and supported [application/json, application/*+json, application/json, application/*+json]
2026-03-15 12:56:43.236 DEBUG 54685 --- [http-nio-8080-exec-10] m.m.a.RequestResponseBodyMethodProcessor : Writing [org.example.common.ResponseResult@2d634263]
2026-03-15 12:56:43.237 DEBUG 54685 --- [http-nio-8080-exec-10] o.s.web.servlet.DispatcherServlet        : Completed 200 OK
2026-03-15 12:56:58.228 DEBUG 54685 --- [http-nio-8080-exec-9] o.s.web.servlet.DispatcherServlet        : GET "/attendant/orders?attendantId=21&page=0&size=50", parameters={masked}
2026-03-15 12:56:58.230 DEBUG 54685 --- [http-nio-8080-exec-9] s.w.s.m.m.a.RequestMappingHandlerMapping : Mapped to org.example.controller.AttendantController#getAttendantOrders(Integer, Integer, Integer, String)
2026-03-15 12:56:58.235 DEBUG 54685 --- [http-nio-8080-exec-9] o.e.d.O.findAllOrdersWithPagination      : ==>  Preparing: SELECT * FROM `order` ORDER BY create_time DESC LIMIT ?, ?
2026-03-15 12:56:58.235 DEBUG 54685 --- [http-nio-8080-exec-9] o.e.d.O.findAllOrdersWithPagination      : ==> Parameters: 0(Integer), 1000(Integer)
2026-03-15 12:56:58.239 DEBUG 54685 --- [http-nio-8080-exec-9] o.e.d.O.findAllOrdersWithPagination      : <==      Total: 19
2026-03-15 12:56:58.239 DEBUG 54685 --- [http-nio-8080-exec-9] org.example.dao.UserMapper.findById      : ==>  Preparing: SELECT * FROM user WHERE id = ?
2026-03-15 12:56:58.239 DEBUG 54685 --- [http-nio-8080-exec-9] org.example.dao.UserMapper.findById      : ==> Parameters: 15(Integer)
2026-03-15 12:56:58.240 DEBUG 54685 --- [http-nio-8080-exec-9] org.example.dao.UserMapper.findById      : <==      Total: 1
2026-03-15 12:56:58.240 DEBUG 54685 --- [http-nio-8080-exec-9] org.example.dao.UserMapper.findById      : ==>  Preparing: SELECT * FROM user WHERE id = ?
2026-03-15 12:56:58.240 DEBUG 54685 --- [http-nio-8080-exec-9] org.example.dao.UserMapper.findById      : ==> Parameters: 15(Integer)
2026-03-15 12:56:58.241 DEBUG 54685 --- [http-nio-8080-exec-9] org.example.dao.UserMapper.findById      : <==      Total: 1
2026-03-15 12:56:58.241 DEBUG 54685 --- [http-nio-8080-exec-9] org.example.dao.UserMapper.findById      : ==>  Preparing: SELECT * FROM user WHERE id = ?
2026-03-15 12:56:58.241 DEBUG 54685 --- [http-nio-8080-exec-9] org.example.dao.UserMapper.findById      : ==> Parameters: 15(Integer)
2026-03-15 12:56:58.242 DEBUG 54685 --- [http-nio-8080-exec-9] org.example.dao.UserMapper.findById      : <==      Total: 1
2026-03-15 12:56:58.242 DEBUG 54685 --- [http-nio-8080-exec-9] org.example.dao.UserMapper.findById      : ==>  Preparing: SELECT * FROM user WHERE id = ?
2026-03-15 12:56:58.242 DEBUG 54685 --- [http-nio-8080-exec-9] org.example.dao.UserMapper.findById      : ==> Parameters: 15(Integer)
2026-03-15 12:56:58.242 DEBUG 54685 --- [http-nio-8080-exec-9] org.example.dao.UserMapper.findById      : <==      Total: 1
2026-03-15 12:56:58.242 DEBUG 54685 --- [http-nio-8080-exec-9] org.example.dao.UserMapper.findById      : ==>  Preparing: SELECT * FROM user WHERE id = ?
2026-03-15 12:56:58.243 DEBUG 54685 --- [http-nio-8080-exec-9] org.example.dao.UserMapper.findById      : ==> Parameters: 15(Integer)
2026-03-15 12:56:58.243 DEBUG 54685 --- [http-nio-8080-exec-9] org.example.dao.UserMapper.findById      : <==      Total: 1
2026-03-15 12:56:58.243 DEBUG 54685 --- [http-nio-8080-exec-9] org.example.dao.UserMapper.findById      : ==>  Preparing: SELECT * FROM user WHERE id = ?
2026-03-15 12:56:58.244 DEBUG 54685 --- [http-nio-8080-exec-9] org.example.dao.UserMapper.findById      : ==> Parameters: 15(Integer)
2026-03-15 12:56:58.244 DEBUG 54685 --- [http-nio-8080-exec-9] org.example.dao.UserMapper.findById      : <==      Total: 1
2026-03-15 12:56:58.244 DEBUG 54685 --- [http-nio-8080-exec-9] org.example.dao.UserMapper.findById      : ==>  Preparing: SELECT * FROM user WHERE id = ?
2026-03-15 12:56:58.244 DEBUG 54685 --- [http-nio-8080-exec-9] org.example.dao.UserMapper.findById      : ==> Parameters: 15(Integer)
2026-03-15 12:56:58.245 DEBUG 54685 --- [http-nio-8080-exec-9] org.example.dao.UserMapper.findById      : <==      Total: 1
2026-03-15 12:56:58.245 DEBUG 54685 --- [http-nio-8080-exec-9] org.example.dao.UserMapper.findById      : ==>  Preparing: SELECT * FROM user WHERE id = ?
2026-03-15 12:56:58.245 DEBUG 54685 --- [http-nio-8080-exec-9] org.example.dao.UserMapper.findById      : ==> Parameters: 15(Integer)
2026-03-15 12:56:58.246 DEBUG 54685 --- [http-nio-8080-exec-9] org.example.dao.UserMapper.findById      : <==      Total: 1
2026-03-15 12:56:58.246 DEBUG 54685 --- [http-nio-8080-exec-9] org.example.dao.UserMapper.findById      : ==>  Preparing: SELECT * FROM user WHERE id = ?
2026-03-15 12:56:58.246 DEBUG 54685 --- [http-nio-8080-exec-9] org.example.dao.UserMapper.findById      : ==> Parameters: 15(Integer)
2026-03-15 12:56:58.246 DEBUG 54685 --- [http-nio-8080-exec-9] org.example.dao.UserMapper.findById      : <==      Total: 1
2026-03-15 12:56:58.247 DEBUG 54685 --- [http-nio-8080-exec-9] org.example.dao.UserMapper.findById      : ==>  Preparing: SELECT * FROM user WHERE id = ?
2026-03-15 12:56:58.247 DEBUG 54685 --- [http-nio-8080-exec-9] org.example.dao.UserMapper.findById      : ==> Parameters: 15(Integer)
2026-03-15 12:56:58.247 DEBUG 54685 --- [http-nio-8080-exec-9] org.example.dao.UserMapper.findById      : <==      Total: 1
2026-03-15 12:56:58.247 DEBUG 54685 --- [http-nio-8080-exec-9] org.example.dao.UserMapper.findById      : ==>  Preparing: SELECT * FROM user WHERE id = ?
2026-03-15 12:56:58.247 DEBUG 54685 --- [http-nio-8080-exec-9] org.example.dao.UserMapper.findById      : ==> Parameters: 15(Integer)
2026-03-15 12:56:58.248 DEBUG 54685 --- [http-nio-8080-exec-9] org.example.dao.UserMapper.findById      : <==      Total: 1
2026-03-15 12:56:58.248 DEBUG 54685 --- [http-nio-8080-exec-9] org.example.dao.UserMapper.findById      : ==>  Preparing: SELECT * FROM user WHERE id = ?
2026-03-15 12:56:58.248 DEBUG 54685 --- [http-nio-8080-exec-9] org.example.dao.UserMapper.findById      : ==> Parameters: 15(Integer)
2026-03-15 12:56:58.249 DEBUG 54685 --- [http-nio-8080-exec-9] org.example.dao.UserMapper.findById      : <==      Total: 1
2026-03-15 12:56:58.249 DEBUG 54685 --- [http-nio-8080-exec-9] org.example.dao.UserMapper.findById      : ==>  Preparing: SELECT * FROM user WHERE id = ?
2026-03-15 12:56:58.249 DEBUG 54685 --- [http-nio-8080-exec-9] org.example.dao.UserMapper.findById      : ==> Parameters: 15(Integer)
2026-03-15 12:56:58.250 DEBUG 54685 --- [http-nio-8080-exec-9] org.example.dao.UserMapper.findById      : <==      Total: 1
2026-03-15 12:56:58.250 DEBUG 54685 --- [http-nio-8080-exec-9] m.m.a.RequestResponseBodyMethodProcessor : Using 'application/json', given [*/*] and supported [application/json, application/*+json, application/json, application/*+json]
2026-03-15 12:56:58.250 DEBUG 54685 --- [http-nio-8080-exec-9] m.m.a.RequestResponseBodyMethodProcessor : Writing [org.example.common.ResponseResult@518a0e9d]
2026-03-15 12:56:58.251 DEBUG 54685 --- [http-nio-8080-exec-9] o.s.web.servlet.DispatcherServlet        : Completed 200 OK
2026-03-15 12:57:13.227 DEBUG 54685 --- [http-nio-8080-exec-5] o.s.web.servlet.DispatcherServlet        : GET "/attendant/orders?attendantId=21&page=0&size=50", parameters={masked}
2026-03-15 12:57:13.228 DEBUG 54685 --- [http-nio-8080-exec-5] s.w.s.m.m.a.RequestMappingHandlerMapping : Mapped to org.example.controller.AttendantController#getAttendantOrders(Integer, Integer, Integer, String)
2026-03-15 12:57:13.231 DEBUG 54685 --- [http-nio-8080-exec-5] o.e.d.O.findAllOrdersWithPagination      : ==>  Preparing: SELECT * FROM `order` ORDER BY create_time DESC LIMIT ?, ?
2026-03-15 12:57:13.232 DEBUG 54685 --- [http-nio-8080-exec-5] o.e.d.O.findAllOrdersWithPagination      : ==> Parameters: 0(Integer), 1000(Integer)
2026-03-15 12:57:13.235 DEBUG 54685 --- [http-nio-8080-exec-5] o.e.d.O.findAllOrdersWithPagination      : <==      Total: 19
2026-03-15 12:57:13.236 DEBUG 54685 --- [http-nio-8080-exec-5] org.example.dao.UserMapper.findById      : ==>  Preparing: SELECT * FROM user WHERE id = ?
2026-03-15 12:57:13.236 DEBUG 54685 --- [http-nio-8080-exec-5] org.example.dao.UserMapper.findById      : ==> Parameters: 15(Integer)
2026-03-15 12:57:13.237 DEBUG 54685 --- [http-nio-8080-exec-5] org.example.dao.UserMapper.findById      : <==      Total: 1
2026-03-15 12:57:13.237 DEBUG 54685 --- [http-nio-8080-exec-5] org.example.dao.UserMapper.findById      : ==>  Preparing: SELECT * FROM user WHERE id = ?
2026-03-15 12:57:13.237 DEBUG 54685 --- [http-nio-8080-exec-5] org.example.dao.UserMapper.findById      : ==> Parameters: 15(Integer)
2026-03-15 12:57:13.237 DEBUG 54685 --- [http-nio-8080-exec-5] org.example.dao.UserMapper.findById      : <==      Total: 1
2026-03-15 12:57:13.238 DEBUG 54685 --- [http-nio-8080-exec-5] org.example.dao.UserMapper.findById      : ==>  Preparing: SELECT * FROM user WHERE id = ?
2026-03-15 12:57:13.238 DEBUG 54685 --- [http-nio-8080-exec-5] org.example.dao.UserMapper.findById      : ==> Parameters: 15(Integer)
2026-03-15 12:57:13.238 DEBUG 54685 --- [http-nio-8080-exec-5] org.example.dao.UserMapper.findById      : <==      Total: 1
2026-03-15 12:57:13.238 DEBUG 54685 --- [http-nio-8080-exec-5] org.example.dao.UserMapper.findById      : ==>  Preparing: SELECT * FROM user WHERE id = ?
2026-03-15 12:57:13.239 DEBUG 54685 --- [http-nio-8080-exec-5] org.example.dao.UserMapper.findById      : ==> Parameters: 15(Integer)
2026-03-15 12:57:13.239 DEBUG 54685 --- [http-nio-8080-exec-5] org.example.dao.UserMapper.findById      : <==      Total: 1
2026-03-15 12:57:13.239 DEBUG 54685 --- [http-nio-8080-exec-5] org.example.dao.UserMapper.findById      : ==>  Preparing: SELECT * FROM user WHERE id = ?
2026-03-15 12:57:13.239 DEBUG 54685 --- [http-nio-8080-exec-5] org.example.dao.UserMapper.findById      : ==> Parameters: 15(Integer)
2026-03-15 12:57:13.240 DEBUG 54685 --- [http-nio-8080-exec-5] org.example.dao.UserMapper.findById      : <==      Total: 1
2026-03-15 12:57:13.240 DEBUG 54685 --- [http-nio-8080-exec-5] org.example.dao.UserMapper.findById      : ==>  Preparing: SELECT * FROM user WHERE id = ?
2026-03-15 12:57:13.240 DEBUG 54685 --- [http-nio-8080-exec-5] org.example.dao.UserMapper.findById      : ==> Parameters: 15(Integer)
2026-03-15 12:57:13.240 DEBUG 54685 --- [http-nio-8080-exec-5] org.example.dao.UserMapper.findById      : <==      Total: 1
2026-03-15 12:57:13.241 DEBUG 54685 --- [http-nio-8080-exec-5] org.example.dao.UserMapper.findById      : ==>  Preparing: SELECT * FROM user WHERE id = ?
2026-03-15 12:57:13.241 DEBUG 54685 --- [http-nio-8080-exec-5] org.example.dao.UserMapper.findById      : ==> Parameters: 15(Integer)
2026-03-15 12:57:13.241 DEBUG 54685 --- [http-nio-8080-exec-5] org.example.dao.UserMapper.findById      : <==      Total: 1
2026-03-15 12:57:13.241 DEBUG 54685 --- [http-nio-8080-exec-5] org.example.dao.UserMapper.findById      : ==>  Preparing: SELECT * FROM user WHERE id = ?
2026-03-15 12:57:13.241 DEBUG 54685 --- [http-nio-8080-exec-5] org.example.dao.UserMapper.findById      : ==> Parameters: 15(Integer)
2026-03-15 12:57:13.242 DEBUG 54685 --- [http-nio-8080-exec-5] org.example.dao.UserMapper.findById      : <==      Total: 1
2026-03-15 12:57:13.242 DEBUG 54685 --- [http-nio-8080-exec-5] org.example.dao.UserMapper.findById      : ==>  Preparing: SELECT * FROM user WHERE id = ?
2026-03-15 12:57:13.242 DEBUG 54685 --- [http-nio-8080-exec-5] org.example.dao.UserMapper.findById      : ==> Parameters: 15(Integer)
2026-03-15 12:57:13.243 DEBUG 54685 --- [http-nio-8080-exec-5] org.example.dao.UserMapper.findById      : <==      Total: 1
2026-03-15 12:57:13.243 DEBUG 54685 --- [http-nio-8080-exec-5] org.example.dao.UserMapper.findById      : ==>  Preparing: SELECT * FROM user WHERE id = ?
2026-03-15 12:57:13.243 DEBUG 54685 --- [http-nio-8080-exec-5] org.example.dao.UserMapper.findById      : ==> Parameters: 15(Integer)
2026-03-15 12:57:13.243 DEBUG 54685 --- [http-nio-8080-exec-5] org.example.dao.UserMapper.findById      : <==      Total: 1
2026-03-15 12:57:13.244 DEBUG 54685 --- [http-nio-8080-exec-5] org.example.dao.UserMapper.findById      : ==>  Preparing: SELECT * FROM user WHERE id = ?
2026-03-15 12:57:13.244 DEBUG 54685 --- [http-nio-8080-exec-5] org.example.dao.UserMapper.findById      : ==> Parameters: 15(Integer)
2026-03-15 12:57:13.244 DEBUG 54685 --- [http-nio-8080-exec-5] org.example.dao.UserMapper.findById      : <==      Total: 1
2026-03-15 12:57:13.244 DEBUG 54685 --- [http-nio-8080-exec-5] org.example.dao.UserMapper.findById      : ==>  Preparing: SELECT * FROM user WHERE id = ?
2026-03-15 12:57:13.244 DEBUG 54685 --- [http-nio-8080-exec-5] org.example.dao.UserMapper.findById      : ==> Parameters: 15(Integer)
2026-03-15 12:57:13.245 DEBUG 54685 --- [http-nio-8080-exec-5] org.example.dao.UserMapper.findById      : <==      Total: 1
2026-03-15 12:57:13.245 DEBUG 54685 --- [http-nio-8080-exec-5] org.example.dao.UserMapper.findById      : ==>  Preparing: SELECT * FROM user WHERE id = ?
2026-03-15 12:57:13.245 DEBUG 54685 --- [http-nio-8080-exec-5] org.example.dao.UserMapper.findById      : ==> Parameters: 15(Integer)
2026-03-15 12:57:13.246 DEBUG 54685 --- [http-nio-8080-exec-5] org.example.dao.UserMapper.findById      : <==      Total: 1
2026-03-15 12:57:13.246 DEBUG 54685 --- [http-nio-8080-exec-5] m.m.a.RequestResponseBodyMethodProcessor : Using 'application/json', given [*/*] and supported [application/json, application/*+json, application/json, application/*+json]
2026-03-15 12:57:13.246 DEBUG 54685 --- [http-nio-8080-exec-5] m.m.a.RequestResponseBodyMethodProcessor : Writing [org.example.common.ResponseResult@4282520a]
2026-03-15 12:57:13.247 DEBUG 54685 --- [http-nio-8080-exec-5] o.s.web.servlet.DispatcherServlet        : Completed 200 OK
2026-03-15 12:57:28.227 DEBUG 54685 --- [http-nio-8080-exec-1] o.s.web.servlet.DispatcherServlet        : GET "/attendant/orders?attendantId=21&page=0&size=50", parameters={masked}
2026-03-15 12:57:28.228 DEBUG 54685 --- [http-nio-8080-exec-1] s.w.s.m.m.a.RequestMappingHandlerMapping : Mapped to org.example.controller.AttendantController#getAttendantOrders(Integer, Integer, Integer, String)
2026-03-15 12:57:28.231 DEBUG 54685 --- [http-nio-8080-exec-1] o.e.d.O.findAllOrdersWithPagination      : ==>  Preparing: SELECT * FROM `order` ORDER BY create_time DESC LIMIT ?, ?
2026-03-15 12:57:28.232 DEBUG 54685 --- [http-nio-8080-exec-1] o.e.d.O.findAllOrdersWithPagination      : ==> Parameters: 0(Integer), 1000(Integer)
2026-03-15 12:57:28.236 DEBUG 54685 --- [http-nio-8080-exec-1] o.e.d.O.findAllOrdersWithPagination      : <==      Total: 19
2026-03-15 12:57:28.237 DEBUG 54685 --- [http-nio-8080-exec-1] org.example.dao.UserMapper.findById      : ==>  Preparing: SELECT * FROM user WHERE id = ?
2026-03-15 12:57:28.237 DEBUG 54685 --- [http-nio-8080-exec-1] org.example.dao.UserMapper.findById      : ==> Parameters: 15(Integer)
2026-03-15 12:57:28.238 DEBUG 54685 --- [http-nio-8080-exec-1] org.example.dao.UserMapper.findById      : <==      Total: 1
2026-03-15 12:57:28.238 DEBUG 54685 --- [http-nio-8080-exec-1] org.example.dao.UserMapper.findById      : ==>  Preparing: SELECT * FROM user WHERE id = ?
2026-03-15 12:57:28.238 DEBUG 54685 --- [http-nio-8080-exec-1] org.example.dao.UserMapper.findById      : ==> Parameters: 15(Integer)
2026-03-15 12:57:28.239 DEBUG 54685 --- [http-nio-8080-exec-1] org.example.dao.UserMapper.findById      : <==      Total: 1
2026-03-15 12:57:28.239 DEBUG 54685 --- [http-nio-8080-exec-1] org.example.dao.UserMapper.findById      : ==>  Preparing: SELECT * FROM user WHERE id = ?
2026-03-15 12:57:28.239 DEBUG 54685 --- [http-nio-8080-exec-1] org.example.dao.UserMapper.findById      : ==> Parameters: 15(Integer)
2026-03-15 12:57:28.240 DEBUG 54685 --- [http-nio-8080-exec-1] org.example.dao.UserMapper.findById      : <==      Total: 1
2026-03-15 12:57:28.240 DEBUG 54685 --- [http-nio-8080-exec-1] org.example.dao.UserMapper.findById      : ==>  Preparing: SELECT * FROM user WHERE id = ?
2026-03-15 12:57:28.240 DEBUG 54685 --- [http-nio-8080-exec-1] org.example.dao.UserMapper.findById      : ==> Parameters: 15(Integer)
2026-03-15 12:57:28.241 DEBUG 54685 --- [http-nio-8080-exec-1] org.example.dao.UserMapper.findById      : <==      Total: 1
2026-03-15 12:57:28.241 DEBUG 54685 --- [http-nio-8080-exec-1] org.example.dao.UserMapper.findById      : ==>  Preparing: SELECT * FROM user WHERE id = ?
2026-03-15 12:57:28.241 DEBUG 54685 --- [http-nio-8080-exec-1] org.example.dao.UserMapper.findById      : ==> Parameters: 15(Integer)
2026-03-15 12:57:28.242 DEBUG 54685 --- [http-nio-8080-exec-1] org.example.dao.UserMapper.findById      : <==      Total: 1
2026-03-15 12:57:28.242 DEBUG 54685 --- [http-nio-8080-exec-1] org.example.dao.UserMapper.findById      : ==>  Preparing: SELECT * FROM user WHERE id = ?
2026-03-15 12:57:28.242 DEBUG 54685 --- [http-nio-8080-exec-1] org.example.dao.UserMapper.findById      : ==> Parameters: 15(Integer)
2026-03-15 12:57:28.242 DEBUG 54685 --- [http-nio-8080-exec-1] org.example.dao.UserMapper.findById      : <==      Total: 1
2026-03-15 12:57:28.243 DEBUG 54685 --- [http-nio-8080-exec-1] org.example.dao.UserMapper.findById      : ==>  Preparing: SELECT * FROM user WHERE id = ?
2026-03-15 12:57:28.243 DEBUG 54685 --- [http-nio-8080-exec-1] org.example.dao.UserMapper.findById      : ==> Parameters: 15(Integer)
2026-03-15 12:57:28.243 DEBUG 54685 --- [http-nio-8080-exec-1] org.example.dao.UserMapper.findById      : <==      Total: 1
2026-03-15 12:57:28.243 DEBUG 54685 --- [http-nio-8080-exec-1] org.example.dao.UserMapper.findById      : ==>  Preparing: SELECT * FROM user WHERE id = ?
2026-03-15 12:57:28.243 DEBUG 54685 --- [http-nio-8080-exec-1] org.example.dao.UserMapper.findById      : ==> Parameters: 15(Integer)
2026-03-15 12:57:28.244 DEBUG 54685 --- [http-nio-8080-exec-1] org.example.dao.UserMapper.findById      : <==      Total: 1
2026-03-15 12:57:28.244 DEBUG 54685 --- [http-nio-8080-exec-1] org.example.dao.UserMapper.findById      : ==>  Preparing: SELECT * FROM user WHERE id = ?
2026-03-15 12:57:28.244 DEBUG 54685 --- [http-nio-8080-exec-1] org.example.dao.UserMapper.findById      : ==> Parameters: 15(Integer)
2026-03-15 12:57:28.245 DEBUG 54685 --- [http-nio-8080-exec-1] org.example.dao.UserMapper.findById      : <==      Total: 1
2026-03-15 12:57:28.245 DEBUG 54685 --- [http-nio-8080-exec-1] org.example.dao.UserMapper.findById      : ==>  Preparing: SELECT * FROM user WHERE id = ?
2026-03-15 12:57:28.245 DEBUG 54685 --- [http-nio-8080-exec-1] org.example.dao.UserMapper.findById      : ==> Parameters: 15(Integer)
2026-03-15 12:57:28.245 DEBUG 54685 --- [http-nio-8080-exec-1] org.example.dao.UserMapper.findById      : <==      Total: 1
2026-03-15 12:57:28.246 DEBUG 54685 --- [http-nio-8080-exec-1] org.example.dao.UserMapper.findById      : ==>  Preparing: SELECT * FROM user WHERE id = ?
2026-03-15 12:57:28.246 DEBUG 54685 --- [http-nio-8080-exec-1] org.example.dao.UserMapper.findById      : ==> Parameters: 15(Integer)
2026-03-15 12:57:28.246 DEBUG 54685 --- [http-nio-8080-exec-1] org.example.dao.UserMapper.findById      : <==      Total: 1
2026-03-15 12:57:28.247 DEBUG 54685 --- [http-nio-8080-exec-1] org.example.dao.UserMapper.findById      : ==>  Preparing: SELECT * FROM user WHERE id = ?
2026-03-15 12:57:28.247 DEBUG 54685 --- [http-nio-8080-exec-1] org.example.dao.UserMapper.findById      : ==> Parameters: 15(Integer)
2026-03-15 12:57:28.247 DEBUG 54685 --- [http-nio-8080-exec-1] org.example.dao.UserMapper.findById      : <==      Total: 1
2026-03-15 12:57:28.247 DEBUG 54685 --- [http-nio-8080-exec-1] org.example.dao.UserMapper.findById      : ==>  Preparing: SELECT * FROM user WHERE id = ?
2026-03-15 12:57:28.247 DEBUG 54685 --- [http-nio-8080-exec-1] org.example.dao.UserMapper.findById      : ==> Parameters: 15(Integer)
2026-03-15 12:57:28.248 DEBUG 54685 --- [http-nio-8080-exec-1] org.example.dao.UserMapper.findById      : <==      Total: 1
2026-03-15 12:57:28.249 DEBUG 54685 --- [http-nio-8080-exec-1] m.m.a.RequestResponseBodyMethodProcessor : Using 'application/json', given [*/*] and supported [application/json, application/*+json, application/json, application/*+json]
2026-03-15 12:57:28.249 DEBUG 54685 --- [http-nio-8080-exec-1] m.m.a.RequestResponseBodyMethodProcessor : Writing [org.example.common.ResponseResult@682bc84c]
2026-03-15 12:57:28.250 DEBUG 54685 --- [http-nio-8080-exec-1] o.s.web.servlet.DispatcherServlet        : Completed 200 OK
2026-03-15 12:57:36.009 DEBUG 54685 --- [pool-3-thread-1] o.e.d.O.findExpiredUnpaidOrders          : ==>  Preparing: SELECT * FROM `order` WHERE payment_status = 0 AND order_status = 0 AND create_time <= ? ORDER BY create_time ASC
2026-03-15 12:57:36.010 DEBUG 54685 --- [pool-3-thread-1] o.e.d.O.findExpiredUnpaidOrders          : ==> Parameters: 2026-03-15 12:42:36.009(Timestamp)
2026-03-15 12:57:36.011 DEBUG 54685 --- [pool-3-thread-1] o.e.d.O.findExpiredUnpaidOrders          : <==      Total: 0
2026-03-15 12:57:43.226 DEBUG 54685 --- [http-nio-8080-exec-4] o.s.web.servlet.DispatcherServlet        : GET "/attendant/orders?attendantId=21&page=0&size=50", parameters={masked}
2026-03-15 12:57:43.227 DEBUG 54685 --- [http-nio-8080-exec-4] s.w.s.m.m.a.RequestMappingHandlerMapping : Mapped to org.example.controller.AttendantController#getAttendantOrders(Integer, Integer, Integer, String)
2026-03-15 12:57:43.232 DEBUG 54685 --- [http-nio-8080-exec-4] o.e.d.O.findAllOrdersWithPagination      : ==>  Preparing: SELECT * FROM `order` ORDER BY create_time DESC LIMIT ?, ?
2026-03-15 12:57:43.233 DEBUG 54685 --- [http-nio-8080-exec-4] o.e.d.O.findAllOrdersWithPagination      : ==> Parameters: 0(Integer), 1000(Integer)
2026-03-15 12:57:43.236 DEBUG 54685 --- [http-nio-8080-exec-4] o.e.d.O.findAllOrdersWithPagination      : <==      Total: 19
2026-03-15 12:57:43.237 DEBUG 54685 --- [http-nio-8080-exec-4] org.example.dao.UserMapper.findById      : ==>  Preparing: SELECT * FROM user WHERE id = ?
2026-03-15 12:57:43.237 DEBUG 54685 --- [http-nio-8080-exec-4] org.example.dao.UserMapper.findById      : ==> Parameters: 15(Integer)
2026-03-15 12:57:43.238 DEBUG 54685 --- [http-nio-8080-exec-4] org.example.dao.UserMapper.findById      : <==      Total: 1
2026-03-15 12:57:43.238 DEBUG 54685 --- [http-nio-8080-exec-4] org.example.dao.UserMapper.findById      : ==>  Preparing: SELECT * FROM user WHERE id = ?
2026-03-15 12:57:43.238 DEBUG 54685 --- [http-nio-8080-exec-4] org.example.dao.UserMapper.findById      : ==> Parameters: 15(Integer)
2026-03-15 12:57:43.239 DEBUG 54685 --- [http-nio-8080-exec-4] org.example.dao.UserMapper.findById      : <==      Total: 1
2026-03-15 12:57:43.239 DEBUG 54685 --- [http-nio-8080-exec-4] org.example.dao.UserMapper.findById      : ==>  Preparing: SELECT * FROM user WHERE id = ?
2026-03-15 12:57:43.239 DEBUG 54685 --- [http-nio-8080-exec-4] org.example.dao.UserMapper.findById      : ==> Parameters: 15(Integer)
2026-03-15 12:57:43.239 DEBUG 54685 --- [http-nio-8080-exec-4] org.example.dao.UserMapper.findById      : <==      Total: 1
2026-03-15 12:57:43.239 DEBUG 54685 --- [http-nio-8080-exec-4] org.example.dao.UserMapper.findById      : ==>  Preparing: SELECT * FROM user WHERE id = ?
2026-03-15 12:57:43.240 DEBUG 54685 --- [http-nio-8080-exec-4] org.example.dao.UserMapper.findById      : ==> Parameters: 15(Integer)
2026-03-15 12:57:43.240 DEBUG 54685 --- [http-nio-8080-exec-4] org.example.dao.UserMapper.findById      : <==      Total: 1
2026-03-15 12:57:43.240 DEBUG 54685 --- [http-nio-8080-exec-4] org.example.dao.UserMapper.findById      : ==>  Preparing: SELECT * FROM user WHERE id = ?
2026-03-15 12:57:43.240 DEBUG 54685 --- [http-nio-8080-exec-4] org.example.dao.UserMapper.findById      : ==> Parameters: 15(Integer)
2026-03-15 12:57:43.241 DEBUG 54685 --- [http-nio-8080-exec-4] org.example.dao.UserMapper.findById      : <==      Total: 1
2026-03-15 12:57:43.241 DEBUG 54685 --- [http-nio-8080-exec-4] org.example.dao.UserMapper.findById      : ==>  Preparing: SELECT * FROM user WHERE id = ?
2026-03-15 12:57:43.241 DEBUG 54685 --- [http-nio-8080-exec-4] org.example.dao.UserMapper.findById      : ==> Parameters: 15(Integer)
2026-03-15 12:57:43.241 DEBUG 54685 --- [http-nio-8080-exec-4] org.example.dao.UserMapper.findById      : <==      Total: 1
2026-03-15 12:57:43.242 DEBUG 54685 --- [http-nio-8080-exec-4] org.example.dao.UserMapper.findById      : ==>  Preparing: SELECT * FROM user WHERE id = ?
2026-03-15 12:57:43.242 DEBUG 54685 --- [http-nio-8080-exec-4] org.example.dao.UserMapper.findById      : ==> Parameters: 15(Integer)
2026-03-15 12:57:43.242 DEBUG 54685 --- [http-nio-8080-exec-4] org.example.dao.UserMapper.findById      : <==      Total: 1
2026-03-15 12:57:43.242 DEBUG 54685 --- [http-nio-8080-exec-4] org.example.dao.UserMapper.findById      : ==>  Preparing: SELECT * FROM user WHERE id = ?
2026-03-15 12:57:43.242 DEBUG 54685 --- [http-nio-8080-exec-4] org.example.dao.UserMapper.findById      : ==> Parameters: 15(Integer)
2026-03-15 12:57:43.243 DEBUG 54685 --- [http-nio-8080-exec-4] org.example.dao.UserMapper.findById      : <==      Total: 1
2026-03-15 12:57:43.243 DEBUG 54685 --- [http-nio-8080-exec-4] org.example.dao.UserMapper.findById      : ==>  Preparing: SELECT * FROM user WHERE id = ?
2026-03-15 12:57:43.243 DEBUG 54685 --- [http-nio-8080-exec-4] org.example.dao.UserMapper.findById      : ==> Parameters: 15(Integer)
2026-03-15 12:57:43.243 DEBUG 54685 --- [http-nio-8080-exec-4] org.example.dao.UserMapper.findById      : <==      Total: 1
2026-03-15 12:57:43.244 DEBUG 54685 --- [http-nio-8080-exec-4] org.example.dao.UserMapper.findById      : ==>  Preparing: SELECT * FROM user WHERE id = ?
2026-03-15 12:57:43.244 DEBUG 54685 --- [http-nio-8080-exec-4] org.example.dao.UserMapper.findById      : ==> Parameters: 15(Integer)
2026-03-15 12:57:43.244 DEBUG 54685 --- [http-nio-8080-exec-4] org.example.dao.UserMapper.findById      : <==      Total: 1
2026-03-15 12:57:43.244 DEBUG 54685 --- [http-nio-8080-exec-4] org.example.dao.UserMapper.findById      : ==>  Preparing: SELECT * FROM user WHERE id = ?
2026-03-15 12:57:43.245 DEBUG 54685 --- [http-nio-8080-exec-4] org.example.dao.UserMapper.findById      : ==> Parameters: 15(Integer)
2026-03-15 12:57:43.245 DEBUG 54685 --- [http-nio-8080-exec-4] org.example.dao.UserMapper.findById      : <==      Total: 1
2026-03-15 12:57:43.245 DEBUG 54685 --- [http-nio-8080-exec-4] org.example.dao.UserMapper.findById      : ==>  Preparing: SELECT * FROM user WHERE id = ?
2026-03-15 12:57:43.245 DEBUG 54685 --- [http-nio-8080-exec-4] org.example.dao.UserMapper.findById      : ==> Parameters: 15(Integer)
2026-03-15 12:57:43.246 DEBUG 54685 --- [http-nio-8080-exec-4] org.example.dao.UserMapper.findById      : <==      Total: 1
2026-03-15 12:57:43.246 DEBUG 54685 --- [http-nio-8080-exec-4] org.example.dao.UserMapper.findById      : ==>  Preparing: SELECT * FROM user WHERE id = ?
2026-03-15 12:57:43.246 DEBUG 54685 --- [http-nio-8080-exec-4] org.example.dao.UserMapper.findById      : ==> Parameters: 15(Integer)
2026-03-15 12:57:43.246 DEBUG 54685 --- [http-nio-8080-exec-4] org.example.dao.UserMapper.findById      : <==      Total: 1
2026-03-15 12:57:43.247 DEBUG 54685 --- [http-nio-8080-exec-4] m.m.a.RequestResponseBodyMethodProcessor : Using 'application/json', given [*/*] and supported [application/json, application/*+json, application/json, application/*+json]
2026-03-15 12:57:43.247 DEBUG 54685 --- [http-nio-8080-exec-4] m.m.a.RequestResponseBodyMethodProcessor : Writing [org.example.common.ResponseResult@2410e1e]
2026-03-15 12:57:43.247 DEBUG 54685 --- [http-nio-8080-exec-4] o.s.web.servlet.DispatcherServlet        : Completed 200 OK
2026-03-15 12:57:58.227 DEBUG 54685 --- [http-nio-8080-exec-10] o.s.web.servlet.DispatcherServlet        : GET "/attendant/orders?attendantId=21&page=0&size=50", parameters={masked}
2026-03-15 12:57:58.228 DEBUG 54685 --- [http-nio-8080-exec-10] s.w.s.m.m.a.RequestMappingHandlerMapping : Mapped to org.example.controller.AttendantController#getAttendantOrders(Integer, Integer, Integer, String)
2026-03-15 12:57:58.231 DEBUG 54685 --- [http-nio-8080-exec-10] o.e.d.O.findAllOrdersWithPagination      : ==>  Preparing: SELECT * FROM `order` ORDER BY create_time DESC LIMIT ?, ?
2026-03-15 12:57:58.232 DEBUG 54685 --- [http-nio-8080-exec-10] o.e.d.O.findAllOrdersWithPagination      : ==> Parameters: 0(Integer), 1000(Integer)
2026-03-15 12:57:58.235 DEBUG 54685 --- [http-nio-8080-exec-10] o.e.d.O.findAllOrdersWithPagination      : <==      Total: 19
2026-03-15 12:57:58.236 DEBUG 54685 --- [http-nio-8080-exec-10] org.example.dao.UserMapper.findById      : ==>  Preparing: SELECT * FROM user WHERE id = ?
2026-03-15 12:57:58.236 DEBUG 54685 --- [http-nio-8080-exec-10] org.example.dao.UserMapper.findById      : ==> Parameters: 15(Integer)
2026-03-15 12:57:58.237 DEBUG 54685 --- [http-nio-8080-exec-10] org.example.dao.UserMapper.findById      : <==      Total: 1
2026-03-15 12:57:58.238 DEBUG 54685 --- [http-nio-8080-exec-10] org.example.dao.UserMapper.findById      : ==>  Preparing: SELECT * FROM user WHERE id = ?
2026-03-15 12:57:58.238 DEBUG 54685 --- [http-nio-8080-exec-10] org.example.dao.UserMapper.findById      : ==> Parameters: 15(Integer)
2026-03-15 12:57:58.238 DEBUG 54685 --- [http-nio-8080-exec-10] org.example.dao.UserMapper.findById      : <==      Total: 1
2026-03-15 12:57:58.239 DEBUG 54685 --- [http-nio-8080-exec-10] org.example.dao.UserMapper.findById      : ==>  Preparing: SELECT * FROM user WHERE id = ?
2026-03-15 12:57:58.239 DEBUG 54685 --- [http-nio-8080-exec-10] org.example.dao.UserMapper.findById      : ==> Parameters: 15(Integer)
2026-03-15 12:57:58.240 DEBUG 54685 --- [http-nio-8080-exec-10] org.example.dao.UserMapper.findById      : <==      Total: 1
2026-03-15 12:57:58.240 DEBUG 54685 --- [http-nio-8080-exec-10] org.example.dao.UserMapper.findById      : ==>  Preparing: SELECT * FROM user WHERE id = ?
2026-03-15 12:57:58.240 DEBUG 54685 --- [http-nio-8080-exec-10] org.example.dao.UserMapper.findById      : ==> Parameters: 15(Integer)
2026-03-15 12:57:58.241 DEBUG 54685 --- [http-nio-8080-exec-10] org.example.dao.UserMapper.findById      : <==      Total: 1
2026-03-15 12:57:58.242 DEBUG 54685 --- [http-nio-8080-exec-10] org.example.dao.UserMapper.findById      : ==>  Preparing: SELECT * FROM user WHERE id = ?
2026-03-15 12:57:58.242 DEBUG 54685 --- [http-nio-8080-exec-10] org.example.dao.UserMapper.findById      : ==> Parameters: 15(Integer)
2026-03-15 12:57:58.243 DEBUG 54685 --- [http-nio-8080-exec-10] org.example.dao.UserMapper.findById      : <==      Total: 1
2026-03-15 12:57:58.243 DEBUG 54685 --- [http-nio-8080-exec-10] org.example.dao.UserMapper.findById      : ==>  Preparing: SELECT * FROM user WHERE id = ?
2026-03-15 12:57:58.243 DEBUG 54685 --- [http-nio-8080-exec-10] org.example.dao.UserMapper.findById      : ==> Parameters: 15(Integer)
2026-03-15 12:57:58.244 DEBUG 54685 --- [http-nio-8080-exec-10] org.example.dao.UserMapper.findById      : <==      Total: 1
2026-03-15 12:57:58.244 DEBUG 54685 --- [http-nio-8080-exec-10] org.example.dao.UserMapper.findById      : ==>  Preparing: SELECT * FROM user WHERE id = ?
2026-03-15 12:57:58.244 DEBUG 54685 --- [http-nio-8080-exec-10] org.example.dao.UserMapper.findById      : ==> Parameters: 15(Integer)
2026-03-15 12:57:58.244 DEBUG 54685 --- [http-nio-8080-exec-10] org.example.dao.UserMapper.findById      : <==      Total: 1
2026-03-15 12:57:58.245 DEBUG 54685 --- [http-nio-8080-exec-10] org.example.dao.UserMapper.findById      : ==>  Preparing: SELECT * FROM user WHERE id = ?
2026-03-15 12:57:58.245 DEBUG 54685 --- [http-nio-8080-exec-10] org.example.dao.UserMapper.findById      : ==> Parameters: 15(Integer)
2026-03-15 12:57:58.245 DEBUG 54685 --- [http-nio-8080-exec-10] org.example.dao.UserMapper.findById      : <==      Total: 1
2026-03-15 12:57:58.245 DEBUG 54685 --- [http-nio-8080-exec-10] org.example.dao.UserMapper.findById      : ==>  Preparing: SELECT * FROM user WHERE id = ?
2026-03-15 12:57:58.245 DEBUG 54685 --- [http-nio-8080-exec-10] org.example.dao.UserMapper.findById      : ==> Parameters: 15(Integer)
2026-03-15 12:57:58.246 DEBUG 54685 --- [http-nio-8080-exec-10] org.example.dao.UserMapper.findById      : <==      Total: 1
2026-03-15 12:57:58.246 DEBUG 54685 --- [http-nio-8080-exec-10] org.example.dao.UserMapper.findById      : ==>  Preparing: SELECT * FROM user WHERE id = ?
2026-03-15 12:57:58.246 DEBUG 54685 --- [http-nio-8080-exec-10] org.example.dao.UserMapper.findById      : ==> Parameters: 15(Integer)
2026-03-15 12:57:58.246 DEBUG 54685 --- [http-nio-8080-exec-10] org.example.dao.UserMapper.findById      : <==      Total: 1
2026-03-15 12:57:58.247 DEBUG 54685 --- [http-nio-8080-exec-10] org.example.dao.UserMapper.findById      : ==>  Preparing: SELECT * FROM user WHERE id = ?
2026-03-15 12:57:58.247 DEBUG 54685 --- [http-nio-8080-exec-10] org.example.dao.UserMapper.findById      : ==> Parameters: 15(Integer)
2026-03-15 12:57:58.247 DEBUG 54685 --- [http-nio-8080-exec-10] org.example.dao.UserMapper.findById      : <==      Total: 1
2026-03-15 12:57:58.247 DEBUG 54685 --- [http-nio-8080-exec-10] org.example.dao.UserMapper.findById      : ==>  Preparing: SELECT * FROM user WHERE id = ?
2026-03-15 12:57:58.248 DEBUG 54685 --- [http-nio-8080-exec-10] org.example.dao.UserMapper.findById      : ==> Parameters: 15(Integer)
2026-03-15 12:57:58.248 DEBUG 54685 --- [http-nio-8080-exec-10] org.example.dao.UserMapper.findById      : <==      Total: 1
2026-03-15 12:57:58.248 DEBUG 54685 --- [http-nio-8080-exec-10] org.example.dao.UserMapper.findById      : ==>  Preparing: SELECT * FROM user WHERE id = ?
2026-03-15 12:57:58.248 DEBUG 54685 --- [http-nio-8080-exec-10] org.example.dao.UserMapper.findById      : ==> Parameters: 15(Integer)
2026-03-15 12:57:58.249 DEBUG 54685 --- [http-nio-8080-exec-10] org.example.dao.UserMapper.findById      : <==      Total: 1
2026-03-15 12:57:58.249 DEBUG 54685 --- [http-nio-8080-exec-10] m.m.a.RequestResponseBodyMethodProcessor : Using 'application/json', given [*/*] and supported [application/json, application/*+json, application/json, application/*+json]
2026-03-15 12:57:58.249 DEBUG 54685 --- [http-nio-8080-exec-10] m.m.a.RequestResponseBodyMethodProcessor : Writing [org.example.common.ResponseResult@54999063]
2026-03-15 12:57:58.251 DEBUG 54685 --- [http-nio-8080-exec-10] o.s.web.servlet.DispatcherServlet        : Completed 200 OK
2026-03-15 12:58:13.254 DEBUG 54685 --- [http-nio-8080-exec-9] o.s.web.servlet.DispatcherServlet        : GET "/attendant/orders?attendantId=21&page=0&size=50", parameters={masked}
2026-03-15 12:58:13.255 DEBUG 54685 --- [http-nio-8080-exec-9] s.w.s.m.m.a.RequestMappingHandlerMapping : Mapped to org.example.controller.AttendantController#getAttendantOrders(Integer, Integer, Integer, String)
2026-03-15 12:58:13.269 DEBUG 54685 --- [http-nio-8080-exec-9] o.e.d.O.findAllOrdersWithPagination      : ==>  Preparing: SELECT * FROM `order` ORDER BY create_time DESC LIMIT ?, ?
2026-03-15 12:58:13.270 DEBUG 54685 --- [http-nio-8080-exec-9] o.e.d.O.findAllOrdersWithPagination      : ==> Parameters: 0(Integer), 1000(Integer)
2026-03-15 12:58:13.273 DEBUG 54685 --- [http-nio-8080-exec-9] o.e.d.O.findAllOrdersWithPagination      : <==      Total: 19
2026-03-15 12:58:13.274 DEBUG 54685 --- [http-nio-8080-exec-9] org.example.dao.UserMapper.findById      : ==>  Preparing: SELECT * FROM user WHERE id = ?
2026-03-15 12:58:13.274 DEBUG 54685 --- [http-nio-8080-exec-9] org.example.dao.UserMapper.findById      : ==> Parameters: 15(Integer)
2026-03-15 12:58:13.275 DEBUG 54685 --- [http-nio-8080-exec-9] org.example.dao.UserMapper.findById      : <==      Total: 1
2026-03-15 12:58:13.275 DEBUG 54685 --- [http-nio-8080-exec-9] org.example.dao.UserMapper.findById      : ==>  Preparing: SELECT * FROM user WHERE id = ?
2026-03-15 12:58:13.275 DEBUG 54685 --- [http-nio-8080-exec-9] org.example.dao.UserMapper.findById      : ==> Parameters: 15(Integer)
2026-03-15 12:58:13.277 DEBUG 54685 --- [http-nio-8080-exec-9] org.example.dao.UserMapper.findById      : <==      Total: 1
2026-03-15 12:58:13.277 DEBUG 54685 --- [http-nio-8080-exec-9] org.example.dao.UserMapper.findById      : ==>  Preparing: SELECT * FROM user WHERE id = ?
2026-03-15 12:58:13.277 DEBUG 54685 --- [http-nio-8080-exec-9] org.example.dao.UserMapper.findById      : ==> Parameters: 15(Integer)
2026-03-15 12:58:13.278 DEBUG 54685 --- [http-nio-8080-exec-9] org.example.dao.UserMapper.findById      : <==      Total: 1
2026-03-15 12:58:13.279 DEBUG 54685 --- [http-nio-8080-exec-9] org.example.dao.UserMapper.findById      : ==>  Preparing: SELECT * FROM user WHERE id = ?
2026-03-15 12:58:13.279 DEBUG 54685 --- [http-nio-8080-exec-9] org.example.dao.UserMapper.findById      : ==> Parameters: 15(Integer)
2026-03-15 12:58:13.280 DEBUG 54685 --- [http-nio-8080-exec-9] org.example.dao.UserMapper.findById      : <==      Total: 1
2026-03-15 12:58:13.280 DEBUG 54685 --- [http-nio-8080-exec-9] org.example.dao.UserMapper.findById      : ==>  Preparing: SELECT * FROM user WHERE id = ?
2026-03-15 12:58:13.280 DEBUG 54685 --- [http-nio-8080-exec-9] org.example.dao.UserMapper.findById      : ==> Parameters: 15(Integer)
2026-03-15 12:58:13.281 DEBUG 54685 --- [http-nio-8080-exec-9] org.example.dao.UserMapper.findById      : <==      Total: 1
2026-03-15 12:58:13.281 DEBUG 54685 --- [http-nio-8080-exec-9] org.example.dao.UserMapper.findById      : ==>  Preparing: SELECT * FROM user WHERE id = ?
2026-03-15 12:58:13.281 DEBUG 54685 --- [http-nio-8080-exec-9] org.example.dao.UserMapper.findById      : ==> Parameters: 15(Integer)
2026-03-15 12:58:13.282 DEBUG 54685 --- [http-nio-8080-exec-9] org.example.dao.UserMapper.findById      : <==      Total: 1
2026-03-15 12:58:13.282 DEBUG 54685 --- [http-nio-8080-exec-9] org.example.dao.UserMapper.findById      : ==>  Preparing: SELECT * FROM user WHERE id = ?
2026-03-15 12:58:13.283 DEBUG 54685 --- [http-nio-8080-exec-9] org.example.dao.UserMapper.findById      : ==> Parameters: 15(Integer)
2026-03-15 12:58:13.284 DEBUG 54685 --- [http-nio-8080-exec-9] org.example.dao.UserMapper.findById      : <==      Total: 1
2026-03-15 12:58:13.284 DEBUG 54685 --- [http-nio-8080-exec-9] org.example.dao.UserMapper.findById      : ==>  Preparing: SELECT * FROM user WHERE id = ?
2026-03-15 12:58:13.284 DEBUG 54685 --- [http-nio-8080-exec-9] org.example.dao.UserMapper.findById      : ==> Parameters: 15(Integer)
2026-03-15 12:58:13.285 DEBUG 54685 --- [http-nio-8080-exec-9] org.example.dao.UserMapper.findById      : <==      Total: 1
2026-03-15 12:58:13.285 DEBUG 54685 --- [http-nio-8080-exec-9] org.example.dao.UserMapper.findById      : ==>  Preparing: SELECT * FROM user WHERE id = ?
2026-03-15 12:58:13.286 DEBUG 54685 --- [http-nio-8080-exec-9] org.example.dao.UserMapper.findById      : ==> Parameters: 15(Integer)
2026-03-15 12:58:13.286 DEBUG 54685 --- [http-nio-8080-exec-9] org.example.dao.UserMapper.findById      : <==      Total: 1
2026-03-15 12:58:13.287 DEBUG 54685 --- [http-nio-8080-exec-9] org.example.dao.UserMapper.findById      : ==>  Preparing: SELECT * FROM user WHERE id = ?
2026-03-15 12:58:13.287 DEBUG 54685 --- [http-nio-8080-exec-9] org.example.dao.UserMapper.findById      : ==> Parameters: 15(Integer)
2026-03-15 12:58:13.288 DEBUG 54685 --- [http-nio-8080-exec-9] org.example.dao.UserMapper.findById      : <==      Total: 1
2026-03-15 12:58:13.288 DEBUG 54685 --- [http-nio-8080-exec-9] org.example.dao.UserMapper.findById      : ==>  Preparing: SELECT * FROM user WHERE id = ?
2026-03-15 12:58:13.288 DEBUG 54685 --- [http-nio-8080-exec-9] org.example.dao.UserMapper.findById      : ==> Parameters: 15(Integer)
2026-03-15 12:58:13.289 DEBUG 54685 --- [http-nio-8080-exec-9] org.example.dao.UserMapper.findById      : <==      Total: 1
2026-03-15 12:58:13.289 DEBUG 54685 --- [http-nio-8080-exec-9] org.example.dao.UserMapper.findById      : ==>  Preparing: SELECT * FROM user WHERE id = ?
2026-03-15 12:58:13.289 DEBUG 54685 --- [http-nio-8080-exec-9] org.example.dao.UserMapper.findById      : ==> Parameters: 15(Integer)
2026-03-15 12:58:13.290 DEBUG 54685 --- [http-nio-8080-exec-9] org.example.dao.UserMapper.findById      : <==      Total: 1
2026-03-15 12:58:13.290 DEBUG 54685 --- [http-nio-8080-exec-9] org.example.dao.UserMapper.findById      : ==>  Preparing: SELECT * FROM user WHERE id = ?
2026-03-15 12:58:13.291 DEBUG 54685 --- [http-nio-8080-exec-9] org.example.dao.UserMapper.findById      : ==> Parameters: 15(Integer)
2026-03-15 12:58:13.291 DEBUG 54685 --- [http-nio-8080-exec-9] org.example.dao.UserMapper.findById      : <==      Total: 1
2026-03-15 12:58:13.292 DEBUG 54685 --- [http-nio-8080-exec-9] m.m.a.RequestResponseBodyMethodProcessor : Using 'application/json', given [*/*] and supported [application/json, application/*+json, application/json, application/*+json]
2026-03-15 12:58:13.292 DEBUG 54685 --- [http-nio-8080-exec-9] m.m.a.RequestResponseBodyMethodProcessor : Writing [org.example.common.ResponseResult@32e46f07]
2026-03-15 12:58:13.293 DEBUG 54685 --- [http-nio-8080-exec-9] o.s.web.servlet.DispatcherServlet        : Completed 200 OK
2026-03-15 12:58:19.884 DEBUG 54685 --- [http-nio-8080-exec-5] o.s.web.servlet.DispatcherServlet        : GET "/api/chat/contacts", parameters={}
2026-03-15 12:58:19.886 DEBUG 54685 --- [http-nio-8080-exec-5] s.w.s.m.m.a.RequestMappingHandlerMapping : Mapped to org.example.controller.ChatController#getRecentContacts(HttpServletRequest)
2026-03-15 12:58:19.895 DEBUG 54685 --- [http-nio-8080-exec-5] o.e.d.C.findRecentContacts               : ==>  Preparing: SELECT m.*, CASE WHEN m.sender_id = 0 THEN '系统通知' ELSE u.name END as sender_name, CASE WHEN m.sender_id = 0 THEN '/static/logo.png' ELSE u.avatar END as sender_avatar, (SELECT COUNT(*) FROM chat_message cm WHERE cm.sender_id = contact_id AND cm.receiver_id = ? AND cm.is_read = 0) as unread_count FROM ( SELECT CASE WHEN sender_id = ? THEN receiver_id ELSE sender_id END as contact_id, MAX(create_time) as max_time FROM chat_message WHERE sender_id = ? OR receiver_id = ? GROUP BY contact_id ) t JOIN chat_message m ON ( (m.sender_id = ? AND m.receiver_id = t.contact_id) OR (m.sender_id = t.contact_id AND m.receiver_id = ?) ) AND m.create_time = t.max_time LEFT JOIN user u ON u.id = t.contact_id ORDER BY m.create_time DESC
2026-03-15 12:58:19.895 DEBUG 54685 --- [http-nio-8080-exec-5] o.e.d.C.findRecentContacts               : ==> Parameters: 21(Integer), 21(Integer), 21(Integer), 21(Integer), 21(Integer), 21(Integer)
2026-03-15 12:58:19.901 DEBUG 54685 --- [http-nio-8080-exec-5] o.e.d.C.findRecentContacts               : <==      Total: 2
2026-03-15 12:58:19.902 DEBUG 54685 --- [http-nio-8080-exec-5] m.m.a.RequestResponseBodyMethodProcessor : Using 'application/json', given [*/*] and supported [application/json, application/*+json, application/json, application/*+json]
2026-03-15 12:58:19.902 DEBUG 54685 --- [http-nio-8080-exec-5] m.m.a.RequestResponseBodyMethodProcessor : Writing [org.example.common.ResponseResult@35bb1a58]
2026-03-15 12:58:19.903 DEBUG 54685 --- [http-nio-8080-exec-5] o.s.web.servlet.DispatcherServlet        : Completed 200 OK
2026-03-15 12:58:19.906 DEBUG 54685 --- [http-nio-8080-exec-1] o.s.web.servlet.DispatcherServlet        : GET "/api/chat/contacts", parameters={}
2026-03-15 12:58:19.906 DEBUG 54685 --- [http-nio-8080-exec-1] s.w.s.m.m.a.RequestMappingHandlerMapping : Mapped to org.example.controller.ChatController#getRecentContacts(HttpServletRequest)
2026-03-15 12:58:19.912 DEBUG 54685 --- [http-nio-8080-exec-1] o.e.d.C.findRecentContacts               : ==>  Preparing: SELECT m.*, CASE WHEN m.sender_id = 0 THEN '系统通知' ELSE u.name END as sender_name, CASE WHEN m.sender_id = 0 THEN '/static/logo.png' ELSE u.avatar END as sender_avatar, (SELECT COUNT(*) FROM chat_message cm WHERE cm.sender_id = contact_id AND cm.receiver_id = ? AND cm.is_read = 0) as unread_count FROM ( SELECT CASE WHEN sender_id = ? THEN receiver_id ELSE sender_id END as contact_id, MAX(create_time) as max_time FROM chat_message WHERE sender_id = ? OR receiver_id = ? GROUP BY contact_id ) t JOIN chat_message m ON ( (m.sender_id = ? AND m.receiver_id = t.contact_id) OR (m.sender_id = t.contact_id AND m.receiver_id = ?) ) AND m.create_time = t.max_time LEFT JOIN user u ON u.id = t.contact_id ORDER BY m.create_time DESC
2026-03-15 12:58:19.913 DEBUG 54685 --- [http-nio-8080-exec-1] o.e.d.C.findRecentContacts               : ==> Parameters: 21(Integer), 21(Integer), 21(Integer), 21(Integer), 21(Integer), 21(Integer)
2026-03-15 12:58:19.917 DEBUG 54685 --- [http-nio-8080-exec-1] o.e.d.C.findRecentContacts               : <==      Total: 2
2026-03-15 12:58:19.921 DEBUG 54685 --- [http-nio-8080-exec-1] m.m.a.RequestResponseBodyMethodProcessor : Using 'application/json', given [*/*] and supported [application/json, application/*+json, application/json, application/*+json]
2026-03-15 12:58:19.921 DEBUG 54685 --- [http-nio-8080-exec-1] m.m.a.RequestResponseBodyMethodProcessor : Writing [org.example.common.ResponseResult@6676841c]
2026-03-15 12:58:19.921 DEBUG 54685 --- [http-nio-8080-exec-1] o.s.web.servlet.DispatcherServlet        : Completed 200 OK
2026-03-15 12:58:19.925 DEBUG 54685 --- [http-nio-8080-exec-6] o.s.web.servlet.DispatcherServlet        : GET "/ws/chat?userId=21", parameters={masked}
2026-03-15 12:58:19.926 DEBUG 54685 --- [http-nio-8080-exec-6] o.s.w.s.s.s.WebSocketHandlerMapping      : Mapped to org.springframework.web.socket.server.support.WebSocketHttpRequestHandler@7eee6c13
2026-03-15 12:58:19.926 DEBUG 54685 --- [http-nio-8080-exec-6] o.s.w.s.s.s.WebSocketHttpRequestHandler  : GET /ws/chat
2026-03-15 12:58:19.926 DEBUG 54685 --- [http-nio-8080-exec-6] o.s.web.servlet.DispatcherServlet        : Completed 101 SWITCHING_PROTOCOLS
2026-03-15 12:58:19.927 DEBUG 54685 --- [http-nio-8080-exec-6] s.w.s.h.LoggingWebSocketHandlerDecorator : New StandardWebSocketSession[id=9355b294-0706-8a35-2b6b-38f6163d035a, uri=ws://localhost:8080/ws/chat?userId=21]
2026-03-15 12:58:19.927  INFO 54685 --- [http-nio-8080-exec-6] o.example.handler.ChatWebSocketHandler   : 聊天 WebSocket 连接建立: 用户 21
2026-03-15 12:58:20.744 DEBUG 54685 --- [http-nio-8080-exec-7] o.s.web.servlet.DispatcherServlet        : POST "/api/chat/read?senderId=15", parameters={masked}
2026-03-15 12:58:20.745 DEBUG 54685 --- [http-nio-8080-exec-7] s.w.s.m.m.a.RequestMappingHandlerMapping : Mapped to org.example.controller.ChatController#markAsRead(Integer, HttpServletRequest)
2026-03-15 12:58:20.749 DEBUG 54685 --- [http-nio-8080-exec-7] o.e.dao.ChatMessageMapper.markAsRead     : ==>  Preparing: UPDATE chat_message SET is_read = 1 WHERE sender_id = ? AND receiver_id = ? AND is_read = 0
2026-03-15 12:58:20.749 DEBUG 54685 --- [http-nio-8080-exec-7] o.e.dao.ChatMessageMapper.markAsRead     : ==> Parameters: 15(Integer), 21(Integer)
2026-03-15 12:58:20.754 DEBUG 54685 --- [http-nio-8080-exec-7] o.e.dao.ChatMessageMapper.markAsRead     : <==    Updates: 0
2026-03-15 12:58:20.755  INFO 54685 --- [http-nio-8080-exec-7] o.example.service.impl.ChatServiceImpl   : 已发送已读回执: 接收者21 -> 发送者15
2026-03-15 12:58:20.756 DEBUG 54685 --- [http-nio-8080-exec-7] m.m.a.RequestResponseBodyMethodProcessor : Using 'application/json', given [*/*] and supported [application/json, application/*+json, application/json, application/*+json]
2026-03-15 12:58:20.756 DEBUG 54685 --- [http-nio-8080-exec-7] m.m.a.RequestResponseBodyMethodProcessor : Writing [org.example.common.ResponseResult@32e52110]
2026-03-15 12:58:20.757 DEBUG 54685 --- [http-nio-8080-exec-7] o.s.web.servlet.DispatcherServlet        : Completed 200 OK
2026-03-15 12:58:20.803 DEBUG 54685 --- [http-nio-8080-exec-2] o.s.web.servlet.DispatcherServlet        : GET "/api/chat/history?targetUserId=15&page=1&pageSize=20", parameters={masked}
2026-03-15 12:58:20.803 DEBUG 54685 --- [http-nio-8080-exec-2] s.w.s.m.m.a.RequestMappingHandlerMapping : Mapped to org.example.controller.ChatController#getHistory(Integer, HttpServletRequest)
2026-03-15 12:58:20.806 DEBUG 54685 --- [http-nio-8080-exec-2] o.e.dao.ChatMessageMapper.findHistory    : ==>  Preparing: SELECT m.*, u.name as sender_name, u.avatar as sender_avatar FROM chat_message m LEFT JOIN user u ON m.sender_id = u.id WHERE (m.sender_id = ? AND m.receiver_id = ?) OR (m.sender_id = ? AND m.receiver_id = ?) ORDER BY m.create_time ASC
2026-03-15 12:58:20.806 DEBUG 54685 --- [http-nio-8080-exec-2] o.e.dao.ChatMessageMapper.findHistory    : ==> Parameters: 21(Integer), 15(Integer), 15(Integer), 21(Integer)
2026-03-15 12:58:20.806 DEBUG 54685 --- [http-nio-8080-exec-9] o.s.web.servlet.DispatcherServlet        : GET "/ws/chat?userId=21", parameters={masked}
2026-03-15 12:58:20.806 DEBUG 54685 --- [http-nio-8080-exec-9] o.s.w.s.s.s.WebSocketHandlerMapping      : Mapped to org.springframework.web.socket.server.support.WebSocketHttpRequestHandler@7eee6c13
2026-03-15 12:58:20.807 DEBUG 54685 --- [http-nio-8080-exec-9] o.s.w.s.s.s.WebSocketHttpRequestHandler  : GET /ws/chat
2026-03-15 12:58:20.807 DEBUG 54685 --- [http-nio-8080-exec-9] o.s.web.servlet.DispatcherServlet        : Completed 101 SWITCHING_PROTOCOLS
2026-03-15 12:58:20.808 DEBUG 54685 --- [http-nio-8080-exec-9] s.w.s.h.LoggingWebSocketHandlerDecorator : New StandardWebSocketSession[id=07349dab-e586-6a72-fa5e-e8c71d90100f, uri=ws://localhost:8080/ws/chat?userId=21]
2026-03-15 12:58:20.808  INFO 54685 --- [http-nio-8080-exec-9] o.example.handler.ChatWebSocketHandler   : 聊天 WebSocket 连接建立: 用户 21
2026-03-15 12:58:20.811 DEBUG 54685 --- [http-nio-8080-exec-2] o.e.dao.ChatMessageMapper.findHistory    : <==      Total: 34
2026-03-15 12:58:20.814 DEBUG 54685 --- [http-nio-8080-exec-2] m.m.a.RequestResponseBodyMethodProcessor : Using 'application/json', given [*/*] and supported [application/json, application/*+json, application/json, application/*+json]
2026-03-15 12:58:20.814 DEBUG 54685 --- [http-nio-8080-exec-2] m.m.a.RequestResponseBodyMethodProcessor : Writing [org.example.common.ResponseResult@2029c84]
2026-03-15 12:58:20.818 DEBUG 54685 --- [http-nio-8080-exec-2] o.s.web.servlet.DispatcherServlet        : Completed 200 OK
2026-03-15 12:58:28.232 DEBUG 54685 --- [http-nio-8080-exec-3] o.s.web.servlet.DispatcherServlet        : GET "/attendant/orders?attendantId=21&page=0&size=50", parameters={masked}
2026-03-15 12:58:28.233 DEBUG 54685 --- [http-nio-8080-exec-3] s.w.s.m.m.a.RequestMappingHandlerMapping : Mapped to org.example.controller.AttendantController#getAttendantOrders(Integer, Integer, Integer, String)
2026-03-15 12:58:28.238 DEBUG 54685 --- [http-nio-8080-exec-3] o.e.d.O.findAllOrdersWithPagination      : ==>  Preparing: SELECT * FROM `order` ORDER BY create_time DESC LIMIT ?, ?
2026-03-15 12:58:28.238 DEBUG 54685 --- [http-nio-8080-exec-3] o.e.d.O.findAllOrdersWithPagination      : ==> Parameters: 0(Integer), 1000(Integer)
2026-03-15 12:58:28.244 DEBUG 54685 --- [http-nio-8080-exec-3] o.e.d.O.findAllOrdersWithPagination      : <==      Total: 19
2026-03-15 12:58:28.245 DEBUG 54685 --- [http-nio-8080-exec-3] org.example.dao.UserMapper.findById      : ==>  Preparing: SELECT * FROM user WHERE id = ?
2026-03-15 12:58:28.245 DEBUG 54685 --- [http-nio-8080-exec-3] org.example.dao.UserMapper.findById      : ==> Parameters: 15(Integer)
2026-03-15 12:58:28.246 DEBUG 54685 --- [http-nio-8080-exec-3] org.example.dao.UserMapper.findById      : <==      Total: 1
2026-03-15 12:58:28.246 DEBUG 54685 --- [http-nio-8080-exec-3] org.example.dao.UserMapper.findById      : ==>  Preparing: SELECT * FROM user WHERE id = ?
2026-03-15 12:58:28.246 DEBUG 54685 --- [http-nio-8080-exec-3] org.example.dao.UserMapper.findById      : ==> Parameters: 15(Integer)
2026-03-15 12:58:28.247 DEBUG 54685 --- [http-nio-8080-exec-3] org.example.dao.UserMapper.findById      : <==      Total: 1
2026-03-15 12:58:28.247 DEBUG 54685 --- [http-nio-8080-exec-3] org.example.dao.UserMapper.findById      : ==>  Preparing: SELECT * FROM user WHERE id = ?
2026-03-15 12:58:28.247 DEBUG 54685 --- [http-nio-8080-exec-3] org.example.dao.UserMapper.findById      : ==> Parameters: 15(Integer)
2026-03-15 12:58:28.248 DEBUG 54685 --- [http-nio-8080-exec-3] org.example.dao.UserMapper.findById      : <==      Total: 1
2026-03-15 12:58:28.248 DEBUG 54685 --- [http-nio-8080-exec-3] org.example.dao.UserMapper.findById      : ==>  Preparing: SELECT * FROM user WHERE id = ?
2026-03-15 12:58:28.248 DEBUG 54685 --- [http-nio-8080-exec-3] org.example.dao.UserMapper.findById      : ==> Parameters: 15(Integer)
2026-03-15 12:58:28.249 DEBUG 54685 --- [http-nio-8080-exec-3] org.example.dao.UserMapper.findById      : <==      Total: 1
2026-03-15 12:58:28.249 DEBUG 54685 --- [http-nio-8080-exec-3] org.example.dao.UserMapper.findById      : ==>  Preparing: SELECT * FROM user WHERE id = ?
2026-03-15 12:58:28.249 DEBUG 54685 --- [http-nio-8080-exec-3] org.example.dao.UserMapper.findById      : ==> Parameters: 15(Integer)
2026-03-15 12:58:28.251 DEBUG 54685 --- [http-nio-8080-exec-3] org.example.dao.UserMapper.findById      : <==      Total: 1
2026-03-15 12:58:28.251 DEBUG 54685 --- [http-nio-8080-exec-3] org.example.dao.UserMapper.findById      : ==>  Preparing: SELECT * FROM user WHERE id = ?
2026-03-15 12:58:28.251 DEBUG 54685 --- [http-nio-8080-exec-3] org.example.dao.UserMapper.findById      : ==> Parameters: 15(Integer)
2026-03-15 12:58:28.252 DEBUG 54685 --- [http-nio-8080-exec-3] org.example.dao.UserMapper.findById      : <==      Total: 1
2026-03-15 12:58:28.252 DEBUG 54685 --- [http-nio-8080-exec-3] org.example.dao.UserMapper.findById      : ==>  Preparing: SELECT * FROM user WHERE id = ?
2026-03-15 12:58:28.252 DEBUG 54685 --- [http-nio-8080-exec-3] org.example.dao.UserMapper.findById      : ==> Parameters: 15(Integer)
2026-03-15 12:58:28.252 DEBUG 54685 --- [http-nio-8080-exec-3] org.example.dao.UserMapper.findById      : <==      Total: 1
2026-03-15 12:58:28.253 DEBUG 54685 --- [http-nio-8080-exec-3] org.example.dao.UserMapper.findById      : ==>  Preparing: SELECT * FROM user WHERE id = ?
2026-03-15 12:58:28.253 DEBUG 54685 --- [http-nio-8080-exec-3] org.example.dao.UserMapper.findById      : ==> Parameters: 15(Integer)
2026-03-15 12:58:28.253 DEBUG 54685 --- [http-nio-8080-exec-3] org.example.dao.UserMapper.findById      : <==      Total: 1
2026-03-15 12:58:28.253 DEBUG 54685 --- [http-nio-8080-exec-3] org.example.dao.UserMapper.findById      : ==>  Preparing: SELECT * FROM user WHERE id = ?
2026-03-15 12:58:28.254 DEBUG 54685 --- [http-nio-8080-exec-3] org.example.dao.UserMapper.findById      : ==> Parameters: 15(Integer)
2026-03-15 12:58:28.254 DEBUG 54685 --- [http-nio-8080-exec-3] org.example.dao.UserMapper.findById      : <==      Total: 1
2026-03-15 12:58:28.254 DEBUG 54685 --- [http-nio-8080-exec-3] org.example.dao.UserMapper.findById      : ==>  Preparing: SELECT * FROM user WHERE id = ?
2026-03-15 12:58:28.254 DEBUG 54685 --- [http-nio-8080-exec-3] org.example.dao.UserMapper.findById      : ==> Parameters: 15(Integer)
2026-03-15 12:58:28.255 DEBUG 54685 --- [http-nio-8080-exec-3] org.example.dao.UserMapper.findById      : <==      Total: 1
2026-03-15 12:58:28.255 DEBUG 54685 --- [http-nio-8080-exec-3] org.example.dao.UserMapper.findById      : ==>  Preparing: SELECT * FROM user WHERE id = ?
2026-03-15 12:58:28.255 DEBUG 54685 --- [http-nio-8080-exec-3] org.example.dao.UserMapper.findById      : ==> Parameters: 15(Integer)
2026-03-15 12:58:28.255 DEBUG 54685 --- [http-nio-8080-exec-3] org.example.dao.UserMapper.findById      : <==      Total: 1
2026-03-15 12:58:28.255 DEBUG 54685 --- [http-nio-8080-exec-3] org.example.dao.UserMapper.findById      : ==>  Preparing: SELECT * FROM user WHERE id = ?
2026-03-15 12:58:28.255 DEBUG 54685 --- [http-nio-8080-exec-3] org.example.dao.UserMapper.findById      : ==> Parameters: 15(Integer)
2026-03-15 12:58:28.256 DEBUG 54685 --- [http-nio-8080-exec-3] org.example.dao.UserMapper.findById      : <==      Total: 1
2026-03-15 12:58:28.256 DEBUG 54685 --- [http-nio-8080-exec-3] org.example.dao.UserMapper.findById      : ==>  Preparing: SELECT * FROM user WHERE id = ?
2026-03-15 12:58:28.256 DEBUG 54685 --- [http-nio-8080-exec-3] org.example.dao.UserMapper.findById      : ==> Parameters: 15(Integer)
2026-03-15 12:58:28.257 DEBUG 54685 --- [http-nio-8080-exec-3] org.example.dao.UserMapper.findById      : <==      Total: 1
2026-03-15 12:58:28.257 DEBUG 54685 --- [http-nio-8080-exec-3] m.m.a.RequestResponseBodyMethodProcessor : Using 'application/json', given [*/*] and supported [application/json, application/*+json, application/json, application/*+json]
2026-03-15 12:58:28.257 DEBUG 54685 --- [http-nio-8080-exec-3] m.m.a.RequestResponseBodyMethodProcessor : Writing [org.example.common.ResponseResult@59673376]
2026-03-15 12:58:28.258 DEBUG 54685 --- [http-nio-8080-exec-3] o.s.web.servlet.DispatcherServlet        : Completed 200 OK
2026-03-15 12:58:29.434 DEBUG 54685 --- [http-nio-8080-exec-1] o.s.web.servlet.DispatcherServlet        : POST "/api/chat/send", parameters={}
2026-03-15 12:58:29.435 DEBUG 54685 --- [http-nio-8080-exec-1] s.w.s.m.m.a.RequestMappingHandlerMapping : Mapped to org.example.controller.ChatController#sendMessage(ChatMessage, HttpServletRequest)
2026-03-15 12:58:29.438 DEBUG 54685 --- [http-nio-8080-exec-1] m.m.a.RequestResponseBodyMethodProcessor : Read "application/json;charset=UTF-8" to [ChatMessage(id=null, senderId=null, receiverId=15, content=22, msgType=1, isRead=null, createTime=nu (truncated)...]
2026-03-15 12:58:29.440 DEBUG 54685 --- [http-nio-8080-exec-1] org.example.dao.UserMapper.findById      : ==>  Preparing: SELECT * FROM user WHERE id = ?
2026-03-15 12:58:29.441 DEBUG 54685 --- [http-nio-8080-exec-1] org.example.dao.UserMapper.findById      : ==> Parameters: 21(Integer)
2026-03-15 12:58:29.441 DEBUG 54685 --- [http-nio-8080-exec-1] org.example.dao.UserMapper.findById      : <==      Total: 1
2026-03-15 12:58:29.442 DEBUG 54685 --- [http-nio-8080-exec-1] o.example.dao.ChatMessageMapper.insert   : ==>  Preparing: INSERT INTO chat_message (sender_id, receiver_id, content, msg_type, is_read, create_time) VALUES (?, ?, ?, ?, 0, NOW())
2026-03-15 12:58:29.442 DEBUG 54685 --- [http-nio-8080-exec-1] o.example.dao.ChatMessageMapper.insert   : ==> Parameters: 21(Integer), 15(Integer), 22(String), 1(Integer)
2026-03-15 12:58:29.444 DEBUG 54685 --- [http-nio-8080-exec-1] o.example.dao.ChatMessageMapper.insert   : <==    Updates: 1
2026-03-15 12:58:29.447 DEBUG 54685 --- [http-nio-8080-exec-1] m.m.a.RequestResponseBodyMethodProcessor : Using 'application/json', given [*/*] and supported [application/json, application/*+json, application/json, application/*+json]
2026-03-15 12:58:29.447 DEBUG 54685 --- [http-nio-8080-exec-1] m.m.a.RequestResponseBodyMethodProcessor : Writing [org.example.common.ResponseResult@18b5ede7]
2026-03-15 12:58:29.448 DEBUG 54685 --- [http-nio-8080-exec-1] o.s.web.servlet.DispatcherServlet        : Completed 200 OK
2026-03-15 12:58:29.457 DEBUG 54685 --- [http-nio-8080-exec-7] o.s.web.servlet.DispatcherServlet        : GET "/api/chat/contacts", parameters={}
2026-03-15 12:58:29.457 DEBUG 54685 --- [http-nio-8080-exec-7] s.w.s.m.m.a.RequestMappingHandlerMapping : Mapped to org.example.controller.ChatController#getRecentContacts(HttpServletRequest)
2026-03-15 12:58:29.459 DEBUG 54685 --- [http-nio-8080-exec-7] o.e.d.C.findRecentContacts               : ==>  Preparing: SELECT m.*, CASE WHEN m.sender_id = 0 THEN '系统通知' ELSE u.name END as sender_name, CASE WHEN m.sender_id = 0 THEN '/static/logo.png' ELSE u.avatar END as sender_avatar, (SELECT COUNT(*) FROM chat_message cm WHERE cm.sender_id = contact_id AND cm.receiver_id = ? AND cm.is_read = 0) as unread_count FROM ( SELECT CASE WHEN sender_id = ? THEN receiver_id ELSE sender_id END as contact_id, MAX(create_time) as max_time FROM chat_message WHERE sender_id = ? OR receiver_id = ? GROUP BY contact_id ) t JOIN chat_message m ON ( (m.sender_id = ? AND m.receiver_id = t.contact_id) OR (m.sender_id = t.contact_id AND m.receiver_id = ?) ) AND m.create_time = t.max_time LEFT JOIN user u ON u.id = t.contact_id ORDER BY m.create_time DESC
2026-03-15 12:58:29.459 DEBUG 54685 --- [http-nio-8080-exec-7] o.e.d.C.findRecentContacts               : ==> Parameters: 21(Integer), 21(Integer), 21(Integer), 21(Integer), 21(Integer), 21(Integer)
2026-03-15 12:58:29.462 DEBUG 54685 --- [http-nio-8080-exec-7] o.e.d.C.findRecentContacts               : <==      Total: 2
2026-03-15 12:58:29.463 DEBUG 54685 --- [http-nio-8080-exec-7] m.m.a.RequestResponseBodyMethodProcessor : Using 'application/json', given [*/*] and supported [application/json, application/*+json, application/json, application/*+json]
2026-03-15 12:58:29.463 DEBUG 54685 --- [http-nio-8080-exec-7] m.m.a.RequestResponseBodyMethodProcessor : Writing [org.example.common.ResponseResult@4c7e9ce5]
2026-03-15 12:58:29.463 DEBUG 54685 --- [http-nio-8080-exec-7] o.s.web.servlet.DispatcherServlet        : Completed 200 OK
2026-03-15 12:58:29.465 DEBUG 54685 --- [http-nio-8080-exec-10] o.s.web.servlet.DispatcherServlet        : GET "/api/chat/contacts", parameters={}
2026-03-15 12:58:29.465 DEBUG 54685 --- [http-nio-8080-exec-10] s.w.s.m.m.a.RequestMappingHandlerMapping : Mapped to org.example.controller.ChatController#getRecentContacts(HttpServletRequest)
2026-03-15 12:58:29.467 DEBUG 54685 --- [http-nio-8080-exec-10] o.e.d.C.findRecentContacts               : ==>  Preparing: SELECT m.*, CASE WHEN m.sender_id = 0 THEN '系统通知' ELSE u.name END as sender_name, CASE WHEN m.sender_id = 0 THEN '/static/logo.png' ELSE u.avatar END as sender_avatar, (SELECT COUNT(*) FROM chat_message cm WHERE cm.sender_id = contact_id AND cm.receiver_id = ? AND cm.is_read = 0) as unread_count FROM ( SELECT CASE WHEN sender_id = ? THEN receiver_id ELSE sender_id END as contact_id, MAX(create_time) as max_time FROM chat_message WHERE sender_id = ? OR receiver_id = ? GROUP BY contact_id ) t JOIN chat_message m ON ( (m.sender_id = ? AND m.receiver_id = t.contact_id) OR (m.sender_id = t.contact_id AND m.receiver_id = ?) ) AND m.create_time = t.max_time LEFT JOIN user u ON u.id = t.contact_id ORDER BY m.create_time DESC
2026-03-15 12:58:29.467 DEBUG 54685 --- [http-nio-8080-exec-10] o.e.d.C.findRecentContacts               : ==> Parameters: 21(Integer), 21(Integer), 21(Integer), 21(Integer), 21(Integer), 21(Integer)
2026-03-15 12:58:29.469 DEBUG 54685 --- [http-nio-8080-exec-10] o.e.d.C.findRecentContacts               : <==      Total: 2
2026-03-15 12:58:29.469 DEBUG 54685 --- [http-nio-8080-exec-10] m.m.a.RequestResponseBodyMethodProcessor : Using 'application/json', given [*/*] and supported [application/json, application/*+json, application/json, application/*+json]
2026-03-15 12:58:29.469 DEBUG 54685 --- [http-nio-8080-exec-10] m.m.a.RequestResponseBodyMethodProcessor : Writing [org.example.common.ResponseResult@4aded41e]
2026-03-15 12:58:29.470 DEBUG 54685 --- [http-nio-8080-exec-10] o.s.web.servlet.DispatcherServlet        : Completed 200 OK
2026-03-15 12:58:32.253 DEBUG 54685 --- [http-nio-8080-exec-9] o.s.web.servlet.DispatcherServlet        : POST "/api/chat/send", parameters={}
2026-03-15 12:58:32.254 DEBUG 54685 --- [http-nio-8080-exec-9] s.w.s.m.m.a.RequestMappingHandlerMapping : Mapped to org.example.controller.ChatController#sendMessage(ChatMessage, HttpServletRequest)
2026-03-15 12:58:32.256 DEBUG 54685 --- [http-nio-8080-exec-9] m.m.a.RequestResponseBodyMethodProcessor : Read "application/json;charset=UTF-8" to [ChatMessage(id=null, senderId=null, receiverId=15, content=11, msgType=1, isRead=null, createTime=nu (truncated)...]
2026-03-15 12:58:32.257 DEBUG 54685 --- [http-nio-8080-exec-9] org.example.dao.UserMapper.findById      : ==>  Preparing: SELECT * FROM user WHERE id = ?
2026-03-15 12:58:32.258 DEBUG 54685 --- [http-nio-8080-exec-9] org.example.dao.UserMapper.findById      : ==> Parameters: 21(Integer)
2026-03-15 12:58:32.259 DEBUG 54685 --- [http-nio-8080-exec-9] org.example.dao.UserMapper.findById      : <==      Total: 1
2026-03-15 12:58:32.259 DEBUG 54685 --- [http-nio-8080-exec-9] o.example.dao.ChatMessageMapper.insert   : ==>  Preparing: INSERT INTO chat_message (sender_id, receiver_id, content, msg_type, is_read, create_time) VALUES (?, ?, ?, ?, 0, NOW())
2026-03-15 12:58:32.259 DEBUG 54685 --- [http-nio-8080-exec-9] o.example.dao.ChatMessageMapper.insert   : ==> Parameters: 21(Integer), 15(Integer), 11(String), 1(Integer)
2026-03-15 12:58:32.260 DEBUG 54685 --- [http-nio-8080-exec-9] o.example.dao.ChatMessageMapper.insert   : <==    Updates: 1
2026-03-15 12:58:32.263 DEBUG 54685 --- [http-nio-8080-exec-9] m.m.a.RequestResponseBodyMethodProcessor : Using 'application/json', given [*/*] and supported [application/json, application/*+json, application/json, application/*+json]
2026-03-15 12:58:32.263 DEBUG 54685 --- [http-nio-8080-exec-9] m.m.a.RequestResponseBodyMethodProcessor : Writing [org.example.common.ResponseResult@1a999614]
2026-03-15 12:58:32.264 DEBUG 54685 --- [http-nio-8080-exec-9] o.s.web.servlet.DispatcherServlet        : Completed 200 OK
2026-03-15 12:58:32.278 DEBUG 54685 --- [http-nio-8080-exec-2] o.s.web.servlet.DispatcherServlet        : GET "/api/chat/contacts", parameters={}
2026-03-15 12:58:32.278 DEBUG 54685 --- [http-nio-8080-exec-2] s.w.s.m.m.a.RequestMappingHandlerMapping : Mapped to org.example.controller.ChatController#getRecentContacts(HttpServletRequest)
2026-03-15 12:58:32.280 DEBUG 54685 --- [http-nio-8080-exec-2] o.e.d.C.findRecentContacts               : ==>  Preparing: SELECT m.*, CASE WHEN m.sender_id = 0 THEN '系统通知' ELSE u.name END as sender_name, CASE WHEN m.sender_id = 0 THEN '/static/logo.png' ELSE u.avatar END as sender_avatar, (SELECT COUNT(*) FROM chat_message cm WHERE cm.sender_id = contact_id AND cm.receiver_id = ? AND cm.is_read = 0) as unread_count FROM ( SELECT CASE WHEN sender_id = ? THEN receiver_id ELSE sender_id END as contact_id, MAX(create_time) as max_time FROM chat_message WHERE sender_id = ? OR receiver_id = ? GROUP BY contact_id ) t JOIN chat_message m ON ( (m.sender_id = ? AND m.receiver_id = t.contact_id) OR (m.sender_id = t.contact_id AND m.receiver_id = ?) ) AND m.create_time = t.max_time LEFT JOIN user u ON u.id = t.contact_id ORDER BY m.create_time DESC
2026-03-15 12:58:32.280 DEBUG 54685 --- [http-nio-8080-exec-2] o.e.d.C.findRecentContacts               : ==> Parameters: 21(Integer), 21(Integer), 21(Integer), 21(Integer), 21(Integer), 21(Integer)
2026-03-15 12:58:32.284 DEBUG 54685 --- [http-nio-8080-exec-2] o.e.d.C.findRecentContacts               : <==      Total: 2
2026-03-15 12:58:32.285 DEBUG 54685 --- [http-nio-8080-exec-2] m.m.a.RequestResponseBodyMethodProcessor : Using 'application/json', given [*/*] and supported [application/json, application/*+json, application/json, application/*+json]
2026-03-15 12:58:32.286 DEBUG 54685 --- [http-nio-8080-exec-2] m.m.a.RequestResponseBodyMethodProcessor : Writing [org.example.common.ResponseResult@4cdfd15d]
2026-03-15 12:58:32.286 DEBUG 54685 --- [http-nio-8080-exec-2] o.s.web.servlet.DispatcherServlet        : Completed 200 OK
2026-03-15 12:58:32.287 DEBUG 54685 --- [http-nio-8080-exec-8] o.s.web.servlet.DispatcherServlet        : GET "/api/chat/contacts", parameters={}
2026-03-15 12:58:32.287 DEBUG 54685 --- [http-nio-8080-exec-8] s.w.s.m.m.a.RequestMappingHandlerMapping : Mapped to org.example.controller.ChatController#getRecentContacts(HttpServletRequest)
2026-03-15 12:58:32.289 DEBUG 54685 --- [http-nio-8080-exec-8] o.e.d.C.findRecentContacts               : ==>  Preparing: SELECT m.*, CASE WHEN m.sender_id = 0 THEN '系统通知' ELSE u.name END as sender_name, CASE WHEN m.sender_id = 0 THEN '/static/logo.png' ELSE u.avatar END as sender_avatar, (SELECT COUNT(*) FROM chat_message cm WHERE cm.sender_id = contact_id AND cm.receiver_id = ? AND cm.is_read = 0) as unread_count FROM ( SELECT CASE WHEN sender_id = ? THEN receiver_id ELSE sender_id END as contact_id, MAX(create_time) as max_time FROM chat_message WHERE sender_id = ? OR receiver_id = ? GROUP BY contact_id ) t JOIN chat_message m ON ( (m.sender_id = ? AND m.receiver_id = t.contact_id) OR (m.sender_id = t.contact_id AND m.receiver_id = ?) ) AND m.create_time = t.max_time LEFT JOIN user u ON u.id = t.contact_id ORDER BY m.create_time DESC
2026-03-15 12:58:32.289 DEBUG 54685 --- [http-nio-8080-exec-8] o.e.d.C.findRecentContacts               : ==> Parameters: 21(Integer), 21(Integer), 21(Integer), 21(Integer), 21(Integer), 21(Integer)
2026-03-15 12:58:32.291 DEBUG 54685 --- [http-nio-8080-exec-8] o.e.d.C.findRecentContacts               : <==      Total: 2
2026-03-15 12:58:32.291 DEBUG 54685 --- [http-nio-8080-exec-8] m.m.a.RequestResponseBodyMethodProcessor : Using 'application/json', given [*/*] and supported [application/json, application/*+json, application/json, application/*+json]
2026-03-15 12:58:32.291 DEBUG 54685 --- [http-nio-8080-exec-8] m.m.a.RequestResponseBodyMethodProcessor : Writing [org.example.common.ResponseResult@3189ee8e]
2026-03-15 12:58:32.291 DEBUG 54685 --- [http-nio-8080-exec-8] o.s.web.servlet.DispatcherServlet        : Completed 200 OK
2026-03-15 12:58:33.897 DEBUG 54685 --- [http-nio-8080-exec-3] o.s.web.servlet.DispatcherServlet        : POST "/api/chat/send", parameters={}
2026-03-15 12:58:33.897 DEBUG 54685 --- [http-nio-8080-exec-3] s.w.s.m.m.a.RequestMappingHandlerMapping : Mapped to org.example.controller.ChatController#sendMessage(ChatMessage, HttpServletRequest)
2026-03-15 12:58:33.900 DEBUG 54685 --- [http-nio-8080-exec-3] m.m.a.RequestResponseBodyMethodProcessor : Read "application/json;charset=UTF-8" to [ChatMessage(id=null, senderId=null, receiverId=15, content=22, msgType=1, isRead=null, createTime=nu (truncated)...]
2026-03-15 12:58:33.901 DEBUG 54685 --- [http-nio-8080-exec-3] org.example.dao.UserMapper.findById      : ==>  Preparing: SELECT * FROM user WHERE id = ?
2026-03-15 12:58:33.901 DEBUG 54685 --- [http-nio-8080-exec-3] org.example.dao.UserMapper.findById      : ==> Parameters: 21(Integer)
2026-03-15 12:58:33.902 DEBUG 54685 --- [http-nio-8080-exec-3] org.example.dao.UserMapper.findById      : <==      Total: 1
2026-03-15 12:58:33.902 DEBUG 54685 --- [http-nio-8080-exec-3] o.example.dao.ChatMessageMapper.insert   : ==>  Preparing: INSERT INTO chat_message (sender_id, receiver_id, content, msg_type, is_read, create_time) VALUES (?, ?, ?, ?, 0, NOW())
2026-03-15 12:58:33.903 DEBUG 54685 --- [http-nio-8080-exec-3] o.example.dao.ChatMessageMapper.insert   : ==> Parameters: 21(Integer), 15(Integer), 22(String), 1(Integer)
2026-03-15 12:58:33.904 DEBUG 54685 --- [http-nio-8080-exec-3] o.example.dao.ChatMessageMapper.insert   : <==    Updates: 1
2026-03-15 12:58:33.906 DEBUG 54685 --- [http-nio-8080-exec-3] m.m.a.RequestResponseBodyMethodProcessor : Using 'application/json', given [*/*] and supported [application/json, application/*+json, application/json, application/*+json]
2026-03-15 12:58:33.906 DEBUG 54685 --- [http-nio-8080-exec-3] m.m.a.RequestResponseBodyMethodProcessor : Writing [org.example.common.ResponseResult@6258eee2]
2026-03-15 12:58:33.906 DEBUG 54685 --- [http-nio-8080-exec-3] o.s.web.servlet.DispatcherServlet        : Completed 200 OK
2026-03-15 12:58:33.920 DEBUG 54685 --- [http-nio-8080-exec-5] o.s.web.servlet.DispatcherServlet        : GET "/api/chat/contacts", parameters={}
2026-03-15 12:58:33.921 DEBUG 54685 --- [http-nio-8080-exec-5] s.w.s.m.m.a.RequestMappingHandlerMapping : Mapped to org.example.controller.ChatController#getRecentContacts(HttpServletRequest)
2026-03-15 12:58:33.923 DEBUG 54685 --- [http-nio-8080-exec-5] o.e.d.C.findRecentContacts               : ==>  Preparing: SELECT m.*, CASE WHEN m.sender_id = 0 THEN '系统通知' ELSE u.name END as sender_name, CASE WHEN m.sender_id = 0 THEN '/static/logo.png' ELSE u.avatar END as sender_avatar, (SELECT COUNT(*) FROM chat_message cm WHERE cm.sender_id = contact_id AND cm.receiver_id = ? AND cm.is_read = 0) as unread_count FROM ( SELECT CASE WHEN sender_id = ? THEN receiver_id ELSE sender_id END as contact_id, MAX(create_time) as max_time FROM chat_message WHERE sender_id = ? OR receiver_id = ? GROUP BY contact_id ) t JOIN chat_message m ON ( (m.sender_id = ? AND m.receiver_id = t.contact_id) OR (m.sender_id = t.contact_id AND m.receiver_id = ?) ) AND m.create_time = t.max_time LEFT JOIN user u ON u.id = t.contact_id ORDER BY m.create_time DESC
2026-03-15 12:58:33.924 DEBUG 54685 --- [http-nio-8080-exec-5] o.e.d.C.findRecentContacts               : ==> Parameters: 21(Integer), 21(Integer), 21(Integer), 21(Integer), 21(Integer), 21(Integer)
2026-03-15 12:58:33.925 DEBUG 54685 --- [http-nio-8080-exec-5] o.e.d.C.findRecentContacts               : <==      Total: 2
2026-03-15 12:58:33.926 DEBUG 54685 --- [http-nio-8080-exec-5] m.m.a.RequestResponseBodyMethodProcessor : Using 'application/json', given [*/*] and supported [application/json, application/*+json, application/json, application/*+json]
2026-03-15 12:58:33.926 DEBUG 54685 --- [http-nio-8080-exec-5] m.m.a.RequestResponseBodyMethodProcessor : Writing [org.example.common.ResponseResult@65f64ea]
2026-03-15 12:58:33.926 DEBUG 54685 --- [http-nio-8080-exec-5] o.s.web.servlet.DispatcherServlet        : Completed 200 OK
2026-03-15 12:58:33.927 DEBUG 54685 --- [http-nio-8080-exec-1] o.s.web.servlet.DispatcherServlet        : GET "/api/chat/contacts", parameters={}
2026-03-15 12:58:33.928 DEBUG 54685 --- [http-nio-8080-exec-1] s.w.s.m.m.a.RequestMappingHandlerMapping : Mapped to org.example.controller.ChatController#getRecentContacts(HttpServletRequest)
2026-03-15 12:58:33.929 DEBUG 54685 --- [http-nio-8080-exec-1] o.e.d.C.findRecentContacts               : ==>  Preparing: SELECT m.*, CASE WHEN m.sender_id = 0 THEN '系统通知' ELSE u.name END as sender_name, CASE WHEN m.sender_id = 0 THEN '/static/logo.png' ELSE u.avatar END as sender_avatar, (SELECT COUNT(*) FROM chat_message cm WHERE cm.sender_id = contact_id AND cm.receiver_id = ? AND cm.is_read = 0) as unread_count FROM ( SELECT CASE WHEN sender_id = ? THEN receiver_id ELSE sender_id END as contact_id, MAX(create_time) as max_time FROM chat_message WHERE sender_id = ? OR receiver_id = ? GROUP BY contact_id ) t JOIN chat_message m ON ( (m.sender_id = ? AND m.receiver_id = t.contact_id) OR (m.sender_id = t.contact_id AND m.receiver_id = ?) ) AND m.create_time = t.max_time LEFT JOIN user u ON u.id = t.contact_id ORDER BY m.create_time DESC
2026-03-15 12:58:33.929 DEBUG 54685 --- [http-nio-8080-exec-1] o.e.d.C.findRecentContacts               : ==> Parameters: 21(Integer), 21(Integer), 21(Integer), 21(Integer), 21(Integer), 21(Integer)
2026-03-15 12:58:33.931 DEBUG 54685 --- [http-nio-8080-exec-1] o.e.d.C.findRecentContacts               : <==      Total: 2
2026-03-15 12:58:33.931 DEBUG 54685 --- [http-nio-8080-exec-1] m.m.a.RequestResponseBodyMethodProcessor : Using 'application/json', given [*/*] and supported [application/json, application/*+json, application/json, application/*+json]
2026-03-15 12:58:33.931 DEBUG 54685 --- [http-nio-8080-exec-1] m.m.a.RequestResponseBodyMethodProcessor : Writing [org.example.common.ResponseResult@6dc01b8a]
2026-03-15 12:58:33.932 DEBUG 54685 --- [http-nio-8080-exec-1] o.s.web.servlet.DispatcherServlet        : Completed 200 OK
2026-03-15 12:58:36.018 DEBUG 54685 --- [pool-3-thread-1] o.e.d.O.findExpiredUnpaidOrders          : ==>  Preparing: SELECT * FROM `order` WHERE payment_status = 0 AND order_status = 0 AND create_time <= ? ORDER BY create_time ASC
2026-03-15 12:58:36.018 DEBUG 54685 --- [pool-3-thread-1] o.e.d.O.findExpiredUnpaidOrders          : ==> Parameters: 2026-03-15 12:43:36.017(Timestamp)
2026-03-15 12:58:36.020 DEBUG 54685 --- [pool-3-thread-1] o.e.d.O.findExpiredUnpaidOrders          : <==      Total: 0
2026-03-15 12:58:39.301 DEBUG 54685 --- [http-nio-8080-exec-6] o.s.web.servlet.DispatcherServlet        : POST "/api/chat/send", parameters={}
2026-03-15 12:58:39.301 DEBUG 54685 --- [http-nio-8080-exec-6] s.w.s.m.m.a.RequestMappingHandlerMapping : Mapped to org.example.controller.ChatController#sendMessage(ChatMessage, HttpServletRequest)
2026-03-15 12:58:39.305 DEBUG 54685 --- [http-nio-8080-exec-6] m.m.a.RequestResponseBodyMethodProcessor : Read "application/json;charset=UTF-8" to [ChatMessage(id=null, senderId=null, receiverId=15, content=333, msgType=1, isRead=null, createTime=n (truncated)...]
2026-03-15 12:58:39.307 DEBUG 54685 --- [http-nio-8080-exec-6] org.example.dao.UserMapper.findById      : ==>  Preparing: SELECT * FROM user WHERE id = ?
2026-03-15 12:58:39.308 DEBUG 54685 --- [http-nio-8080-exec-6] org.example.dao.UserMapper.findById      : ==> Parameters: 21(Integer)
2026-03-15 12:58:39.309 DEBUG 54685 --- [http-nio-8080-exec-6] org.example.dao.UserMapper.findById      : <==      Total: 1
2026-03-15 12:58:39.309 DEBUG 54685 --- [http-nio-8080-exec-6] o.example.dao.ChatMessageMapper.insert   : ==>  Preparing: INSERT INTO chat_message (sender_id, receiver_id, content, msg_type, is_read, create_time) VALUES (?, ?, ?, ?, 0, NOW())
2026-03-15 12:58:39.309 DEBUG 54685 --- [http-nio-8080-exec-6] o.example.dao.ChatMessageMapper.insert   : ==> Parameters: 21(Integer), 15(Integer), 333(String), 1(Integer)
2026-03-15 12:58:39.310 DEBUG 54685 --- [http-nio-8080-exec-6] o.example.dao.ChatMessageMapper.insert   : <==    Updates: 1
2026-03-15 12:58:39.312 DEBUG 54685 --- [http-nio-8080-exec-6] m.m.a.RequestResponseBodyMethodProcessor : Using 'application/json', given [*/*] and supported [application/json, application/*+json, application/json, application/*+json]
2026-03-15 12:58:39.313 DEBUG 54685 --- [http-nio-8080-exec-6] m.m.a.RequestResponseBodyMethodProcessor : Writing [org.example.common.ResponseResult@5bf28694]
2026-03-15 12:58:39.313 DEBUG 54685 --- [http-nio-8080-exec-6] o.s.web.servlet.DispatcherServlet        : Completed 200 OK
2026-03-15 12:58:39.323 DEBUG 54685 --- [http-nio-8080-exec-9] o.s.web.servlet.DispatcherServlet        : GET "/api/chat/contacts", parameters={}
2026-03-15 12:58:39.323 DEBUG 54685 --- [http-nio-8080-exec-9] s.w.s.m.m.a.RequestMappingHandlerMapping : Mapped to org.example.controller.ChatController#getRecentContacts(HttpServletRequest)
2026-03-15 12:58:39.325 DEBUG 54685 --- [http-nio-8080-exec-9] o.e.d.C.findRecentContacts               : ==>  Preparing: SELECT m.*, CASE WHEN m.sender_id = 0 THEN '系统通知' ELSE u.name END as sender_name, CASE WHEN m.sender_id = 0 THEN '/static/logo.png' ELSE u.avatar END as sender_avatar, (SELECT COUNT(*) FROM chat_message cm WHERE cm.sender_id = contact_id AND cm.receiver_id = ? AND cm.is_read = 0) as unread_count FROM ( SELECT CASE WHEN sender_id = ? THEN receiver_id ELSE sender_id END as contact_id, MAX(create_time) as max_time FROM chat_message WHERE sender_id = ? OR receiver_id = ? GROUP BY contact_id ) t JOIN chat_message m ON ( (m.sender_id = ? AND m.receiver_id = t.contact_id) OR (m.sender_id = t.contact_id AND m.receiver_id = ?) ) AND m.create_time = t.max_time LEFT JOIN user u ON u.id = t.contact_id ORDER BY m.create_time DESC
2026-03-15 12:58:39.325 DEBUG 54685 --- [http-nio-8080-exec-9] o.e.d.C.findRecentContacts               : ==> Parameters: 21(Integer), 21(Integer), 21(Integer), 21(Integer), 21(Integer), 21(Integer)
2026-03-15 12:58:39.327 DEBUG 54685 --- [http-nio-8080-exec-9] o.e.d.C.findRecentContacts               : <==      Total: 2
2026-03-15 12:58:39.328 DEBUG 54685 --- [http-nio-8080-exec-9] m.m.a.RequestResponseBodyMethodProcessor : Using 'application/json', given [*/*] and supported [application/json, application/*+json, application/json, application/*+json]
2026-03-15 12:58:39.328 DEBUG 54685 --- [http-nio-8080-exec-9] m.m.a.RequestResponseBodyMethodProcessor : Writing [org.example.common.ResponseResult@264d199a]
2026-03-15 12:58:39.328 DEBUG 54685 --- [http-nio-8080-exec-9] o.s.web.servlet.DispatcherServlet        : Completed 200 OK
2026-03-15 12:58:39.329 DEBUG 54685 --- [http-nio-8080-exec-2] o.s.web.servlet.DispatcherServlet        : GET "/api/chat/contacts", parameters={}
2026-03-15 12:58:39.330 DEBUG 54685 --- [http-nio-8080-exec-2] s.w.s.m.m.a.RequestMappingHandlerMapping : Mapped to org.example.controller.ChatController#getRecentContacts(HttpServletRequest)
2026-03-15 12:58:39.332 DEBUG 54685 --- [http-nio-8080-exec-2] o.e.d.C.findRecentContacts               : ==>  Preparing: SELECT m.*, CASE WHEN m.sender_id = 0 THEN '系统通知' ELSE u.name END as sender_name, CASE WHEN m.sender_id = 0 THEN '/static/logo.png' ELSE u.avatar END as sender_avatar, (SELECT COUNT(*) FROM chat_message cm WHERE cm.sender_id = contact_id AND cm.receiver_id = ? AND cm.is_read = 0) as unread_count FROM ( SELECT CASE WHEN sender_id = ? THEN receiver_id ELSE sender_id END as contact_id, MAX(create_time) as max_time FROM chat_message WHERE sender_id = ? OR receiver_id = ? GROUP BY contact_id ) t JOIN chat_message m ON ( (m.sender_id = ? AND m.receiver_id = t.contact_id) OR (m.sender_id = t.contact_id AND m.receiver_id = ?) ) AND m.create_time = t.max_time LEFT JOIN user u ON u.id = t.contact_id ORDER BY m.create_time DESC
2026-03-15 12:58:39.332 DEBUG 54685 --- [http-nio-8080-exec-2] o.e.d.C.findRecentContacts               : ==> Parameters: 21(Integer), 21(Integer), 21(Integer), 21(Integer), 21(Integer), 21(Integer)
2026-03-15 12:58:39.334 DEBUG 54685 --- [http-nio-8080-exec-2] o.e.d.C.findRecentContacts               : <==      Total: 2
2026-03-15 12:58:39.334 DEBUG 54685 --- [http-nio-8080-exec-2] m.m.a.RequestResponseBodyMethodProcessor : Using 'application/json', given [*/*] and supported [application/json, application/*+json, application/json, application/*+json]
2026-03-15 12:58:39.335 DEBUG 54685 --- [http-nio-8080-exec-2] m.m.a.RequestResponseBodyMethodProcessor : Writing [org.example.common.ResponseResult@7723da8d]
2026-03-15 12:58:39.335 DEBUG 54685 --- [http-nio-8080-exec-2] o.s.web.servlet.DispatcherServlet        : Completed 200 OK
2026-03-15 12:58:41.011 DEBUG 54685 --- [http-nio-8080-exec-8] o.s.web.servlet.DispatcherServlet        : POST "/api/chat/send", parameters={}
2026-03-15 12:58:41.012 DEBUG 54685 --- [http-nio-8080-exec-8] s.w.s.m.m.a.RequestMappingHandlerMapping : Mapped to org.example.controller.ChatController#sendMessage(ChatMessage, HttpServletRequest)
2026-03-15 12:58:41.014 DEBUG 54685 --- [http-nio-8080-exec-8] m.m.a.RequestResponseBodyMethodProcessor : Read "application/json;charset=UTF-8" to [ChatMessage(id=null, senderId=null, receiverId=15, content=3, msgType=1, isRead=null, createTime=nul (truncated)...]
2026-03-15 12:58:41.015 DEBUG 54685 --- [http-nio-8080-exec-8] org.example.dao.UserMapper.findById      : ==>  Preparing: SELECT * FROM user WHERE id = ?
2026-03-15 12:58:41.016 DEBUG 54685 --- [http-nio-8080-exec-8] org.example.dao.UserMapper.findById      : ==> Parameters: 21(Integer)
2026-03-15 12:58:41.018 DEBUG 54685 --- [http-nio-8080-exec-8] org.example.dao.UserMapper.findById      : <==      Total: 1
2026-03-15 12:58:41.018 DEBUG 54685 --- [http-nio-8080-exec-8] o.example.dao.ChatMessageMapper.insert   : ==>  Preparing: INSERT INTO chat_message (sender_id, receiver_id, content, msg_type, is_read, create_time) VALUES (?, ?, ?, ?, 0, NOW())
2026-03-15 12:58:41.019 DEBUG 54685 --- [http-nio-8080-exec-8] o.example.dao.ChatMessageMapper.insert   : ==> Parameters: 21(Integer), 15(Integer), 3(String), 1(Integer)
2026-03-15 12:58:41.020 DEBUG 54685 --- [http-nio-8080-exec-8] o.example.dao.ChatMessageMapper.insert   : <==    Updates: 1
2026-03-15 12:58:41.022 DEBUG 54685 --- [http-nio-8080-exec-8] m.m.a.RequestResponseBodyMethodProcessor : Using 'application/json', given [*/*] and supported [application/json, application/*+json, application/json, application/*+json]
2026-03-15 12:58:41.023 DEBUG 54685 --- [http-nio-8080-exec-8] m.m.a.RequestResponseBodyMethodProcessor : Writing [org.example.common.ResponseResult@3f6fbd51]
2026-03-15 12:58:41.023 DEBUG 54685 --- [http-nio-8080-exec-8] o.s.web.servlet.DispatcherServlet        : Completed 200 OK
2026-03-15 12:58:41.038 DEBUG 54685 --- [http-nio-8080-exec-3] o.s.web.servlet.DispatcherServlet        : GET "/api/chat/contacts", parameters={}
2026-03-15 12:58:41.038 DEBUG 54685 --- [http-nio-8080-exec-3] s.w.s.m.m.a.RequestMappingHandlerMapping : Mapped to org.example.controller.ChatController#getRecentContacts(HttpServletRequest)
2026-03-15 12:58:41.040 DEBUG 54685 --- [http-nio-8080-exec-3] o.e.d.C.findRecentContacts               : ==>  Preparing: SELECT m.*, CASE WHEN m.sender_id = 0 THEN '系统通知' ELSE u.name END as sender_name, CASE WHEN m.sender_id = 0 THEN '/static/logo.png' ELSE u.avatar END as sender_avatar, (SELECT COUNT(*) FROM chat_message cm WHERE cm.sender_id = contact_id AND cm.receiver_id = ? AND cm.is_read = 0) as unread_count FROM ( SELECT CASE WHEN sender_id = ? THEN receiver_id ELSE sender_id END as contact_id, MAX(create_time) as max_time FROM chat_message WHERE sender_id = ? OR receiver_id = ? GROUP BY contact_id ) t JOIN chat_message m ON ( (m.sender_id = ? AND m.receiver_id = t.contact_id) OR (m.sender_id = t.contact_id AND m.receiver_id = ?) ) AND m.create_time = t.max_time LEFT JOIN user u ON u.id = t.contact_id ORDER BY m.create_time DESC
2026-03-15 12:58:41.041 DEBUG 54685 --- [http-nio-8080-exec-3] o.e.d.C.findRecentContacts               : ==> Parameters: 21(Integer), 21(Integer), 21(Integer), 21(Integer), 21(Integer), 21(Integer)
2026-03-15 12:58:41.042 DEBUG 54685 --- [http-nio-8080-exec-3] o.e.d.C.findRecentContacts               : <==      Total: 2
2026-03-15 12:58:41.043 DEBUG 54685 --- [http-nio-8080-exec-3] m.m.a.RequestResponseBodyMethodProcessor : Using 'application/json', given [*/*] and supported [application/json, application/*+json, application/json, application/*+json]
2026-03-15 12:58:41.043 DEBUG 54685 --- [http-nio-8080-exec-3] m.m.a.RequestResponseBodyMethodProcessor : Writing [org.example.common.ResponseResult@4a7e42ce]
2026-03-15 12:58:41.043 DEBUG 54685 --- [http-nio-8080-exec-3] o.s.web.servlet.DispatcherServlet        : Completed 200 OK
2026-03-15 12:58:41.045 DEBUG 54685 --- [http-nio-8080-exec-5] o.s.web.servlet.DispatcherServlet        : GET "/api/chat/contacts", parameters={}
2026-03-15 12:58:41.045 DEBUG 54685 --- [http-nio-8080-exec-5] s.w.s.m.m.a.RequestMappingHandlerMapping : Mapped to org.example.controller.ChatController#getRecentContacts(HttpServletRequest)
2026-03-15 12:58:41.046 DEBUG 54685 --- [http-nio-8080-exec-5] o.e.d.C.findRecentContacts               : ==>  Preparing: SELECT m.*, CASE WHEN m.sender_id = 0 THEN '系统通知' ELSE u.name END as sender_name, CASE WHEN m.sender_id = 0 THEN '/static/logo.png' ELSE u.avatar END as sender_avatar, (SELECT COUNT(*) FROM chat_message cm WHERE cm.sender_id = contact_id AND cm.receiver_id = ? AND cm.is_read = 0) as unread_count FROM ( SELECT CASE WHEN sender_id = ? THEN receiver_id ELSE sender_id END as contact_id, MAX(create_time) as max_time FROM chat_message WHERE sender_id = ? OR receiver_id = ? GROUP BY contact_id ) t JOIN chat_message m ON ( (m.sender_id = ? AND m.receiver_id = t.contact_id) OR (m.sender_id = t.contact_id AND m.receiver_id = ?) ) AND m.create_time = t.max_time LEFT JOIN user u ON u.id = t.contact_id ORDER BY m.create_time DESC
2026-03-15 12:58:41.046 DEBUG 54685 --- [http-nio-8080-exec-5] o.e.d.C.findRecentContacts               : ==> Parameters: 21(Integer), 21(Integer), 21(Integer), 21(Integer), 21(Integer), 21(Integer)
2026-03-15 12:58:41.048 DEBUG 54685 --- [http-nio-8080-exec-5] o.e.d.C.findRecentContacts               : <==      Total: 2
2026-03-15 12:58:41.048 DEBUG 54685 --- [http-nio-8080-exec-5] m.m.a.RequestResponseBodyMethodProcessor : Using 'application/json', given [*/*] and supported [application/json, application/*+json, application/json, application/*+json]
2026-03-15 12:58:41.048 DEBUG 54685 --- [http-nio-8080-exec-5] m.m.a.RequestResponseBodyMethodProcessor : Writing [org.example.common.ResponseResult@1fd90cc6]
2026-03-15 12:58:41.049 DEBUG 54685 --- [http-nio-8080-exec-5] o.s.web.servlet.DispatcherServlet        : Completed 200 OK
2026-03-15 12:58:43.222 DEBUG 54685 --- [http-nio-8080-exec-4] o.s.web.servlet.DispatcherServlet        : GET "/attendant/orders?attendantId=21&page=0&size=50", parameters={masked}
2026-03-15 12:58:43.222 DEBUG 54685 --- [http-nio-8080-exec-4] s.w.s.m.m.a.RequestMappingHandlerMapping : Mapped to org.example.controller.AttendantController#getAttendantOrders(Integer, Integer, Integer, String)
2026-03-15 12:58:43.224 DEBUG 54685 --- [http-nio-8080-exec-4] o.e.d.O.findAllOrdersWithPagination      : ==>  Preparing: SELECT * FROM `order` ORDER BY create_time DESC LIMIT ?, ?
2026-03-15 12:58:43.225 DEBUG 54685 --- [http-nio-8080-exec-4] o.e.d.O.findAllOrdersWithPagination      : ==> Parameters: 0(Integer), 1000(Integer)
2026-03-15 12:58:43.227 DEBUG 54685 --- [http-nio-8080-exec-4] o.e.d.O.findAllOrdersWithPagination      : <==      Total: 19
2026-03-15 12:58:43.227 DEBUG 54685 --- [http-nio-8080-exec-4] org.example.dao.UserMapper.findById      : ==>  Preparing: SELECT * FROM user WHERE id = ?
2026-03-15 12:58:43.228 DEBUG 54685 --- [http-nio-8080-exec-4] org.example.dao.UserMapper.findById      : ==> Parameters: 15(Integer)
2026-03-15 12:58:43.228 DEBUG 54685 --- [http-nio-8080-exec-4] org.example.dao.UserMapper.findById      : <==      Total: 1
2026-03-15 12:58:43.229 DEBUG 54685 --- [http-nio-8080-exec-4] org.example.dao.UserMapper.findById      : ==>  Preparing: SELECT * FROM user WHERE id = ?
2026-03-15 12:58:43.229 DEBUG 54685 --- [http-nio-8080-exec-4] org.example.dao.UserMapper.findById      : ==> Parameters: 15(Integer)
2026-03-15 12:58:43.229 DEBUG 54685 --- [http-nio-8080-exec-4] org.example.dao.UserMapper.findById      : <==      Total: 1
2026-03-15 12:58:43.229 DEBUG 54685 --- [http-nio-8080-exec-4] org.example.dao.UserMapper.findById      : ==>  Preparing: SELECT * FROM user WHERE id = ?
2026-03-15 12:58:43.229 DEBUG 54685 --- [http-nio-8080-exec-4] org.example.dao.UserMapper.findById      : ==> Parameters: 15(Integer)
2026-03-15 12:58:43.230 DEBUG 54685 --- [http-nio-8080-exec-4] org.example.dao.UserMapper.findById      : <==      Total: 1
2026-03-15 12:58:43.230 DEBUG 54685 --- [http-nio-8080-exec-4] org.example.dao.UserMapper.findById      : ==>  Preparing: SELECT * FROM user WHERE id = ?
2026-03-15 12:58:43.230 DEBUG 54685 --- [http-nio-8080-exec-4] org.example.dao.UserMapper.findById      : ==> Parameters: 15(Integer)
2026-03-15 12:58:43.231 DEBUG 54685 --- [http-nio-8080-exec-4] org.example.dao.UserMapper.findById      : <==      Total: 1
2026-03-15 12:58:43.231 DEBUG 54685 --- [http-nio-8080-exec-4] org.example.dao.UserMapper.findById      : ==>  Preparing: SELECT * FROM user WHERE id = ?
2026-03-15 12:58:43.231 DEBUG 54685 --- [http-nio-8080-exec-4] org.example.dao.UserMapper.findById      : ==> Parameters: 15(Integer)
2026-03-15 12:58:43.231 DEBUG 54685 --- [http-nio-8080-exec-4] org.example.dao.UserMapper.findById      : <==      Total: 1
2026-03-15 12:58:43.231 DEBUG 54685 --- [http-nio-8080-exec-4] org.example.dao.UserMapper.findById      : ==>  Preparing: SELECT * FROM user WHERE id = ?
2026-03-15 12:58:43.231 DEBUG 54685 --- [http-nio-8080-exec-4] org.example.dao.UserMapper.findById      : ==> Parameters: 15(Integer)
2026-03-15 12:58:43.232 DEBUG 54685 --- [http-nio-8080-exec-4] org.example.dao.UserMapper.findById      : <==      Total: 1
2026-03-15 12:58:43.232 DEBUG 54685 --- [http-nio-8080-exec-4] org.example.dao.UserMapper.findById      : ==>  Preparing: SELECT * FROM user WHERE id = ?
2026-03-15 12:58:43.232 DEBUG 54685 --- [http-nio-8080-exec-4] org.example.dao.UserMapper.findById      : ==> Parameters: 15(Integer)
2026-03-15 12:58:43.233 DEBUG 54685 --- [http-nio-8080-exec-4] org.example.dao.UserMapper.findById      : <==      Total: 1
2026-03-15 12:58:43.233 DEBUG 54685 --- [http-nio-8080-exec-4] org.example.dao.UserMapper.findById      : ==>  Preparing: SELECT * FROM user WHERE id = ?
2026-03-15 12:58:43.233 DEBUG 54685 --- [http-nio-8080-exec-4] org.example.dao.UserMapper.findById      : ==> Parameters: 15(Integer)
2026-03-15 12:58:43.234 DEBUG 54685 --- [http-nio-8080-exec-4] org.example.dao.UserMapper.findById      : <==      Total: 1
2026-03-15 12:58:43.234 DEBUG 54685 --- [http-nio-8080-exec-4] org.example.dao.UserMapper.findById      : ==>  Preparing: SELECT * FROM user WHERE id = ?
2026-03-15 12:58:43.234 DEBUG 54685 --- [http-nio-8080-exec-4] org.example.dao.UserMapper.findById      : ==> Parameters: 15(Integer)
2026-03-15 12:58:43.234 DEBUG 54685 --- [http-nio-8080-exec-4] org.example.dao.UserMapper.findById      : <==      Total: 1
2026-03-15 12:58:43.234 DEBUG 54685 --- [http-nio-8080-exec-4] org.example.dao.UserMapper.findById      : ==>  Preparing: SELECT * FROM user WHERE id = ?
2026-03-15 12:58:43.234 DEBUG 54685 --- [http-nio-8080-exec-4] org.example.dao.UserMapper.findById      : ==> Parameters: 15(Integer)
2026-03-15 12:58:43.235 DEBUG 54685 --- [http-nio-8080-exec-4] org.example.dao.UserMapper.findById      : <==      Total: 1
2026-03-15 12:58:43.235 DEBUG 54685 --- [http-nio-8080-exec-4] org.example.dao.UserMapper.findById      : ==>  Preparing: SELECT * FROM user WHERE id = ?
2026-03-15 12:58:43.235 DEBUG 54685 --- [http-nio-8080-exec-4] org.example.dao.UserMapper.findById      : ==> Parameters: 15(Integer)
2026-03-15 12:58:43.235 DEBUG 54685 --- [http-nio-8080-exec-4] org.example.dao.UserMapper.findById      : <==      Total: 1
2026-03-15 12:58:43.235 DEBUG 54685 --- [http-nio-8080-exec-4] org.example.dao.UserMapper.findById      : ==>  Preparing: SELECT * FROM user WHERE id = ?
2026-03-15 12:58:43.235 DEBUG 54685 --- [http-nio-8080-exec-4] org.example.dao.UserMapper.findById      : ==> Parameters: 15(Integer)
2026-03-15 12:58:43.236 DEBUG 54685 --- [http-nio-8080-exec-4] org.example.dao.UserMapper.findById      : <==      Total: 1
2026-03-15 12:58:43.236 DEBUG 54685 --- [http-nio-8080-exec-4] org.example.dao.UserMapper.findById      : ==>  Preparing: SELECT * FROM user WHERE id = ?
2026-03-15 12:58:43.236 DEBUG 54685 --- [http-nio-8080-exec-4] org.example.dao.UserMapper.findById      : ==> Parameters: 15(Integer)
2026-03-15 12:58:43.236 DEBUG 54685 --- [http-nio-8080-exec-4] org.example.dao.UserMapper.findById      : <==      Total: 1
2026-03-15 12:58:43.237 DEBUG 54685 --- [http-nio-8080-exec-4] m.m.a.RequestResponseBodyMethodProcessor : Using 'application/json', given [*/*] and supported [application/json, application/*+json, application/json, application/*+json]
2026-03-15 12:58:43.237 DEBUG 54685 --- [http-nio-8080-exec-4] m.m.a.RequestResponseBodyMethodProcessor : Writing [org.example.common.ResponseResult@6d144c4e]
2026-03-15 12:58:43.237 DEBUG 54685 --- [http-nio-8080-exec-4] o.s.web.servlet.DispatcherServlet        : Completed 200 OK
2026-03-15 12:58:52.390 DEBUG 54685 --- [http-nio-8080-exec-6] s.w.s.h.LoggingWebSocketHandlerDecorator : StandardWebSocketSession[id=07349dab-e586-6a72-fa5e-e8c71d90100f, uri=ws://localhost:8080/ws/chat?userId=21] closed with CloseStatus[code=1001, reason=null]
2026-03-15 12:58:52.391 DEBUG 54685 --- [http-nio-8080-exec-9] s.w.s.h.LoggingWebSocketHandlerDecorator : StandardWebSocketSession[id=ecc9d6c7-fe3a-23d9-6a3b-3e7f8ac3b01c, uri=ws://localhost:8080/ws/chat?userId=21] closed with CloseStatus[code=1001, reason=null]
2026-03-15 12:58:52.391  INFO 54685 --- [http-nio-8080-exec-6] o.example.handler.ChatWebSocketHandler   : 聊天 WebSocket 连接断开: 用户 21
2026-03-15 12:58:52.390 DEBUG 54685 --- [http-nio-8080-exec-10] s.w.s.h.LoggingWebSocketHandlerDecorator : StandardWebSocketSession[id=5dd250e4-805f-2583-64cc-7a976be8fb35, uri=ws://localhost:8080/ws/chat?userId=21] closed with CloseStatus[code=1001, reason=null]
2026-03-15 12:58:52.391  INFO 54685 --- [http-nio-8080-exec-10] o.example.handler.ChatWebSocketHandler   : 聊天 WebSocket 连接断开: 用户 21
2026-03-15 12:58:52.390 DEBUG 54685 --- [http-nio-8080-exec-2] s.w.s.h.LoggingWebSocketHandlerDecorator : StandardWebSocketSession[id=0d38828f-9a0a-0525-6328-2cb74c7f6429, uri=ws://localhost:8080/ws/chat?userId=15] closed with CloseStatus[code=1001, reason=null]
2026-03-15 12:58:52.392  INFO 54685 --- [http-nio-8080-exec-2] o.example.handler.ChatWebSocketHandler   : 聊天 WebSocket 连接断开: 用户 15
2026-03-15 12:58:52.390 DEBUG 54685 --- [http-nio-8080-exec-8] s.w.s.h.LoggingWebSocketHandlerDecorator : StandardWebSocketSession[id=6a61e465-5d85-bc6d-a20c-d6cee5ef6194, uri=ws://localhost:8080/ws/chat?userId=15] closed with CloseStatus[code=1001, reason=null]
2026-03-15 12:58:52.391 DEBUG 54685 --- [http-nio-8080-exec-7] s.w.s.h.LoggingWebSocketHandlerDecorator : StandardWebSocketSession[id=9355b294-0706-8a35-2b6b-38f6163d035a, uri=ws://localhost:8080/ws/chat?userId=21] closed with CloseStatus[code=1001, reason=null]
2026-03-15 12:58:52.391  INFO 54685 --- [http-nio-8080-exec-9] o.example.handler.ChatWebSocketHandler   : 聊天 WebSocket 连接断开: 用户 21
2026-03-15 12:58:52.392  INFO 54685 --- [http-nio-8080-exec-7] o.example.handler.ChatWebSocketHandler   : 聊天 WebSocket 连接断开: 用户 21
2026-03-15 12:58:52.392  INFO 54685 --- [http-nio-8080-exec-8] o.example.handler.ChatWebSocketHandler   : 聊天 WebSocket 连接断开: 用户 15
2026-03-15 12:58:52.510 DEBUG 54685 --- [http-nio-8080-exec-5] o.s.web.servlet.DispatcherServlet        : GET "/ws/chat?userId=21", parameters={masked}
2026-03-15 12:58:52.512 DEBUG 54685 --- [http-nio-8080-exec-5] o.s.w.s.s.s.WebSocketHandlerMapping      : Mapped to org.springframework.web.socket.server.support.WebSocketHttpRequestHandler@7eee6c13
2026-03-15 12:58:52.512 DEBUG 54685 --- [http-nio-8080-exec-5] o.s.w.s.s.s.WebSocketHttpRequestHandler  : GET /ws/chat
2026-03-15 12:58:52.514 DEBUG 54685 --- [http-nio-8080-exec-1] o.s.web.servlet.DispatcherServlet        : GET "/api/chat/contacts", parameters={}
2026-03-15 12:58:52.515 DEBUG 54685 --- [http-nio-8080-exec-1] s.w.s.m.m.a.RequestMappingHandlerMapping : Mapped to org.example.controller.ChatController#getRecentContacts(HttpServletRequest)
2026-03-15 12:58:52.516 DEBUG 54685 --- [http-nio-8080-exec-5] o.s.web.servlet.DispatcherServlet        : Completed 101 SWITCHING_PROTOCOLS
2026-03-15 12:58:52.516 DEBUG 54685 --- [http-nio-8080-exec-5] s.w.s.h.LoggingWebSocketHandlerDecorator : New StandardWebSocketSession[id=a884a3b5-d3c1-abd9-a7d9-9abbf575caec, uri=ws://localhost:8080/ws/chat?userId=21]
2026-03-15 12:58:52.516  INFO 54685 --- [http-nio-8080-exec-5] o.example.handler.ChatWebSocketHandler   : 聊天 WebSocket 连接建立: 用户 21
2026-03-15 12:58:52.517 DEBUG 54685 --- [http-nio-8080-exec-1] o.e.d.C.findRecentContacts               : ==>  Preparing: SELECT m.*, CASE WHEN m.sender_id = 0 THEN '系统通知' ELSE u.name END as sender_name, CASE WHEN m.sender_id = 0 THEN '/static/logo.png' ELSE u.avatar END as sender_avatar, (SELECT COUNT(*) FROM chat_message cm WHERE cm.sender_id = contact_id AND cm.receiver_id = ? AND cm.is_read = 0) as unread_count FROM ( SELECT CASE WHEN sender_id = ? THEN receiver_id ELSE sender_id END as contact_id, MAX(create_time) as max_time FROM chat_message WHERE sender_id = ? OR receiver_id = ? GROUP BY contact_id ) t JOIN chat_message m ON ( (m.sender_id = ? AND m.receiver_id = t.contact_id) OR (m.sender_id = t.contact_id AND m.receiver_id = ?) ) AND m.create_time = t.max_time LEFT JOIN user u ON u.id = t.contact_id ORDER BY m.create_time DESC
2026-03-15 12:58:52.517 DEBUG 54685 --- [http-nio-8080-exec-1] o.e.d.C.findRecentContacts               : ==> Parameters: 21(Integer), 21(Integer), 21(Integer), 21(Integer), 21(Integer), 21(Integer)
2026-03-15 12:58:52.519 DEBUG 54685 --- [http-nio-8080-exec-1] o.e.d.C.findRecentContacts               : <==      Total: 2
2026-03-15 12:58:52.519 DEBUG 54685 --- [http-nio-8080-exec-1] m.m.a.RequestResponseBodyMethodProcessor : Using 'application/json', given [*/*] and supported [application/json, application/*+json, application/json, application/*+json]
2026-03-15 12:58:52.519 DEBUG 54685 --- [http-nio-8080-exec-1] m.m.a.RequestResponseBodyMethodProcessor : Writing [org.example.common.ResponseResult@69c1b256]
2026-03-15 12:58:52.520 DEBUG 54685 --- [http-nio-8080-exec-1] o.s.web.servlet.DispatcherServlet        : Completed 200 OK
2026-03-15 12:58:52.523 DEBUG 54685 --- [http-nio-8080-exec-6] o.s.web.servlet.DispatcherServlet        : GET "/api/chat/history?targetUserId=15&page=1&pageSize=20", parameters={masked}
2026-03-15 12:58:52.524 DEBUG 54685 --- [http-nio-8080-exec-6] s.w.s.m.m.a.RequestMappingHandlerMapping : Mapped to org.example.controller.ChatController#getHistory(Integer, HttpServletRequest)
2026-03-15 12:58:52.525 DEBUG 54685 --- [http-nio-8080-exec-6] o.e.dao.ChatMessageMapper.findHistory    : ==>  Preparing: SELECT m.*, u.name as sender_name, u.avatar as sender_avatar FROM chat_message m LEFT JOIN user u ON m.sender_id = u.id WHERE (m.sender_id = ? AND m.receiver_id = ?) OR (m.sender_id = ? AND m.receiver_id = ?) ORDER BY m.create_time ASC
2026-03-15 12:58:52.525 DEBUG 54685 --- [http-nio-8080-exec-6] o.e.dao.ChatMessageMapper.findHistory    : ==> Parameters: 21(Integer), 15(Integer), 15(Integer), 21(Integer)
2026-03-15 12:58:52.527 DEBUG 54685 --- [http-nio-8080-exec-6] o.e.dao.ChatMessageMapper.findHistory    : <==      Total: 39
2026-03-15 12:58:52.527 DEBUG 54685 --- [http-nio-8080-exec-6] m.m.a.RequestResponseBodyMethodProcessor : Using 'application/json', given [*/*] and supported [application/json, application/*+json, application/json, application/*+json]
2026-03-15 12:58:52.527 DEBUG 54685 --- [http-nio-8080-exec-6] m.m.a.RequestResponseBodyMethodProcessor : Writing [org.example.common.ResponseResult@5b69fc53]
2026-03-15 12:58:52.528 DEBUG 54685 --- [http-nio-8080-exec-10] o.s.web.servlet.DispatcherServlet        : GET "/ws/chat?userId=21", parameters={masked}
2026-03-15 12:58:52.529 DEBUG 54685 --- [http-nio-8080-exec-6] o.s.web.servlet.DispatcherServlet        : Completed 200 OK
2026-03-15 12:58:52.529 DEBUG 54685 --- [http-nio-8080-exec-10] o.s.w.s.s.s.WebSocketHandlerMapping      : Mapped to org.springframework.web.socket.server.support.WebSocketHttpRequestHandler@7eee6c13
2026-03-15 12:58:52.529 DEBUG 54685 --- [http-nio-8080-exec-10] o.s.w.s.s.s.WebSocketHttpRequestHandler  : GET /ws/chat
2026-03-15 12:58:52.531 DEBUG 54685 --- [http-nio-8080-exec-10] o.s.web.servlet.DispatcherServlet        : Completed 101 SWITCHING_PROTOCOLS
2026-03-15 12:58:52.534 DEBUG 54685 --- [http-nio-8080-exec-10] s.w.s.h.LoggingWebSocketHandlerDecorator : New StandardWebSocketSession[id=ed7e6759-7ec0-52e5-d0c1-ba862119c4ea, uri=ws://localhost:8080/ws/chat?userId=21]
2026-03-15 12:58:52.534  INFO 54685 --- [http-nio-8080-exec-10] o.example.handler.ChatWebSocketHandler   : 聊天 WebSocket 连接建立: 用户 21
2026-03-15 12:58:52.546 DEBUG 54685 --- [http-nio-8080-exec-2] o.s.web.servlet.DispatcherServlet        : GET "/ws/chat?userId=21", parameters={masked}
2026-03-15 12:58:52.546 DEBUG 54685 --- [http-nio-8080-exec-2] o.s.w.s.s.s.WebSocketHandlerMapping      : Mapped to org.springframework.web.socket.server.support.WebSocketHttpRequestHandler@7eee6c13
2026-03-15 12:58:52.546 DEBUG 54685 --- [http-nio-8080-exec-2] o.s.w.s.s.s.WebSocketHttpRequestHandler  : GET /ws/chat
2026-03-15 12:58:52.547 DEBUG 54685 --- [http-nio-8080-exec-2] o.s.web.servlet.DispatcherServlet        : Completed 101 SWITCHING_PROTOCOLS
2026-03-15 12:58:52.549 DEBUG 54685 --- [http-nio-8080-exec-2] s.w.s.h.LoggingWebSocketHandlerDecorator : New StandardWebSocketSession[id=28720719-457d-221e-536c-7f418e687778, uri=ws://localhost:8080/ws/chat?userId=21]
2026-03-15 12:58:52.549  INFO 54685 --- [http-nio-8080-exec-2] o.example.handler.ChatWebSocketHandler   : 聊天 WebSocket 连接建立: 用户 21
2026-03-15 12:58:54.145 DEBUG 54685 --- [http-nio-8080-exec-7] o.s.web.servlet.DispatcherServlet        : POST "/api/chat/send", parameters={}
2026-03-15 12:58:54.145 DEBUG 54685 --- [http-nio-8080-exec-7] s.w.s.m.m.a.RequestMappingHandlerMapping : Mapped to org.example.controller.ChatController#sendMessage(ChatMessage, HttpServletRequest)
2026-03-15 12:58:54.148 DEBUG 54685 --- [http-nio-8080-exec-7] m.m.a.RequestResponseBodyMethodProcessor : Read "application/json;charset=UTF-8" to [ChatMessage(id=null, senderId=null, receiverId=15, content=1, msgType=1, isRead=null, createTime=nul (truncated)...]
2026-03-15 12:58:54.150 DEBUG 54685 --- [http-nio-8080-exec-7] org.example.dao.UserMapper.findById      : ==>  Preparing: SELECT * FROM user WHERE id = ?
2026-03-15 12:58:54.150 DEBUG 54685 --- [http-nio-8080-exec-7] org.example.dao.UserMapper.findById      : ==> Parameters: 21(Integer)
2026-03-15 12:58:54.151 DEBUG 54685 --- [http-nio-8080-exec-7] org.example.dao.UserMapper.findById      : <==      Total: 1
2026-03-15 12:58:54.151 DEBUG 54685 --- [http-nio-8080-exec-7] o.example.dao.ChatMessageMapper.insert   : ==>  Preparing: INSERT INTO chat_message (sender_id, receiver_id, content, msg_type, is_read, create_time) VALUES (?, ?, ?, ?, 0, NOW())
2026-03-15 12:58:54.152 DEBUG 54685 --- [http-nio-8080-exec-7] o.example.dao.ChatMessageMapper.insert   : ==> Parameters: 21(Integer), 15(Integer), 1(String), 1(Integer)
2026-03-15 12:58:54.153 DEBUG 54685 --- [http-nio-8080-exec-7] o.example.dao.ChatMessageMapper.insert   : <==    Updates: 1
2026-03-15 12:58:54.155 DEBUG 54685 --- [http-nio-8080-exec-7] m.m.a.RequestResponseBodyMethodProcessor : Using 'application/json', given [*/*] and supported [application/json, application/*+json, application/json, application/*+json]
2026-03-15 12:58:54.155 DEBUG 54685 --- [http-nio-8080-exec-7] m.m.a.RequestResponseBodyMethodProcessor : Writing [org.example.common.ResponseResult@4f71979]
2026-03-15 12:58:54.156 DEBUG 54685 --- [http-nio-8080-exec-7] o.s.web.servlet.DispatcherServlet        : Completed 200 OK
2026-03-15 12:58:55.608 DEBUG 54685 --- [http-nio-8080-exec-8] o.s.web.servlet.DispatcherServlet        : POST "/api/chat/send", parameters={}
2026-03-15 12:58:55.609 DEBUG 54685 --- [http-nio-8080-exec-8] s.w.s.m.m.a.RequestMappingHandlerMapping : Mapped to org.example.controller.ChatController#sendMessage(ChatMessage, HttpServletRequest)
2026-03-15 12:58:55.609 DEBUG 54685 --- [http-nio-8080-exec-8] m.m.a.RequestResponseBodyMethodProcessor : Read "application/json;charset=UTF-8" to [ChatMessage(id=null, senderId=null, receiverId=15, content=22, msgType=1, isRead=null, createTime=nu (truncated)...]
2026-03-15 12:58:55.610 DEBUG 54685 --- [http-nio-8080-exec-8] org.example.dao.UserMapper.findById      : ==>  Preparing: SELECT * FROM user WHERE id = ?
2026-03-15 12:58:55.610 DEBUG 54685 --- [http-nio-8080-exec-8] org.example.dao.UserMapper.findById      : ==> Parameters: 21(Integer)
2026-03-15 12:58:55.611 DEBUG 54685 --- [http-nio-8080-exec-8] org.example.dao.UserMapper.findById      : <==      Total: 1
2026-03-15 12:58:55.611 DEBUG 54685 --- [http-nio-8080-exec-8] o.example.dao.ChatMessageMapper.insert   : ==>  Preparing: INSERT INTO chat_message (sender_id, receiver_id, content, msg_type, is_read, create_time) VALUES (?, ?, ?, ?, 0, NOW())
2026-03-15 12:58:55.611 DEBUG 54685 --- [http-nio-8080-exec-8] o.example.dao.ChatMessageMapper.insert   : ==> Parameters: 21(Integer), 15(Integer), 22(String), 1(Integer)
2026-03-15 12:58:55.613 DEBUG 54685 --- [http-nio-8080-exec-8] o.example.dao.ChatMessageMapper.insert   : <==    Updates: 1
2026-03-15 12:58:55.615 DEBUG 54685 --- [http-nio-8080-exec-8] m.m.a.RequestResponseBodyMethodProcessor : Using 'application/json', given [*/*] and supported [application/json, application/*+json, application/json, application/*+json]
2026-03-15 12:58:55.615 DEBUG 54685 --- [http-nio-8080-exec-8] m.m.a.RequestResponseBodyMethodProcessor : Writing [org.example.common.ResponseResult@27a0da5c]
2026-03-15 12:58:55.615 DEBUG 54685 --- [http-nio-8080-exec-8] o.s.web.servlet.DispatcherServlet        : Completed 200 OK
2026-03-15 12:58:56.809 DEBUG 54685 --- [http-nio-8080-exec-3] o.s.web.servlet.DispatcherServlet        : POST "/api/chat/send", parameters={}
2026-03-15 12:58:56.809 DEBUG 54685 --- [http-nio-8080-exec-3] s.w.s.m.m.a.RequestMappingHandlerMapping : Mapped to org.example.controller.ChatController#sendMessage(ChatMessage, HttpServletRequest)
2026-03-15 12:58:56.812 DEBUG 54685 --- [http-nio-8080-exec-3] m.m.a.RequestResponseBodyMethodProcessor : Read "application/json;charset=UTF-8" to [ChatMessage(id=null, senderId=null, receiverId=15, content=3, msgType=1, isRead=null, createTime=nul (truncated)...]
2026-03-15 12:58:56.813 DEBUG 54685 --- [http-nio-8080-exec-3] org.example.dao.UserMapper.findById      : ==>  Preparing: SELECT * FROM user WHERE id = ?
2026-03-15 12:58:56.814 DEBUG 54685 --- [http-nio-8080-exec-3] org.example.dao.UserMapper.findById      : ==> Parameters: 21(Integer)
2026-03-15 12:58:56.815 DEBUG 54685 --- [http-nio-8080-exec-3] org.example.dao.UserMapper.findById      : <==      Total: 1
2026-03-15 12:58:56.816 DEBUG 54685 --- [http-nio-8080-exec-3] o.example.dao.ChatMessageMapper.insert   : ==>  Preparing: INSERT INTO chat_message (sender_id, receiver_id, content, msg_type, is_read, create_time) VALUES (?, ?, ?, ?, 0, NOW())
2026-03-15 12:58:56.816 DEBUG 54685 --- [http-nio-8080-exec-3] o.example.dao.ChatMessageMapper.insert   : ==> Parameters: 21(Integer), 15(Integer), 3(String), 1(Integer)
2026-03-15 12:58:56.817 DEBUG 54685 --- [http-nio-8080-exec-3] o.example.dao.ChatMessageMapper.insert   : <==    Updates: 1
2026-03-15 12:58:56.819 DEBUG 54685 --- [http-nio-8080-exec-3] m.m.a.RequestResponseBodyMethodProcessor : Using 'application/json', given [*/*] and supported [application/json, application/*+json, application/json, application/*+json]
2026-03-15 12:58:56.819 DEBUG 54685 --- [http-nio-8080-exec-3] m.m.a.RequestResponseBodyMethodProcessor : Writing [org.example.common.ResponseResult@1965f71f]
2026-03-15 12:58:56.819 DEBUG 54685 --- [http-nio-8080-exec-3] o.s.web.servlet.DispatcherServlet        : Completed 200 OK
2026-03-15 12:58:58.961 DEBUG 54685 --- [http-nio-8080-exec-5] o.s.web.servlet.DispatcherServlet        : POST "/api/chat/send", parameters={}
2026-03-15 12:58:58.962 DEBUG 54685 --- [http-nio-8080-exec-5] s.w.s.m.m.a.RequestMappingHandlerMapping : Mapped to org.example.controller.ChatController#sendMessage(ChatMessage, HttpServletRequest)
2026-03-15 12:58:58.968 DEBUG 54685 --- [http-nio-8080-exec-5] m.m.a.RequestResponseBodyMethodProcessor : Read "application/json;charset=UTF-8" to [ChatMessage(id=null, senderId=null, receiverId=15, content=😃, msgType=1, isRead=null, createTime=nu (truncated)...]
2026-03-15 12:58:58.970 DEBUG 54685 --- [http-nio-8080-exec-5] org.example.dao.UserMapper.findById      : ==>  Preparing: SELECT * FROM user WHERE id = ?
2026-03-15 12:58:58.971 DEBUG 54685 --- [http-nio-8080-exec-5] org.example.dao.UserMapper.findById      : ==> Parameters: 21(Integer)
2026-03-15 12:58:58.972 DEBUG 54685 --- [http-nio-8080-exec-5] org.example.dao.UserMapper.findById      : <==      Total: 1
2026-03-15 12:58:58.972 DEBUG 54685 --- [http-nio-8080-exec-5] o.example.dao.ChatMessageMapper.insert   : ==>  Preparing: INSERT INTO chat_message (sender_id, receiver_id, content, msg_type, is_read, create_time) VALUES (?, ?, ?, ?, 0, NOW())
2026-03-15 12:58:58.972 DEBUG 54685 --- [http-nio-8080-exec-5] o.example.dao.ChatMessageMapper.insert   : ==> Parameters: 21(Integer), 15(Integer), 😃(String), 1(Integer)
2026-03-15 12:58:58.973 DEBUG 54685 --- [http-nio-8080-exec-5] o.example.dao.ChatMessageMapper.insert   : <==    Updates: 1
2026-03-15 12:58:58.975 DEBUG 54685 --- [http-nio-8080-exec-5] m.m.a.RequestResponseBodyMethodProcessor : Using 'application/json', given [*/*] and supported [application/json, application/*+json, application/json, application/*+json]
2026-03-15 12:58:58.975 DEBUG 54685 --- [http-nio-8080-exec-5] m.m.a.RequestResponseBodyMethodProcessor : Writing [org.example.common.ResponseResult@6ddf75e5]
2026-03-15 12:58:58.975 DEBUG 54685 --- [http-nio-8080-exec-5] o.s.web.servlet.DispatcherServlet        : Completed 200 OK
2026-03-15 12:59:36.059 DEBUG 54685 --- [pool-3-thread-1] o.e.d.O.findExpiredUnpaidOrders          : ==>  Preparing: SELECT * FROM `order` WHERE payment_status = 0 AND order_status = 0 AND create_time <= ? ORDER BY create_time ASC
2026-03-15 12:59:36.061 DEBUG 54685 --- [pool-3-thread-1] o.e.d.O.findExpiredUnpaidOrders          : ==> Parameters: 2026-03-15 12:44:36.057(Timestamp)
2026-03-15 12:59:36.064 DEBUG 54685 --- [pool-3-thread-1] o.e.d.O.findExpiredUnpaidOrders          : <==      Total: 0
2026-03-15 13:00:36.076 DEBUG 54685 --- [pool-3-thread-1] o.e.d.O.findExpiredUnpaidOrders          : ==>  Preparing: SELECT * FROM `order` WHERE payment_status = 0 AND order_status = 0 AND create_time <= ? ORDER BY create_time ASC
2026-03-15 13:00:36.078 DEBUG 54685 --- [pool-3-thread-1] o.e.d.O.findExpiredUnpaidOrders          : ==> Parameters: 2026-03-15 12:45:36.075(Timestamp)
2026-03-15 13:00:36.081 DEBUG 54685 --- [pool-3-thread-1] o.e.d.O.findExpiredUnpaidOrders          : <==      Total: 0
2026-03-15 13:01:03.111 DEBUG 54685 --- [http-nio-8080-exec-2] s.w.s.h.LoggingWebSocketHandlerDecorator : StandardWebSocketSession[id=28720719-457d-221e-536c-7f418e687778, uri=ws://localhost:8080/ws/chat?userId=21] closed with CloseStatus[code=1001, reason=null]
2026-03-15 13:01:03.111 DEBUG 54685 --- [http-nio-8080-exec-10] s.w.s.h.LoggingWebSocketHandlerDecorator : StandardWebSocketSession[id=ed7e6759-7ec0-52e5-d0c1-ba862119c4ea, uri=ws://localhost:8080/ws/chat?userId=21] closed with CloseStatus[code=1001, reason=null]
2026-03-15 13:01:03.111 DEBUG 54685 --- [http-nio-8080-exec-6] s.w.s.h.LoggingWebSocketHandlerDecorator : StandardWebSocketSession[id=a884a3b5-d3c1-abd9-a7d9-9abbf575caec, uri=ws://localhost:8080/ws/chat?userId=21] closed with CloseStatus[code=1001, reason=null]
2026-03-15 13:01:03.112  INFO 54685 --- [http-nio-8080-exec-6] o.example.handler.ChatWebSocketHandler   : 聊天 WebSocket 连接断开: 用户 21
2026-03-15 13:01:03.112  INFO 54685 --- [http-nio-8080-exec-2] o.example.handler.ChatWebSocketHandler   : 聊天 WebSocket 连接断开: 用户 21
2026-03-15 13:01:03.112  INFO 54685 --- [http-nio-8080-exec-10] o.example.handler.ChatWebSocketHandler   : 聊天 WebSocket 连接断开: 用户 21
2026-03-15 13:01:03.238 DEBUG 54685 --- [http-nio-8080-exec-7] o.s.web.servlet.DispatcherServlet        : GET "/ws/chat?userId=21", parameters={masked}
2026-03-15 13:01:03.240 DEBUG 54685 --- [http-nio-8080-exec-7] o.s.w.s.s.s.WebSocketHandlerMapping      : Mapped to org.springframework.web.socket.server.support.WebSocketHttpRequestHandler@7eee6c13
2026-03-15 13:01:03.240 DEBUG 54685 --- [http-nio-8080-exec-7] o.s.w.s.s.s.WebSocketHttpRequestHandler  : GET /ws/chat
2026-03-15 13:01:03.240 DEBUG 54685 --- [http-nio-8080-exec-8] o.s.web.servlet.DispatcherServlet        : GET "/api/chat/contacts", parameters={}
2026-03-15 13:01:03.241 DEBUG 54685 --- [http-nio-8080-exec-8] s.w.s.m.m.a.RequestMappingHandlerMapping : Mapped to org.example.controller.ChatController#getRecentContacts(HttpServletRequest)
2026-03-15 13:01:03.242 DEBUG 54685 --- [http-nio-8080-exec-7] o.s.web.servlet.DispatcherServlet        : Completed 101 SWITCHING_PROTOCOLS
2026-03-15 13:01:03.242 DEBUG 54685 --- [http-nio-8080-exec-7] s.w.s.h.LoggingWebSocketHandlerDecorator : New StandardWebSocketSession[id=225e81c9-41d2-886c-03f9-3b8a41484961, uri=ws://localhost:8080/ws/chat?userId=21]
2026-03-15 13:01:03.242  INFO 54685 --- [http-nio-8080-exec-7] o.example.handler.ChatWebSocketHandler   : 聊天 WebSocket 连接建立: 用户 21
2026-03-15 13:01:03.247 DEBUG 54685 --- [http-nio-8080-exec-8] o.e.d.C.findRecentContacts               : ==>  Preparing: SELECT m.*, CASE WHEN m.sender_id = 0 THEN '系统通知' ELSE u.name END as sender_name, CASE WHEN m.sender_id = 0 THEN '/static/logo.png' ELSE u.avatar END as sender_avatar, (SELECT COUNT(*) FROM chat_message cm WHERE cm.sender_id = contact_id AND cm.receiver_id = ? AND cm.is_read = 0) as unread_count FROM ( SELECT CASE WHEN sender_id = ? THEN receiver_id ELSE sender_id END as contact_id, MAX(create_time) as max_time FROM chat_message WHERE sender_id = ? OR receiver_id = ? GROUP BY contact_id ) t JOIN chat_message m ON ( (m.sender_id = ? AND m.receiver_id = t.contact_id) OR (m.sender_id = t.contact_id AND m.receiver_id = ?) ) AND m.create_time = t.max_time LEFT JOIN user u ON u.id = t.contact_id ORDER BY m.create_time DESC
2026-03-15 13:01:03.248 DEBUG 54685 --- [http-nio-8080-exec-8] o.e.d.C.findRecentContacts               : ==> Parameters: 21(Integer), 21(Integer), 21(Integer), 21(Integer), 21(Integer), 21(Integer)
2026-03-15 13:01:03.248 DEBUG 54685 --- [http-nio-8080-exec-5] o.s.web.servlet.DispatcherServlet        : GET "/api/chat/history?targetUserId=15&page=1&pageSize=20", parameters={masked}
2026-03-15 13:01:03.248 DEBUG 54685 --- [http-nio-8080-exec-5] s.w.s.m.m.a.RequestMappingHandlerMapping : Mapped to org.example.controller.ChatController#getHistory(Integer, HttpServletRequest)
2026-03-15 13:01:03.251 DEBUG 54685 --- [http-nio-8080-exec-5] o.e.dao.ChatMessageMapper.findHistory    : ==>  Preparing: SELECT m.*, u.name as sender_name, u.avatar as sender_avatar FROM chat_message m LEFT JOIN user u ON m.sender_id = u.id WHERE (m.sender_id = ? AND m.receiver_id = ?) OR (m.sender_id = ? AND m.receiver_id = ?) ORDER BY m.create_time ASC
2026-03-15 13:01:03.251 DEBUG 54685 --- [http-nio-8080-exec-5] o.e.dao.ChatMessageMapper.findHistory    : ==> Parameters: 21(Integer), 15(Integer), 15(Integer), 21(Integer)
2026-03-15 13:01:03.252 DEBUG 54685 --- [http-nio-8080-exec-8] o.e.d.C.findRecentContacts               : <==      Total: 2
2026-03-15 13:01:03.253 DEBUG 54685 --- [http-nio-8080-exec-8] m.m.a.RequestResponseBodyMethodProcessor : Using 'application/json', given [*/*] and supported [application/json, application/*+json, application/json, application/*+json]
2026-03-15 13:01:03.253 DEBUG 54685 --- [http-nio-8080-exec-8] m.m.a.RequestResponseBodyMethodProcessor : Writing [org.example.common.ResponseResult@48dc3d65]
2026-03-15 13:01:03.254 DEBUG 54685 --- [http-nio-8080-exec-5] o.e.dao.ChatMessageMapper.findHistory    : <==      Total: 43
2026-03-15 13:01:03.255 DEBUG 54685 --- [http-nio-8080-exec-5] m.m.a.RequestResponseBodyMethodProcessor : Using 'application/json', given [*/*] and supported [application/json, application/*+json, application/json, application/*+json]
2026-03-15 13:01:03.255 DEBUG 54685 --- [http-nio-8080-exec-5] m.m.a.RequestResponseBodyMethodProcessor : Writing [org.example.common.ResponseResult@5fd608f1]
2026-03-15 13:01:03.255 DEBUG 54685 --- [http-nio-8080-exec-8] o.s.web.servlet.DispatcherServlet        : Completed 200 OK
2026-03-15 13:01:03.255 DEBUG 54685 --- [http-nio-8080-exec-1] o.s.web.servlet.DispatcherServlet        : GET "/ws/chat?userId=21", parameters={masked}
2026-03-15 13:01:03.255 DEBUG 54685 --- [http-nio-8080-exec-1] o.s.w.s.s.s.WebSocketHandlerMapping      : Mapped to org.springframework.web.socket.server.support.WebSocketHttpRequestHandler@7eee6c13
2026-03-15 13:01:03.256 DEBUG 54685 --- [http-nio-8080-exec-5] o.s.web.servlet.DispatcherServlet        : Completed 200 OK
2026-03-15 13:01:03.256 DEBUG 54685 --- [http-nio-8080-exec-1] o.s.w.s.s.s.WebSocketHttpRequestHandler  : GET /ws/chat
2026-03-15 13:01:03.257 DEBUG 54685 --- [http-nio-8080-exec-1] o.s.web.servlet.DispatcherServlet        : Completed 101 SWITCHING_PROTOCOLS
2026-03-15 13:01:03.257 DEBUG 54685 --- [http-nio-8080-exec-1] s.w.s.h.LoggingWebSocketHandlerDecorator : New StandardWebSocketSession[id=e3005f7b-85d4-bc55-9746-fbeb2fa80d17, uri=ws://localhost:8080/ws/chat?userId=21]
2026-03-15 13:01:03.258  INFO 54685 --- [http-nio-8080-exec-1] o.example.handler.ChatWebSocketHandler   : 聊天 WebSocket 连接建立: 用户 21
2026-03-15 13:01:03.273 DEBUG 54685 --- [http-nio-8080-exec-4] o.s.web.servlet.DispatcherServlet        : GET "/ws/chat?userId=21", parameters={masked}
2026-03-15 13:01:03.274 DEBUG 54685 --- [http-nio-8080-exec-4] o.s.w.s.s.s.WebSocketHandlerMapping      : Mapped to org.springframework.web.socket.server.support.WebSocketHttpRequestHandler@7eee6c13
2026-03-15 13:01:03.274 DEBUG 54685 --- [http-nio-8080-exec-4] o.s.w.s.s.s.WebSocketHttpRequestHandler  : GET /ws/chat
2026-03-15 13:01:03.274 DEBUG 54685 --- [http-nio-8080-exec-4] o.s.web.servlet.DispatcherServlet        : Completed 101 SWITCHING_PROTOCOLS
2026-03-15 13:01:03.274 DEBUG 54685 --- [http-nio-8080-exec-4] s.w.s.h.LoggingWebSocketHandlerDecorator : New StandardWebSocketSession[id=d06db4b3-a61f-519a-e5b1-52e86ba57b94, uri=ws://localhost:8080/ws/chat?userId=21]
2026-03-15 13:01:03.274  INFO 54685 --- [http-nio-8080-exec-4] o.example.handler.ChatWebSocketHandler   : 聊天 WebSocket 连接建立: 用户 21
2026-03-15 13:01:05.660 DEBUG 54685 --- [http-nio-8080-exec-2] o.s.web.servlet.DispatcherServlet        : POST "/api/chat/send", parameters={}
2026-03-15 13:01:05.660 DEBUG 54685 --- [http-nio-8080-exec-2] s.w.s.m.m.a.RequestMappingHandlerMapping : Mapped to org.example.controller.ChatController#sendMessage(ChatMessage, HttpServletRequest)
2026-03-15 13:01:05.661 DEBUG 54685 --- [http-nio-8080-exec-2] m.m.a.RequestResponseBodyMethodProcessor : Read "application/json;charset=UTF-8" to [ChatMessage(id=null, senderId=null, receiverId=15, content=1, msgType=1, isRead=null, createTime=nul (truncated)...]
2026-03-15 13:01:05.664 DEBUG 54685 --- [http-nio-8080-exec-2] org.example.dao.UserMapper.findById      : ==>  Preparing: SELECT * FROM user WHERE id = ?
2026-03-15 13:01:05.665 DEBUG 54685 --- [http-nio-8080-exec-2] org.example.dao.UserMapper.findById      : ==> Parameters: 21(Integer)
2026-03-15 13:01:05.666 DEBUG 54685 --- [http-nio-8080-exec-2] org.example.dao.UserMapper.findById      : <==      Total: 1
2026-03-15 13:01:05.666 DEBUG 54685 --- [http-nio-8080-exec-2] o.example.dao.ChatMessageMapper.insert   : ==>  Preparing: INSERT INTO chat_message (sender_id, receiver_id, content, msg_type, is_read, create_time) VALUES (?, ?, ?, ?, 0, NOW())
2026-03-15 13:01:05.667 DEBUG 54685 --- [http-nio-8080-exec-2] o.example.dao.ChatMessageMapper.insert   : ==> Parameters: 21(Integer), 15(Integer), 1(String), 1(Integer)
2026-03-15 13:01:05.668 DEBUG 54685 --- [http-nio-8080-exec-2] o.example.dao.ChatMessageMapper.insert   : <==    Updates: 1
2026-03-15 13:01:05.672 DEBUG 54685 --- [http-nio-8080-exec-2] m.m.a.RequestResponseBodyMethodProcessor : Using 'application/json', given [*/*] and supported [application/json, application/*+json, application/json, application/*+json]
2026-03-15 13:01:05.672 DEBUG 54685 --- [http-nio-8080-exec-2] m.m.a.RequestResponseBodyMethodProcessor : Writing [org.example.common.ResponseResult@3c68c88e]
2026-03-15 13:01:05.673 DEBUG 54685 --- [http-nio-8080-exec-2] o.s.web.servlet.DispatcherServlet        : Completed 200 OK
2026-03-15 13:01:06.761 DEBUG 54685 --- [http-nio-8080-exec-10] o.s.web.servlet.DispatcherServlet        : GET "/api/chat/contacts", parameters={}
2026-03-15 13:01:06.761 DEBUG 54685 --- [http-nio-8080-exec-10] s.w.s.m.m.a.RequestMappingHandlerMapping : Mapped to org.example.controller.ChatController#getRecentContacts(HttpServletRequest)
2026-03-15 13:01:06.763 DEBUG 54685 --- [http-nio-8080-exec-10] o.e.d.C.findRecentContacts               : ==>  Preparing: SELECT m.*, CASE WHEN m.sender_id = 0 THEN '系统通知' ELSE u.name END as sender_name, CASE WHEN m.sender_id = 0 THEN '/static/logo.png' ELSE u.avatar END as sender_avatar, (SELECT COUNT(*) FROM chat_message cm WHERE cm.sender_id = contact_id AND cm.receiver_id = ? AND cm.is_read = 0) as unread_count FROM ( SELECT CASE WHEN sender_id = ? THEN receiver_id ELSE sender_id END as contact_id, MAX(create_time) as max_time FROM chat_message WHERE sender_id = ? OR receiver_id = ? GROUP BY contact_id ) t JOIN chat_message m ON ( (m.sender_id = ? AND m.receiver_id = t.contact_id) OR (m.sender_id = t.contact_id AND m.receiver_id = ?) ) AND m.create_time = t.max_time LEFT JOIN user u ON u.id = t.contact_id ORDER BY m.create_time DESC
2026-03-15 13:01:06.764 DEBUG 54685 --- [http-nio-8080-exec-10] o.e.d.C.findRecentContacts               : ==> Parameters: 21(Integer), 21(Integer), 21(Integer), 21(Integer), 21(Integer), 21(Integer)
2026-03-15 13:01:06.767 DEBUG 54685 --- [http-nio-8080-exec-10] o.e.d.C.findRecentContacts               : <==      Total: 2
2026-03-15 13:01:06.768 DEBUG 54685 --- [http-nio-8080-exec-10] m.m.a.RequestResponseBodyMethodProcessor : Using 'application/json', given [*/*] and supported [application/json, application/*+json, application/json, application/*+json]
2026-03-15 13:01:06.768 DEBUG 54685 --- [http-nio-8080-exec-10] m.m.a.RequestResponseBodyMethodProcessor : Writing [org.example.common.ResponseResult@781543b2]
2026-03-15 13:01:06.768 DEBUG 54685 --- [http-nio-8080-exec-10] o.s.web.servlet.DispatcherServlet        : Completed 200 OK
2026-03-15 13:01:06.770 DEBUG 54685 --- [http-nio-8080-exec-9] o.s.web.servlet.DispatcherServlet        : GET "/api/chat/contacts", parameters={}
2026-03-15 13:01:06.770 DEBUG 54685 --- [http-nio-8080-exec-9] s.w.s.m.m.a.RequestMappingHandlerMapping : Mapped to org.example.controller.ChatController#getRecentContacts(HttpServletRequest)
2026-03-15 13:01:06.773 DEBUG 54685 --- [http-nio-8080-exec-9] o.e.d.C.findRecentContacts               : ==>  Preparing: SELECT m.*, CASE WHEN m.sender_id = 0 THEN '系统通知' ELSE u.name END as sender_name, CASE WHEN m.sender_id = 0 THEN '/static/logo.png' ELSE u.avatar END as sender_avatar, (SELECT COUNT(*) FROM chat_message cm WHERE cm.sender_id = contact_id AND cm.receiver_id = ? AND cm.is_read = 0) as unread_count FROM ( SELECT CASE WHEN sender_id = ? THEN receiver_id ELSE sender_id END as contact_id, MAX(create_time) as max_time FROM chat_message WHERE sender_id = ? OR receiver_id = ? GROUP BY contact_id ) t JOIN chat_message m ON ( (m.sender_id = ? AND m.receiver_id = t.contact_id) OR (m.sender_id = t.contact_id AND m.receiver_id = ?) ) AND m.create_time = t.max_time LEFT JOIN user u ON u.id = t.contact_id ORDER BY m.create_time DESC
2026-03-15 13:01:06.774 DEBUG 54685 --- [http-nio-8080-exec-9] o.e.d.C.findRecentContacts               : ==> Parameters: 21(Integer), 21(Integer), 21(Integer), 21(Integer), 21(Integer), 21(Integer)
2026-03-15 13:01:06.776 DEBUG 54685 --- [http-nio-8080-exec-9] o.e.d.C.findRecentContacts               : <==      Total: 2
2026-03-15 13:01:06.776 DEBUG 54685 --- [http-nio-8080-exec-9] m.m.a.RequestResponseBodyMethodProcessor : Using 'application/json', given [*/*] and supported [application/json, application/*+json, application/json, application/*+json]
2026-03-15 13:01:06.777 DEBUG 54685 --- [http-nio-8080-exec-9] m.m.a.RequestResponseBodyMethodProcessor : Writing [org.example.common.ResponseResult@57eae70c]
2026-03-15 13:01:06.777 DEBUG 54685 --- [http-nio-8080-exec-9] o.s.web.servlet.DispatcherServlet        : Completed 200 OK
2026-03-15 13:01:06.779 DEBUG 54685 --- [http-nio-8080-exec-7] o.s.web.servlet.DispatcherServlet        : GET "/ws/chat?userId=21", parameters={masked}
2026-03-15 13:01:06.779 DEBUG 54685 --- [http-nio-8080-exec-7] o.s.w.s.s.s.WebSocketHandlerMapping      : Mapped to org.springframework.web.socket.server.support.WebSocketHttpRequestHandler@7eee6c13
2026-03-15 13:01:06.779 DEBUG 54685 --- [http-nio-8080-exec-7] o.s.w.s.s.s.WebSocketHttpRequestHandler  : GET /ws/chat
2026-03-15 13:01:06.780 DEBUG 54685 --- [http-nio-8080-exec-7] o.s.web.servlet.DispatcherServlet        : Completed 101 SWITCHING_PROTOCOLS
2026-03-15 13:01:06.780 DEBUG 54685 --- [http-nio-8080-exec-7] s.w.s.h.LoggingWebSocketHandlerDecorator : New StandardWebSocketSession[id=fb8188f2-7dd5-a05e-5114-45dc861960ed, uri=ws://localhost:8080/ws/chat?userId=21]
2026-03-15 13:01:06.780  INFO 54685 --- [http-nio-8080-exec-7] o.example.handler.ChatWebSocketHandler   : 聊天 WebSocket 连接建立: 用户 21
2026-03-15 13:01:07.715 DEBUG 54685 --- [http-nio-8080-exec-8] o.s.web.servlet.DispatcherServlet        : POST "/api/chat/read?senderId=15", parameters={masked}
2026-03-15 13:01:07.715 DEBUG 54685 --- [http-nio-8080-exec-8] s.w.s.m.m.a.RequestMappingHandlerMapping : Mapped to org.example.controller.ChatController#markAsRead(Integer, HttpServletRequest)
2026-03-15 13:01:07.718 DEBUG 54685 --- [http-nio-8080-exec-8] o.e.dao.ChatMessageMapper.markAsRead     : ==>  Preparing: UPDATE chat_message SET is_read = 1 WHERE sender_id = ? AND receiver_id = ? AND is_read = 0
2026-03-15 13:01:07.718 DEBUG 54685 --- [http-nio-8080-exec-8] o.e.dao.ChatMessageMapper.markAsRead     : ==> Parameters: 15(Integer), 21(Integer)
2026-03-15 13:01:07.719 DEBUG 54685 --- [http-nio-8080-exec-8] o.e.dao.ChatMessageMapper.markAsRead     : <==    Updates: 0
2026-03-15 13:01:07.719  INFO 54685 --- [http-nio-8080-exec-8] o.example.service.impl.ChatServiceImpl   : 已发送已读回执: 接收者21 -> 发送者15
2026-03-15 13:01:07.720 DEBUG 54685 --- [http-nio-8080-exec-8] m.m.a.RequestResponseBodyMethodProcessor : Using 'application/json', given [*/*] and supported [application/json, application/*+json, application/json, application/*+json]
2026-03-15 13:01:07.721 DEBUG 54685 --- [http-nio-8080-exec-8] m.m.a.RequestResponseBodyMethodProcessor : Writing [org.example.common.ResponseResult@5b6e13d]
2026-03-15 13:01:07.721 DEBUG 54685 --- [http-nio-8080-exec-8] o.s.web.servlet.DispatcherServlet        : Completed 200 OK
2026-03-15 13:01:07.776 DEBUG 54685 --- [http-nio-8080-exec-5] o.s.web.servlet.DispatcherServlet        : GET "/api/chat/history?targetUserId=15&page=1&pageSize=20", parameters={masked}
2026-03-15 13:01:07.776 DEBUG 54685 --- [http-nio-8080-exec-5] s.w.s.m.m.a.RequestMappingHandlerMapping : Mapped to org.example.controller.ChatController#getHistory(Integer, HttpServletRequest)
2026-03-15 13:01:07.776 DEBUG 54685 --- [http-nio-8080-exec-1] o.s.web.servlet.DispatcherServlet        : GET "/ws/chat?userId=21", parameters={masked}
2026-03-15 13:01:07.776 DEBUG 54685 --- [http-nio-8080-exec-1] o.s.w.s.s.s.WebSocketHandlerMapping      : Mapped to org.springframework.web.socket.server.support.WebSocketHttpRequestHandler@7eee6c13
2026-03-15 13:01:07.777 DEBUG 54685 --- [http-nio-8080-exec-1] o.s.w.s.s.s.WebSocketHttpRequestHandler  : GET /ws/chat
2026-03-15 13:01:07.777 DEBUG 54685 --- [http-nio-8080-exec-1] o.s.web.servlet.DispatcherServlet        : Completed 101 SWITCHING_PROTOCOLS
2026-03-15 13:01:07.778 DEBUG 54685 --- [http-nio-8080-exec-5] o.e.dao.ChatMessageMapper.findHistory    : ==>  Preparing: SELECT m.*, u.name as sender_name, u.avatar as sender_avatar FROM chat_message m LEFT JOIN user u ON m.sender_id = u.id WHERE (m.sender_id = ? AND m.receiver_id = ?) OR (m.sender_id = ? AND m.receiver_id = ?) ORDER BY m.create_time ASC
2026-03-15 13:01:07.778 DEBUG 54685 --- [http-nio-8080-exec-1] s.w.s.h.LoggingWebSocketHandlerDecorator : New StandardWebSocketSession[id=b6c95f6d-2b56-a65e-7fb5-b217323c5fc6, uri=ws://localhost:8080/ws/chat?userId=21]
2026-03-15 13:01:07.778  INFO 54685 --- [http-nio-8080-exec-1] o.example.handler.ChatWebSocketHandler   : 聊天 WebSocket 连接建立: 用户 21
2026-03-15 13:01:07.778 DEBUG 54685 --- [http-nio-8080-exec-5] o.e.dao.ChatMessageMapper.findHistory    : ==> Parameters: 21(Integer), 15(Integer), 15(Integer), 21(Integer)
2026-03-15 13:01:07.781 DEBUG 54685 --- [http-nio-8080-exec-5] o.e.dao.ChatMessageMapper.findHistory    : <==      Total: 44
2026-03-15 13:01:07.782 DEBUG 54685 --- [http-nio-8080-exec-5] m.m.a.RequestResponseBodyMethodProcessor : Using 'application/json', given [*/*] and supported [application/json, application/*+json, application/json, application/*+json]
2026-03-15 13:01:07.782 DEBUG 54685 --- [http-nio-8080-exec-5] m.m.a.RequestResponseBodyMethodProcessor : Writing [org.example.common.ResponseResult@1ea13988]
2026-03-15 13:01:07.783 DEBUG 54685 --- [http-nio-8080-exec-5] o.s.web.servlet.DispatcherServlet        : Completed 200 OK
2026-03-15 13:01:26.534 DEBUG 54685 --- [http-nio-8080-exec-4] s.w.s.h.LoggingWebSocketHandlerDecorator : StandardWebSocketSession[id=225e81c9-41d2-886c-03f9-3b8a41484961, uri=ws://localhost:8080/ws/chat?userId=21] closed with CloseStatus[code=1001, reason=null]
2026-03-15 13:01:26.534 DEBUG 54685 --- [http-nio-8080-exec-6] s.w.s.h.LoggingWebSocketHandlerDecorator : StandardWebSocketSession[id=e3005f7b-85d4-bc55-9746-fbeb2fa80d17, uri=ws://localhost:8080/ws/chat?userId=21] closed with CloseStatus[code=1001, reason=null]
2026-03-15 13:01:26.534 DEBUG 54685 --- [http-nio-8080-exec-10] s.w.s.h.LoggingWebSocketHandlerDecorator : StandardWebSocketSession[id=fb8188f2-7dd5-a05e-5114-45dc861960ed, uri=ws://localhost:8080/ws/chat?userId=21] closed with CloseStatus[code=1001, reason=null]
2026-03-15 13:01:26.534 DEBUG 54685 --- [http-nio-8080-exec-2] s.w.s.h.LoggingWebSocketHandlerDecorator : StandardWebSocketSession[id=d06db4b3-a61f-519a-e5b1-52e86ba57b94, uri=ws://localhost:8080/ws/chat?userId=21] closed with CloseStatus[code=1001, reason=null]
2026-03-15 13:01:26.534 DEBUG 54685 --- [http-nio-8080-exec-9] s.w.s.h.LoggingWebSocketHandlerDecorator : StandardWebSocketSession[id=b6c95f6d-2b56-a65e-7fb5-b217323c5fc6, uri=ws://localhost:8080/ws/chat?userId=21] closed with CloseStatus[code=1001, reason=null]
2026-03-15 13:01:26.535  INFO 54685 --- [http-nio-8080-exec-6] o.example.handler.ChatWebSocketHandler   : 聊天 WebSocket 连接断开: 用户 21
2026-03-15 13:01:26.535  INFO 54685 --- [http-nio-8080-exec-9] o.example.handler.ChatWebSocketHandler   : 聊天 WebSocket 连接断开: 用户 21
2026-03-15 13:01:26.535  INFO 54685 --- [http-nio-8080-exec-2] o.example.handler.ChatWebSocketHandler   : 聊天 WebSocket 连接断开: 用户 21
2026-03-15 13:01:26.535  INFO 54685 --- [http-nio-8080-exec-10] o.example.handler.ChatWebSocketHandler   : 聊天 WebSocket 连接断开: 用户 21
2026-03-15 13:01:26.535  INFO 54685 --- [http-nio-8080-exec-4] o.example.handler.ChatWebSocketHandler   : 聊天 WebSocket 连接断开: 用户 21
2026-03-15 13:01:26.652 DEBUG 54685 --- [http-nio-8080-exec-3] o.s.web.servlet.DispatcherServlet        : GET "/ws/chat?userId=21", parameters={masked}
2026-03-15 13:01:26.658 DEBUG 54685 --- [http-nio-8080-exec-7] o.s.web.servlet.DispatcherServlet        : GET "/api/chat/contacts", parameters={}
2026-03-15 13:01:26.658 DEBUG 54685 --- [http-nio-8080-exec-3] o.s.w.s.s.s.WebSocketHandlerMapping      : Mapped to org.springframework.web.socket.server.support.WebSocketHttpRequestHandler@7eee6c13
2026-03-15 13:01:26.659 DEBUG 54685 --- [http-nio-8080-exec-3] o.s.w.s.s.s.WebSocketHttpRequestHandler  : GET /ws/chat
2026-03-15 13:01:26.659 DEBUG 54685 --- [http-nio-8080-exec-7] s.w.s.m.m.a.RequestMappingHandlerMapping : Mapped to org.example.controller.ChatController#getRecentContacts(HttpServletRequest)
2026-03-15 13:01:26.660 DEBUG 54685 --- [http-nio-8080-exec-3] o.s.web.servlet.DispatcherServlet        : Completed 101 SWITCHING_PROTOCOLS
2026-03-15 13:01:26.660 DEBUG 54685 --- [http-nio-8080-exec-3] s.w.s.h.LoggingWebSocketHandlerDecorator : New StandardWebSocketSession[id=69ab173f-5df4-368a-4f24-6a2d283bfc27, uri=ws://localhost:8080/ws/chat?userId=21]
2026-03-15 13:01:26.660  INFO 54685 --- [http-nio-8080-exec-3] o.example.handler.ChatWebSocketHandler   : 聊天 WebSocket 连接建立: 用户 21
2026-03-15 13:01:26.667 DEBUG 54685 --- [http-nio-8080-exec-7] o.e.d.C.findRecentContacts               : ==>  Preparing: SELECT m.*, CASE WHEN m.sender_id = 0 THEN '系统通知' ELSE u.name END as sender_name, CASE WHEN m.sender_id = 0 THEN '/static/logo.png' ELSE u.avatar END as sender_avatar, (SELECT COUNT(*) FROM chat_message cm WHERE cm.sender_id = contact_id AND cm.receiver_id = ? AND cm.is_read = 0) as unread_count FROM ( SELECT CASE WHEN sender_id = ? THEN receiver_id ELSE sender_id END as contact_id, MAX(create_time) as max_time FROM chat_message WHERE sender_id = ? OR receiver_id = ? GROUP BY contact_id ) t JOIN chat_message m ON ( (m.sender_id = ? AND m.receiver_id = t.contact_id) OR (m.sender_id = t.contact_id AND m.receiver_id = ?) ) AND m.create_time = t.max_time LEFT JOIN user u ON u.id = t.contact_id ORDER BY m.create_time DESC
2026-03-15 13:01:26.667 DEBUG 54685 --- [http-nio-8080-exec-1] o.s.web.servlet.DispatcherServlet        : GET "/api/chat/history?targetUserId=15&page=1&pageSize=20", parameters={masked}
2026-03-15 13:01:26.667 DEBUG 54685 --- [http-nio-8080-exec-1] s.w.s.m.m.a.RequestMappingHandlerMapping : Mapped to org.example.controller.ChatController#getHistory(Integer, HttpServletRequest)
2026-03-15 13:01:26.668 DEBUG 54685 --- [http-nio-8080-exec-7] o.e.d.C.findRecentContacts               : ==> Parameters: 21(Integer), 21(Integer), 21(Integer), 21(Integer), 21(Integer), 21(Integer)
2026-03-15 13:01:26.669 DEBUG 54685 --- [http-nio-8080-exec-1] o.e.dao.ChatMessageMapper.findHistory    : ==>  Preparing: SELECT m.*, u.name as sender_name, u.avatar as sender_avatar FROM chat_message m LEFT JOIN user u ON m.sender_id = u.id WHERE (m.sender_id = ? AND m.receiver_id = ?) OR (m.sender_id = ? AND m.receiver_id = ?) ORDER BY m.create_time ASC
2026-03-15 13:01:26.669 DEBUG 54685 --- [http-nio-8080-exec-1] o.e.dao.ChatMessageMapper.findHistory    : ==> Parameters: 21(Integer), 15(Integer), 15(Integer), 21(Integer)
2026-03-15 13:01:26.674 DEBUG 54685 --- [http-nio-8080-exec-5] o.s.web.servlet.DispatcherServlet        : GET "/ws/chat?userId=21", parameters={masked}
2026-03-15 13:01:26.675 DEBUG 54685 --- [http-nio-8080-exec-7] o.e.d.C.findRecentContacts               : <==      Total: 2
2026-03-15 13:01:26.675 DEBUG 54685 --- [http-nio-8080-exec-5] o.s.w.s.s.s.WebSocketHandlerMapping      : Mapped to org.springframework.web.socket.server.support.WebSocketHttpRequestHandler@7eee6c13
2026-03-15 13:01:26.675 DEBUG 54685 --- [http-nio-8080-exec-5] o.s.w.s.s.s.WebSocketHttpRequestHandler  : GET /ws/chat
2026-03-15 13:01:26.676 DEBUG 54685 --- [http-nio-8080-exec-1] o.e.dao.ChatMessageMapper.findHistory    : <==      Total: 44
2026-03-15 13:01:26.677 DEBUG 54685 --- [http-nio-8080-exec-1] m.m.a.RequestResponseBodyMethodProcessor : Using 'application/json', given [*/*] and supported [application/json, application/*+json, application/json, application/*+json]
2026-03-15 13:01:26.677 DEBUG 54685 --- [http-nio-8080-exec-7] m.m.a.RequestResponseBodyMethodProcessor : Using 'application/json', given [*/*] and supported [application/json, application/*+json, application/json, application/*+json]
2026-03-15 13:01:26.678 DEBUG 54685 --- [http-nio-8080-exec-5] o.s.web.servlet.DispatcherServlet        : Completed 101 SWITCHING_PROTOCOLS
2026-03-15 13:01:26.678 DEBUG 54685 --- [http-nio-8080-exec-1] m.m.a.RequestResponseBodyMethodProcessor : Writing [org.example.common.ResponseResult@6b1a794a]
2026-03-15 13:01:26.678 DEBUG 54685 --- [http-nio-8080-exec-7] m.m.a.RequestResponseBodyMethodProcessor : Writing [org.example.common.ResponseResult@2f729a7d]
2026-03-15 13:01:26.678 DEBUG 54685 --- [http-nio-8080-exec-5] s.w.s.h.LoggingWebSocketHandlerDecorator : New StandardWebSocketSession[id=a5ebc8d2-d029-8f24-0a2b-b93a4beca76a, uri=ws://localhost:8080/ws/chat?userId=21]
2026-03-15 13:01:26.678  INFO 54685 --- [http-nio-8080-exec-5] o.example.handler.ChatWebSocketHandler   : 聊天 WebSocket 连接建立: 用户 21
2026-03-15 13:01:26.679 DEBUG 54685 --- [http-nio-8080-exec-7] o.s.web.servlet.DispatcherServlet        : Completed 200 OK
2026-03-15 13:01:26.679 DEBUG 54685 --- [http-nio-8080-exec-1] o.s.web.servlet.DispatcherServlet        : Completed 200 OK
2026-03-15 13:01:26.692 DEBUG 54685 --- [http-nio-8080-exec-6] o.s.web.servlet.DispatcherServlet        : GET "/ws/chat?userId=21", parameters={masked}
2026-03-15 13:01:26.693 DEBUG 54685 --- [http-nio-8080-exec-6] o.s.w.s.s.s.WebSocketHandlerMapping      : Mapped to org.springframework.web.socket.server.support.WebSocketHttpRequestHandler@7eee6c13
2026-03-15 13:01:26.693 DEBUG 54685 --- [http-nio-8080-exec-6] o.s.w.s.s.s.WebSocketHttpRequestHandler  : GET /ws/chat
2026-03-15 13:01:26.693 DEBUG 54685 --- [http-nio-8080-exec-6] o.s.web.servlet.DispatcherServlet        : Completed 101 SWITCHING_PROTOCOLS
2026-03-15 13:01:26.694 DEBUG 54685 --- [http-nio-8080-exec-6] s.w.s.h.LoggingWebSocketHandlerDecorator : New StandardWebSocketSession[id=78de450b-1710-cf46-d852-9c970dfe05b2, uri=ws://localhost:8080/ws/chat?userId=21]
2026-03-15 13:01:26.694  INFO 54685 --- [http-nio-8080-exec-6] o.example.handler.ChatWebSocketHandler   : 聊天 WebSocket 连接建立: 用户 21
2026-03-15 13:01:27.664 DEBUG 54685 --- [http-nio-8080-exec-10] s.w.s.h.LoggingWebSocketHandlerDecorator : StandardWebSocketSession[id=69ab173f-5df4-368a-4f24-6a2d283bfc27, uri=ws://localhost:8080/ws/chat?userId=21] closed with CloseStatus[code=1001, reason=null]
2026-03-15 13:01:27.665  INFO 54685 --- [http-nio-8080-exec-10] o.example.handler.ChatWebSocketHandler   : 聊天 WebSocket 连接断开: 用户 21
2026-03-15 13:01:27.665 DEBUG 54685 --- [http-nio-8080-exec-10] s.w.s.h.LoggingWebSocketHandlerDecorator : StandardWebSocketSession[id=a5ebc8d2-d029-8f24-0a2b-b93a4beca76a, uri=ws://localhost:8080/ws/chat?userId=21] closed with CloseStatus[code=1001, reason=null]
2026-03-15 13:01:27.665  INFO 54685 --- [http-nio-8080-exec-10] o.example.handler.ChatWebSocketHandler   : 聊天 WebSocket 连接断开: 用户 21
2026-03-15 13:01:27.665 DEBUG 54685 --- [http-nio-8080-exec-4] s.w.s.h.LoggingWebSocketHandlerDecorator : StandardWebSocketSession[id=78de450b-1710-cf46-d852-9c970dfe05b2, uri=ws://localhost:8080/ws/chat?userId=21] closed with CloseStatus[code=1001, reason=null]
2026-03-15 13:01:27.666  INFO 54685 --- [http-nio-8080-exec-4] o.example.handler.ChatWebSocketHandler   : 聊天 WebSocket 连接断开: 用户 21
2026-03-15 13:01:36.087 DEBUG 54685 --- [pool-3-thread-1] o.e.d.O.findExpiredUnpaidOrders          : ==>  Preparing: SELECT * FROM `order` WHERE payment_status = 0 AND order_status = 0 AND create_time <= ? ORDER BY create_time ASC
2026-03-15 13:01:36.087 DEBUG 54685 --- [pool-3-thread-1] o.e.d.O.findExpiredUnpaidOrders          : ==> Parameters: 2026-03-15 12:46:36.086(Timestamp)
2026-03-15 13:01:36.088 DEBUG 54685 --- [pool-3-thread-1] o.e.d.O.findExpiredUnpaidOrders          : <==      Total: 0
2026-03-15 13:01:43.467 DEBUG 54685 --- [http-nio-8080-exec-5] o.s.web.servlet.DispatcherServlet        : GET "/ws/chat?userId=21", parameters={masked}
2026-03-15 13:01:43.470 DEBUG 54685 --- [http-nio-8080-exec-5] o.s.w.s.s.s.WebSocketHandlerMapping      : Mapped to org.springframework.web.socket.server.support.WebSocketHttpRequestHandler@7eee6c13
2026-03-15 13:01:43.470 DEBUG 54685 --- [http-nio-8080-exec-5] o.s.w.s.s.s.WebSocketHttpRequestHandler  : GET /ws/chat
2026-03-15 13:01:43.471 DEBUG 54685 --- [http-nio-8080-exec-5] o.s.web.servlet.DispatcherServlet        : Completed 101 SWITCHING_PROTOCOLS
2026-03-15 13:01:43.471 DEBUG 54685 --- [http-nio-8080-exec-7] o.s.web.servlet.DispatcherServlet        : GET "/api/chat/contacts", parameters={}
2026-03-15 13:01:43.472 DEBUG 54685 --- [http-nio-8080-exec-7] s.w.s.m.m.a.RequestMappingHandlerMapping : Mapped to org.example.controller.ChatController#getRecentContacts(HttpServletRequest)
2026-03-15 13:01:43.472 DEBUG 54685 --- [http-nio-8080-exec-5] s.w.s.h.LoggingWebSocketHandlerDecorator : New StandardWebSocketSession[id=02da393d-9b21-bf98-75aa-9eaf114aaa96, uri=ws://localhost:8080/ws/chat?userId=21]
2026-03-15 13:01:43.472  INFO 54685 --- [http-nio-8080-exec-5] o.example.handler.ChatWebSocketHandler   : 聊天 WebSocket 连接建立: 用户 21
2026-03-15 13:01:43.475 DEBUG 54685 --- [http-nio-8080-exec-7] o.e.d.C.findRecentContacts               : ==>  Preparing: SELECT m.*, CASE WHEN m.sender_id = 0 THEN '系统通知' ELSE u.name END as sender_name, CASE WHEN m.sender_id = 0 THEN '/static/logo.png' ELSE u.avatar END as sender_avatar, (SELECT COUNT(*) FROM chat_message cm WHERE cm.sender_id = contact_id AND cm.receiver_id = ? AND cm.is_read = 0) as unread_count FROM ( SELECT CASE WHEN sender_id = ? THEN receiver_id ELSE sender_id END as contact_id, MAX(create_time) as max_time FROM chat_message WHERE sender_id = ? OR receiver_id = ? GROUP BY contact_id ) t JOIN chat_message m ON ( (m.sender_id = ? AND m.receiver_id = t.contact_id) OR (m.sender_id = t.contact_id AND m.receiver_id = ?) ) AND m.create_time = t.max_time LEFT JOIN user u ON u.id = t.contact_id ORDER BY m.create_time DESC
2026-03-15 13:01:43.477 DEBUG 54685 --- [http-nio-8080-exec-7] o.e.d.C.findRecentContacts               : ==> Parameters: 21(Integer), 21(Integer), 21(Integer), 21(Integer), 21(Integer), 21(Integer)
2026-03-15 13:01:43.480 DEBUG 54685 --- [http-nio-8080-exec-7] o.e.d.C.findRecentContacts               : <==      Total: 2
2026-03-15 13:01:43.481 DEBUG 54685 --- [http-nio-8080-exec-7] m.m.a.RequestResponseBodyMethodProcessor : Using 'application/json', given [*/*] and supported [application/json, application/*+json, application/json, application/*+json]
2026-03-15 13:01:43.482 DEBUG 54685 --- [http-nio-8080-exec-7] m.m.a.RequestResponseBodyMethodProcessor : Writing [org.example.common.ResponseResult@6cb54512]
2026-03-15 13:01:43.482 DEBUG 54685 --- [http-nio-8080-exec-7] o.s.web.servlet.DispatcherServlet        : Completed 200 OK
2026-03-15 13:01:43.504 DEBUG 54685 --- [http-nio-8080-exec-6] o.s.web.servlet.DispatcherServlet        : GET "/attendant/recommended", parameters={}
2026-03-15 13:01:43.505 DEBUG 54685 --- [http-nio-8080-exec-6] s.w.s.m.m.a.RequestMappingHandlerMapping : Mapped to org.example.controller.AttendantController#getRecommendedAttendants()
2026-03-15 13:01:43.506 DEBUG 54685 --- [http-nio-8080-exec-6] o.e.dao.AttendantMapper.findRecommended  : ==>  Preparing: SELECT * FROM attendant WHERE status = 1 ORDER BY score DESC, experience_years DESC LIMIT 10
2026-03-15 13:01:43.506 DEBUG 54685 --- [http-nio-8080-exec-6] o.e.dao.AttendantMapper.findRecommended  : ==> Parameters: 
2026-03-15 13:01:43.506 DEBUG 54685 --- [http-nio-8080-exec-9] o.s.web.servlet.DispatcherServlet        : GET "/ws/chat?userId=21", parameters={masked}
2026-03-15 13:01:43.507 DEBUG 54685 --- [http-nio-8080-exec-9] o.s.w.s.s.s.WebSocketHandlerMapping      : Mapped to org.springframework.web.socket.server.support.WebSocketHttpRequestHandler@7eee6c13
2026-03-15 13:01:43.507 DEBUG 54685 --- [http-nio-8080-exec-9] o.s.w.s.s.s.WebSocketHttpRequestHandler  : GET /ws/chat
2026-03-15 13:01:43.507 DEBUG 54685 --- [http-nio-8080-exec-9] o.s.web.servlet.DispatcherServlet        : Completed 101 SWITCHING_PROTOCOLS
2026-03-15 13:01:43.509 DEBUG 54685 --- [http-nio-8080-exec-9] s.w.s.h.LoggingWebSocketHandlerDecorator : New StandardWebSocketSession[id=48be34f4-e386-31a2-24c4-6246122e861d, uri=ws://localhost:8080/ws/chat?userId=21]
2026-03-15 13:01:43.509  INFO 54685 --- [http-nio-8080-exec-9] o.example.handler.ChatWebSocketHandler   : 聊天 WebSocket 连接建立: 用户 21
2026-03-15 13:01:43.509 DEBUG 54685 --- [http-nio-8080-exec-6] o.e.dao.AttendantMapper.findRecommended  : <==      Total: 5
2026-03-15 13:01:43.510 DEBUG 54685 --- [http-nio-8080-exec-6] org.example.dao.UserMapper.findById      : ==>  Preparing: SELECT * FROM user WHERE id = ?
2026-03-15 13:01:43.510 DEBUG 54685 --- [http-nio-8080-exec-6] org.example.dao.UserMapper.findById      : ==> Parameters: 21(Integer)
2026-03-15 13:01:43.513 DEBUG 54685 --- [http-nio-8080-exec-6] org.example.dao.UserMapper.findById      : <==      Total: 1
2026-03-15 13:01:43.515 DEBUG 54685 --- [http-nio-8080-exec-6] org.example.dao.UserMapper.findById      : ==>  Preparing: SELECT * FROM user WHERE id = ?
2026-03-15 13:01:43.516 DEBUG 54685 --- [http-nio-8080-exec-6] org.example.dao.UserMapper.findById      : ==> Parameters: 23(Integer)
2026-03-15 13:01:43.517 DEBUG 54685 --- [http-nio-8080-exec-6] org.example.dao.UserMapper.findById      : <==      Total: 1
2026-03-15 13:01:43.518 DEBUG 54685 --- [http-nio-8080-exec-6] org.example.dao.UserMapper.findById      : ==>  Preparing: SELECT * FROM user WHERE id = ?
2026-03-15 13:01:43.518 DEBUG 54685 --- [http-nio-8080-exec-6] org.example.dao.UserMapper.findById      : ==> Parameters: 24(Integer)
2026-03-15 13:01:43.520 DEBUG 54685 --- [http-nio-8080-exec-6] org.example.dao.UserMapper.findById      : <==      Total: 1
2026-03-15 13:01:43.521 DEBUG 54685 --- [http-nio-8080-exec-6] org.example.dao.UserMapper.findById      : ==>  Preparing: SELECT * FROM user WHERE id = ?
2026-03-15 13:01:43.521 DEBUG 54685 --- [http-nio-8080-exec-6] org.example.dao.UserMapper.findById      : ==> Parameters: 25(Integer)
2026-03-15 13:01:43.524 DEBUG 54685 --- [http-nio-8080-exec-6] org.example.dao.UserMapper.findById      : <==      Total: 1
2026-03-15 13:01:43.524 DEBUG 54685 --- [http-nio-8080-exec-6] org.example.dao.UserMapper.findById      : ==>  Preparing: SELECT * FROM user WHERE id = ?
2026-03-15 13:01:43.524 DEBUG 54685 --- [http-nio-8080-exec-6] org.example.dao.UserMapper.findById      : ==> Parameters: 1(Integer)
2026-03-15 13:01:43.525 DEBUG 54685 --- [http-nio-8080-exec-6] org.example.dao.UserMapper.findById      : <==      Total: 1
2026-03-15 13:01:43.525 DEBUG 54685 --- [http-nio-8080-exec-6] m.m.a.RequestResponseBodyMethodProcessor : Using 'application/json', given [*/*] and supported [application/json, application/*+json, application/json, application/*+json]
2026-03-15 13:01:43.526 DEBUG 54685 --- [http-nio-8080-exec-6] m.m.a.RequestResponseBodyMethodProcessor : Writing [org.example.common.ResponseResult@50c2b8f]
2026-03-15 13:01:43.527 DEBUG 54685 --- [http-nio-8080-exec-6] o.s.web.servlet.DispatcherServlet        : Completed 200 OK
2026-03-15 13:01:44.600 DEBUG 54685 --- [http-nio-8080-exec-4] o.s.web.servlet.DispatcherServlet        : GET "/api/chat/contacts", parameters={}
2026-03-15 13:01:44.601 DEBUG 54685 --- [http-nio-8080-exec-4] s.w.s.m.m.a.RequestMappingHandlerMapping : Mapped to org.example.controller.ChatController#getRecentContacts(HttpServletRequest)
2026-03-15 13:01:44.603 DEBUG 54685 --- [http-nio-8080-exec-4] o.e.d.C.findRecentContacts               : ==>  Preparing: SELECT m.*, CASE WHEN m.sender_id = 0 THEN '系统通知' ELSE u.name END as sender_name, CASE WHEN m.sender_id = 0 THEN '/static/logo.png' ELSE u.avatar END as sender_avatar, (SELECT COUNT(*) FROM chat_message cm WHERE cm.sender_id = contact_id AND cm.receiver_id = ? AND cm.is_read = 0) as unread_count FROM ( SELECT CASE WHEN sender_id = ? THEN receiver_id ELSE sender_id END as contact_id, MAX(create_time) as max_time FROM chat_message WHERE sender_id = ? OR receiver_id = ? GROUP BY contact_id ) t JOIN chat_message m ON ( (m.sender_id = ? AND m.receiver_id = t.contact_id) OR (m.sender_id = t.contact_id AND m.receiver_id = ?) ) AND m.create_time = t.max_time LEFT JOIN user u ON u.id = t.contact_id ORDER BY m.create_time DESC
2026-03-15 13:01:44.603 DEBUG 54685 --- [http-nio-8080-exec-4] o.e.d.C.findRecentContacts               : ==> Parameters: 21(Integer), 21(Integer), 21(Integer), 21(Integer), 21(Integer), 21(Integer)
2026-03-15 13:01:44.606 DEBUG 54685 --- [http-nio-8080-exec-4] o.e.d.C.findRecentContacts               : <==      Total: 2
2026-03-15 13:01:44.609 DEBUG 54685 --- [http-nio-8080-exec-4] m.m.a.RequestResponseBodyMethodProcessor : Using 'application/json', given [*/*] and supported [application/json, application/*+json, application/json, application/*+json]
2026-03-15 13:01:44.612 DEBUG 54685 --- [http-nio-8080-exec-4] m.m.a.RequestResponseBodyMethodProcessor : Writing [org.example.common.ResponseResult@3c387210]
2026-03-15 13:01:44.616 DEBUG 54685 --- [http-nio-8080-exec-4] o.s.web.servlet.DispatcherServlet        : Completed 200 OK
2026-03-15 13:01:44.621 DEBUG 54685 --- [http-nio-8080-exec-10] o.s.web.servlet.DispatcherServlet        : GET "/ws/chat?userId=21", parameters={masked}
2026-03-15 13:01:44.622 DEBUG 54685 --- [http-nio-8080-exec-10] o.s.w.s.s.s.WebSocketHandlerMapping      : Mapped to org.springframework.web.socket.server.support.WebSocketHttpRequestHandler@7eee6c13
2026-03-15 13:01:44.622 DEBUG 54685 --- [http-nio-8080-exec-10] o.s.w.s.s.s.WebSocketHttpRequestHandler  : GET /ws/chat
2026-03-15 13:01:44.623 DEBUG 54685 --- [http-nio-8080-exec-10] o.s.web.servlet.DispatcherServlet        : Completed 101 SWITCHING_PROTOCOLS
2026-03-15 13:01:44.624 DEBUG 54685 --- [http-nio-8080-exec-10] s.w.s.h.LoggingWebSocketHandlerDecorator : New StandardWebSocketSession[id=48a64634-1674-d431-e31e-e9ec020f58fd, uri=ws://localhost:8080/ws/chat?userId=21]
2026-03-15 13:01:44.624  INFO 54685 --- [http-nio-8080-exec-10] o.example.handler.ChatWebSocketHandler   : 聊天 WebSocket 连接建立: 用户 21
2026-03-15 13:01:45.149 DEBUG 54685 --- [http-nio-8080-exec-2] o.s.web.servlet.DispatcherServlet        : GET "/attendant/orders/waiting?page=0&size=10", parameters={masked}
2026-03-15 13:01:45.149 DEBUG 54685 --- [http-nio-8080-exec-2] s.w.s.m.m.a.RequestMappingHandlerMapping : Mapped to org.example.controller.AttendantController#getWaitingOrders(Integer, Integer, Integer, Integer, BigDecimal)
2026-03-15 13:01:45.152 DEBUG 54685 --- [http-nio-8080-exec-2] o.e.dao.OrderMapper.countUserOrders      : ==>  Preparing: SELECT COUNT(*) FROM `order` WHERE order_status = ?
2026-03-15 13:01:45.152 DEBUG 54685 --- [http-nio-8080-exec-2] o.e.dao.OrderMapper.countUserOrders      : ==> Parameters: 1(Integer)
2026-03-15 13:01:45.153 DEBUG 54685 --- [http-nio-8080-exec-2] o.e.dao.OrderMapper.countUserOrders      : <==      Total: 1
2026-03-15 13:01:45.153 DEBUG 54685 --- [http-nio-8080-exec-2] o.e.d.O.findUserOrdersWithPagination     : ==>  Preparing: SELECT * FROM `order` WHERE order_status = ? ORDER BY create_time DESC LIMIT ?, ?
2026-03-15 13:01:45.153 DEBUG 54685 --- [http-nio-8080-exec-2] o.e.d.O.findUserOrdersWithPagination     : ==> Parameters: 1(Integer), 0(Integer), 10(Integer)
2026-03-15 13:01:45.154 DEBUG 54685 --- [http-nio-8080-exec-2] o.e.d.O.findUserOrdersWithPagination     : <==      Total: 3
2026-03-15 13:01:45.154 DEBUG 54685 --- [http-nio-8080-exec-2] m.m.a.RequestResponseBodyMethodProcessor : Using 'application/json', given [*/*] and supported [application/json, application/*+json, application/json, application/*+json]
2026-03-15 13:01:45.154 DEBUG 54685 --- [http-nio-8080-exec-2] m.m.a.RequestResponseBodyMethodProcessor : Writing [org.example.common.ResponseResult@73d1981d]
2026-03-15 13:01:45.155 DEBUG 54685 --- [http-nio-8080-exec-2] o.s.web.servlet.DispatcherServlet        : Completed 200 OK
2026-03-15 13:01:46.792 DEBUG 54685 --- [http-nio-8080-exec-8] o.s.web.servlet.DispatcherServlet        : GET "/api/chat/contacts", parameters={}
2026-03-15 13:01:46.792 DEBUG 54685 --- [http-nio-8080-exec-8] s.w.s.m.m.a.RequestMappingHandlerMapping : Mapped to org.example.controller.ChatController#getRecentContacts(HttpServletRequest)
2026-03-15 13:01:46.794 DEBUG 54685 --- [http-nio-8080-exec-8] o.e.d.C.findRecentContacts               : ==>  Preparing: SELECT m.*, CASE WHEN m.sender_id = 0 THEN '系统通知' ELSE u.name END as sender_name, CASE WHEN m.sender_id = 0 THEN '/static/logo.png' ELSE u.avatar END as sender_avatar, (SELECT COUNT(*) FROM chat_message cm WHERE cm.sender_id = contact_id AND cm.receiver_id = ? AND cm.is_read = 0) as unread_count FROM ( SELECT CASE WHEN sender_id = ? THEN receiver_id ELSE sender_id END as contact_id, MAX(create_time) as max_time FROM chat_message WHERE sender_id = ? OR receiver_id = ? GROUP BY contact_id ) t JOIN chat_message m ON ( (m.sender_id = ? AND m.receiver_id = t.contact_id) OR (m.sender_id = t.contact_id AND m.receiver_id = ?) ) AND m.create_time = t.max_time LEFT JOIN user u ON u.id = t.contact_id ORDER BY m.create_time DESC
2026-03-15 13:01:46.795 DEBUG 54685 --- [http-nio-8080-exec-8] o.e.d.C.findRecentContacts               : ==> Parameters: 21(Integer), 21(Integer), 21(Integer), 21(Integer), 21(Integer), 21(Integer)
2026-03-15 13:01:46.797 DEBUG 54685 --- [http-nio-8080-exec-8] o.e.d.C.findRecentContacts               : <==      Total: 2
2026-03-15 13:01:46.798 DEBUG 54685 --- [http-nio-8080-exec-8] m.m.a.RequestResponseBodyMethodProcessor : Using 'application/json', given [*/*] and supported [application/json, application/*+json, application/json, application/*+json]
2026-03-15 13:01:46.798 DEBUG 54685 --- [http-nio-8080-exec-8] m.m.a.RequestResponseBodyMethodProcessor : Writing [org.example.common.ResponseResult@27dbe06f]
2026-03-15 13:01:46.799 DEBUG 54685 --- [http-nio-8080-exec-8] o.s.web.servlet.DispatcherServlet        : Completed 200 OK
2026-03-15 13:01:46.801 DEBUG 54685 --- [http-nio-8080-exec-5] o.s.web.servlet.DispatcherServlet        : GET "/api/chat/contacts", parameters={}
2026-03-15 13:01:46.801 DEBUG 54685 --- [http-nio-8080-exec-5] s.w.s.m.m.a.RequestMappingHandlerMapping : Mapped to org.example.controller.ChatController#getRecentContacts(HttpServletRequest)
2026-03-15 13:01:46.803 DEBUG 54685 --- [http-nio-8080-exec-5] o.e.d.C.findRecentContacts               : ==>  Preparing: SELECT m.*, CASE WHEN m.sender_id = 0 THEN '系统通知' ELSE u.name END as sender_name, CASE WHEN m.sender_id = 0 THEN '/static/logo.png' ELSE u.avatar END as sender_avatar, (SELECT COUNT(*) FROM chat_message cm WHERE cm.sender_id = contact_id AND cm.receiver_id = ? AND cm.is_read = 0) as unread_count FROM ( SELECT CASE WHEN sender_id = ? THEN receiver_id ELSE sender_id END as contact_id, MAX(create_time) as max_time FROM chat_message WHERE sender_id = ? OR receiver_id = ? GROUP BY contact_id ) t JOIN chat_message m ON ( (m.sender_id = ? AND m.receiver_id = t.contact_id) OR (m.sender_id = t.contact_id AND m.receiver_id = ?) ) AND m.create_time = t.max_time LEFT JOIN user u ON u.id = t.contact_id ORDER BY m.create_time DESC
2026-03-15 13:01:46.803 DEBUG 54685 --- [http-nio-8080-exec-5] o.e.d.C.findRecentContacts               : ==> Parameters: 21(Integer), 21(Integer), 21(Integer), 21(Integer), 21(Integer), 21(Integer)
2026-03-15 13:01:46.805 DEBUG 54685 --- [http-nio-8080-exec-5] o.e.d.C.findRecentContacts               : <==      Total: 2
2026-03-15 13:01:46.805 DEBUG 54685 --- [http-nio-8080-exec-5] m.m.a.RequestResponseBodyMethodProcessor : Using 'application/json', given [*/*] and supported [application/json, application/*+json, application/json, application/*+json]
2026-03-15 13:01:46.805 DEBUG 54685 --- [http-nio-8080-exec-5] m.m.a.RequestResponseBodyMethodProcessor : Writing [org.example.common.ResponseResult@ba14a71]
2026-03-15 13:01:46.805 DEBUG 54685 --- [http-nio-8080-exec-5] o.s.web.servlet.DispatcherServlet        : Completed 200 OK
2026-03-15 13:01:46.807 DEBUG 54685 --- [http-nio-8080-exec-7] o.s.web.servlet.DispatcherServlet        : GET "/ws/chat?userId=21", parameters={masked}
2026-03-15 13:01:46.807 DEBUG 54685 --- [http-nio-8080-exec-7] o.s.w.s.s.s.WebSocketHandlerMapping      : Mapped to org.springframework.web.socket.server.support.WebSocketHttpRequestHandler@7eee6c13
2026-03-15 13:01:46.807 DEBUG 54685 --- [http-nio-8080-exec-7] o.s.w.s.s.s.WebSocketHttpRequestHandler  : GET /ws/chat
2026-03-15 13:01:46.808 DEBUG 54685 --- [http-nio-8080-exec-7] o.s.web.servlet.DispatcherServlet        : Completed 101 SWITCHING_PROTOCOLS
2026-03-15 13:01:46.808 DEBUG 54685 --- [http-nio-8080-exec-7] s.w.s.h.LoggingWebSocketHandlerDecorator : New StandardWebSocketSession[id=4c167d57-bd5a-8eb0-df6e-372d766aede2, uri=ws://localhost:8080/ws/chat?userId=21]
2026-03-15 13:01:46.808  INFO 54685 --- [http-nio-8080-exec-7] o.example.handler.ChatWebSocketHandler   : 聊天 WebSocket 连接建立: 用户 21
2026-03-15 13:01:47.747 DEBUG 54685 --- [http-nio-8080-exec-9] o.s.web.servlet.DispatcherServlet        : POST "/api/chat/read?senderId=15", parameters={masked}
2026-03-15 13:01:47.747 DEBUG 54685 --- [http-nio-8080-exec-9] s.w.s.m.m.a.RequestMappingHandlerMapping : Mapped to org.example.controller.ChatController#markAsRead(Integer, HttpServletRequest)
2026-03-15 13:01:47.750 DEBUG 54685 --- [http-nio-8080-exec-9] o.e.dao.ChatMessageMapper.markAsRead     : ==>  Preparing: UPDATE chat_message SET is_read = 1 WHERE sender_id = ? AND receiver_id = ? AND is_read = 0
2026-03-15 13:01:47.750 DEBUG 54685 --- [http-nio-8080-exec-9] o.e.dao.ChatMessageMapper.markAsRead     : ==> Parameters: 15(Integer), 21(Integer)
2026-03-15 13:01:47.751 DEBUG 54685 --- [http-nio-8080-exec-9] o.e.dao.ChatMessageMapper.markAsRead     : <==    Updates: 0
2026-03-15 13:01:47.752  INFO 54685 --- [http-nio-8080-exec-9] o.example.service.impl.ChatServiceImpl   : 已发送已读回执: 接收者21 -> 发送者15
2026-03-15 13:01:47.753 DEBUG 54685 --- [http-nio-8080-exec-9] m.m.a.RequestResponseBodyMethodProcessor : Using 'application/json', given [*/*] and supported [application/json, application/*+json, application/json, application/*+json]
2026-03-15 13:01:47.753 DEBUG 54685 --- [http-nio-8080-exec-9] m.m.a.RequestResponseBodyMethodProcessor : Writing [org.example.common.ResponseResult@3cac9b73]
2026-03-15 13:01:47.753 DEBUG 54685 --- [http-nio-8080-exec-9] o.s.web.servlet.DispatcherServlet        : Completed 200 OK
2026-03-15 13:01:47.823 DEBUG 54685 --- [http-nio-8080-exec-4] o.s.web.servlet.DispatcherServlet        : GET "/ws/chat?userId=21", parameters={masked}
2026-03-15 13:01:47.824 DEBUG 54685 --- [http-nio-8080-exec-4] o.s.w.s.s.s.WebSocketHandlerMapping      : Mapped to org.springframework.web.socket.server.support.WebSocketHttpRequestHandler@7eee6c13
2026-03-15 13:01:47.824 DEBUG 54685 --- [http-nio-8080-exec-4] o.s.w.s.s.s.WebSocketHttpRequestHandler  : GET /ws/chat
2026-03-15 13:01:47.825 DEBUG 54685 --- [http-nio-8080-exec-10] o.s.web.servlet.DispatcherServlet        : GET "/api/chat/history?targetUserId=15&page=1&pageSize=20", parameters={masked}
2026-03-15 13:01:47.826 DEBUG 54685 --- [http-nio-8080-exec-10] s.w.s.m.m.a.RequestMappingHandlerMapping : Mapped to org.example.controller.ChatController#getHistory(Integer, HttpServletRequest)
2026-03-15 13:01:47.826 DEBUG 54685 --- [http-nio-8080-exec-4] o.s.web.servlet.DispatcherServlet        : Completed 101 SWITCHING_PROTOCOLS
2026-03-15 13:01:47.827 DEBUG 54685 --- [http-nio-8080-exec-4] s.w.s.h.LoggingWebSocketHandlerDecorator : New StandardWebSocketSession[id=833bd439-ccf3-c48a-2a79-47e4401a2af7, uri=ws://localhost:8080/ws/chat?userId=21]
2026-03-15 13:01:47.827  INFO 54685 --- [http-nio-8080-exec-4] o.example.handler.ChatWebSocketHandler   : 聊天 WebSocket 连接建立: 用户 21
2026-03-15 13:01:47.830 DEBUG 54685 --- [http-nio-8080-exec-10] o.e.dao.ChatMessageMapper.findHistory    : ==>  Preparing: SELECT m.*, u.name as sender_name, u.avatar as sender_avatar FROM chat_message m LEFT JOIN user u ON m.sender_id = u.id WHERE (m.sender_id = ? AND m.receiver_id = ?) OR (m.sender_id = ? AND m.receiver_id = ?) ORDER BY m.create_time ASC
2026-03-15 13:01:47.831 DEBUG 54685 --- [http-nio-8080-exec-10] o.e.dao.ChatMessageMapper.findHistory    : ==> Parameters: 21(Integer), 15(Integer), 15(Integer), 21(Integer)
2026-03-15 13:01:47.833 DEBUG 54685 --- [http-nio-8080-exec-10] o.e.dao.ChatMessageMapper.findHistory    : <==      Total: 44
2026-03-15 13:01:47.833 DEBUG 54685 --- [http-nio-8080-exec-10] m.m.a.RequestResponseBodyMethodProcessor : Using 'application/json', given [*/*] and supported [application/json, application/*+json, application/json, application/*+json]
2026-03-15 13:01:47.833 DEBUG 54685 --- [http-nio-8080-exec-10] m.m.a.RequestResponseBodyMethodProcessor : Writing [org.example.common.ResponseResult@22af0a8f]
2026-03-15 13:01:47.833 DEBUG 54685 --- [http-nio-8080-exec-10] o.s.web.servlet.DispatcherServlet        : Completed 200 OK
2026-03-15 13:01:52.980 DEBUG 54685 --- [http-nio-8080-exec-2] o.s.web.servlet.DispatcherServlet        : GET "/api/chat/contacts", parameters={}
2026-03-15 13:01:52.981 DEBUG 54685 --- [http-nio-8080-exec-2] s.w.s.m.m.a.RequestMappingHandlerMapping : Mapped to org.example.controller.ChatController#getRecentContacts(HttpServletRequest)
2026-03-15 13:01:52.984 DEBUG 54685 --- [http-nio-8080-exec-2] o.e.d.C.findRecentContacts               : ==>  Preparing: SELECT m.*, CASE WHEN m.sender_id = 0 THEN '系统通知' ELSE u.name END as sender_name, CASE WHEN m.sender_id = 0 THEN '/static/logo.png' ELSE u.avatar END as sender_avatar, (SELECT COUNT(*) FROM chat_message cm WHERE cm.sender_id = contact_id AND cm.receiver_id = ? AND cm.is_read = 0) as unread_count FROM ( SELECT CASE WHEN sender_id = ? THEN receiver_id ELSE sender_id END as contact_id, MAX(create_time) as max_time FROM chat_message WHERE sender_id = ? OR receiver_id = ? GROUP BY contact_id ) t JOIN chat_message m ON ( (m.sender_id = ? AND m.receiver_id = t.contact_id) OR (m.sender_id = t.contact_id AND m.receiver_id = ?) ) AND m.create_time = t.max_time LEFT JOIN user u ON u.id = t.contact_id ORDER BY m.create_time DESC
2026-03-15 13:01:52.984 DEBUG 54685 --- [http-nio-8080-exec-2] o.e.d.C.findRecentContacts               : ==> Parameters: 21(Integer), 21(Integer), 21(Integer), 21(Integer), 21(Integer), 21(Integer)
2026-03-15 13:01:52.986 DEBUG 54685 --- [http-nio-8080-exec-2] o.e.d.C.findRecentContacts               : <==      Total: 2
2026-03-15 13:01:52.987 DEBUG 54685 --- [http-nio-8080-exec-2] m.m.a.RequestResponseBodyMethodProcessor : Using 'application/json', given [*/*] and supported [application/json, application/*+json, application/json, application/*+json]
2026-03-15 13:01:52.987 DEBUG 54685 --- [http-nio-8080-exec-2] m.m.a.RequestResponseBodyMethodProcessor : Writing [org.example.common.ResponseResult@7ecc7002]
2026-03-15 13:01:52.988 DEBUG 54685 --- [http-nio-8080-exec-2] o.s.web.servlet.DispatcherServlet        : Completed 200 OK
2026-03-15 13:02:09.645 DEBUG 54685 --- [http-nio-8080-exec-5] o.s.web.servlet.DispatcherServlet        : POST "/api/chat/read?senderId=15", parameters={masked}
2026-03-15 13:02:09.647 DEBUG 54685 --- [http-nio-8080-exec-5] s.w.s.m.m.a.RequestMappingHandlerMapping : Mapped to org.example.controller.ChatController#markAsRead(Integer, HttpServletRequest)
2026-03-15 13:02:09.651 DEBUG 54685 --- [http-nio-8080-exec-5] o.e.dao.ChatMessageMapper.markAsRead     : ==>  Preparing: UPDATE chat_message SET is_read = 1 WHERE sender_id = ? AND receiver_id = ? AND is_read = 0
2026-03-15 13:02:09.651 DEBUG 54685 --- [http-nio-8080-exec-5] o.e.dao.ChatMessageMapper.markAsRead     : ==> Parameters: 15(Integer), 21(Integer)
2026-03-15 13:02:09.652 DEBUG 54685 --- [http-nio-8080-exec-5] o.e.dao.ChatMessageMapper.markAsRead     : <==    Updates: 0
2026-03-15 13:02:09.652  INFO 54685 --- [http-nio-8080-exec-5] o.example.service.impl.ChatServiceImpl   : 已发送已读回执: 接收者21 -> 发送者15
2026-03-15 13:02:09.655 DEBUG 54685 --- [http-nio-8080-exec-5] m.m.a.RequestResponseBodyMethodProcessor : Using 'application/json', given [*/*] and supported [application/json, application/*+json, application/json, application/*+json]
2026-03-15 13:02:09.655 DEBUG 54685 --- [http-nio-8080-exec-5] m.m.a.RequestResponseBodyMethodProcessor : Writing [org.example.common.ResponseResult@4b1dd2f7]
2026-03-15 13:02:09.656 DEBUG 54685 --- [http-nio-8080-exec-5] o.s.web.servlet.DispatcherServlet        : Completed 200 OK
2026-03-15 13:02:09.710 DEBUG 54685 --- [http-nio-8080-exec-1] o.s.web.servlet.DispatcherServlet        : GET "/ws/chat?userId=21", parameters={masked}
2026-03-15 13:02:09.711 DEBUG 54685 --- [http-nio-8080-exec-1] o.s.w.s.s.s.WebSocketHandlerMapping      : Mapped to org.springframework.web.socket.server.support.WebSocketHttpRequestHandler@7eee6c13
2026-03-15 13:02:09.711 DEBUG 54685 --- [http-nio-8080-exec-1] o.s.w.s.s.s.WebSocketHttpRequestHandler  : GET /ws/chat
2026-03-15 13:02:09.711 DEBUG 54685 --- [http-nio-8080-exec-9] o.s.web.servlet.DispatcherServlet        : GET "/api/chat/history?targetUserId=15&page=1&pageSize=20", parameters={masked}
2026-03-15 13:02:09.712 DEBUG 54685 --- [http-nio-8080-exec-9] s.w.s.m.m.a.RequestMappingHandlerMapping : Mapped to org.example.controller.ChatController#getHistory(Integer, HttpServletRequest)
2026-03-15 13:02:09.713 DEBUG 54685 --- [http-nio-8080-exec-1] o.s.web.servlet.DispatcherServlet        : Completed 101 SWITCHING_PROTOCOLS
2026-03-15 13:02:09.714 DEBUG 54685 --- [http-nio-8080-exec-1] s.w.s.h.LoggingWebSocketHandlerDecorator : New StandardWebSocketSession[id=cd104464-e265-7c1f-aa76-5b4d5daecd53, uri=ws://localhost:8080/ws/chat?userId=21]
2026-03-15 13:02:09.714  INFO 54685 --- [http-nio-8080-exec-1] o.example.handler.ChatWebSocketHandler   : 聊天 WebSocket 连接建立: 用户 21
2026-03-15 13:02:09.715 DEBUG 54685 --- [http-nio-8080-exec-9] o.e.dao.ChatMessageMapper.findHistory    : ==>  Preparing: SELECT m.*, u.name as sender_name, u.avatar as sender_avatar FROM chat_message m LEFT JOIN user u ON m.sender_id = u.id WHERE (m.sender_id = ? AND m.receiver_id = ?) OR (m.sender_id = ? AND m.receiver_id = ?) ORDER BY m.create_time ASC
2026-03-15 13:02:09.715 DEBUG 54685 --- [http-nio-8080-exec-9] o.e.dao.ChatMessageMapper.findHistory    : ==> Parameters: 21(Integer), 15(Integer), 15(Integer), 21(Integer)
2026-03-15 13:02:09.717 DEBUG 54685 --- [http-nio-8080-exec-9] o.e.dao.ChatMessageMapper.findHistory    : <==      Total: 44
2026-03-15 13:02:09.717 DEBUG 54685 --- [http-nio-8080-exec-9] m.m.a.RequestResponseBodyMethodProcessor : Using 'application/json', given [*/*] and supported [application/json, application/*+json, application/json, application/*+json]
2026-03-15 13:02:09.717 DEBUG 54685 --- [http-nio-8080-exec-9] m.m.a.RequestResponseBodyMethodProcessor : Writing [org.example.common.ResponseResult@3620796b]
2026-03-15 13:02:09.717 DEBUG 54685 --- [http-nio-8080-exec-9] o.s.web.servlet.DispatcherServlet        : Completed 200 OK
2026-03-15 13:02:22.910 DEBUG 54685 --- [http-nio-8080-exec-4] o.s.web.servlet.DispatcherServlet        : POST "/api/chat/send", parameters={}
2026-03-15 13:02:22.911 DEBUG 54685 --- [http-nio-8080-exec-4] s.w.s.m.m.a.RequestMappingHandlerMapping : Mapped to org.example.controller.ChatController#sendMessage(ChatMessage, HttpServletRequest)
2026-03-15 13:02:22.914 DEBUG 54685 --- [http-nio-8080-exec-4] m.m.a.RequestResponseBodyMethodProcessor : Read "application/json;charset=UTF-8" to [ChatMessage(id=null, senderId=null, receiverId=15, content=11, msgType=1, isRead=null, createTime=nu (truncated)...]
2026-03-15 13:02:22.915 DEBUG 54685 --- [http-nio-8080-exec-4] org.example.dao.UserMapper.findById      : ==>  Preparing: SELECT * FROM user WHERE id = ?
2026-03-15 13:02:22.915 DEBUG 54685 --- [http-nio-8080-exec-4] org.example.dao.UserMapper.findById      : ==> Parameters: 21(Integer)
2026-03-15 13:02:22.916 DEBUG 54685 --- [http-nio-8080-exec-4] org.example.dao.UserMapper.findById      : <==      Total: 1
2026-03-15 13:02:22.916 DEBUG 54685 --- [http-nio-8080-exec-4] o.example.dao.ChatMessageMapper.insert   : ==>  Preparing: INSERT INTO chat_message (sender_id, receiver_id, content, msg_type, is_read, create_time) VALUES (?, ?, ?, ?, 0, NOW())
2026-03-15 13:02:22.916 DEBUG 54685 --- [http-nio-8080-exec-4] o.example.dao.ChatMessageMapper.insert   : ==> Parameters: 21(Integer), 15(Integer), 11(String), 1(Integer)
2026-03-15 13:02:22.917 DEBUG 54685 --- [http-nio-8080-exec-4] o.example.dao.ChatMessageMapper.insert   : <==    Updates: 1
2026-03-15 13:02:22.919 DEBUG 54685 --- [http-nio-8080-exec-4] m.m.a.RequestResponseBodyMethodProcessor : Using 'application/json', given [*/*] and supported [application/json, application/*+json, application/json, application/*+json]
2026-03-15 13:02:22.919 DEBUG 54685 --- [http-nio-8080-exec-4] m.m.a.RequestResponseBodyMethodProcessor : Writing [org.example.common.ResponseResult@7743c00b]
2026-03-15 13:02:22.919 DEBUG 54685 --- [http-nio-8080-exec-4] o.s.web.servlet.DispatcherServlet        : Completed 200 OK
2026-03-15 13:02:33.013 DEBUG 54685 --- [http-nio-8080-exec-2] s.w.s.h.LoggingWebSocketHandlerDecorator : StandardWebSocketSession[id=48a64634-1674-d431-e31e-e9ec020f58fd, uri=ws://localhost:8080/ws/chat?userId=21] closed with CloseStatus[code=1001, reason=null]
2026-03-15 13:02:33.014  INFO 54685 --- [http-nio-8080-exec-2] o.example.handler.ChatWebSocketHandler   : 聊天 WebSocket 连接断开: 用户 21
2026-03-15 13:02:33.014 DEBUG 54685 --- [http-nio-8080-exec-7] s.w.s.h.LoggingWebSocketHandlerDecorator : StandardWebSocketSession[id=cd104464-e265-7c1f-aa76-5b4d5daecd53, uri=ws://localhost:8080/ws/chat?userId=21] closed with CloseStatus[code=1001, reason=null]
2026-03-15 13:02:33.014  INFO 54685 --- [http-nio-8080-exec-7] o.example.handler.ChatWebSocketHandler   : 聊天 WebSocket 连接断开: 用户 21
2026-03-15 13:02:33.014 DEBUG 54685 --- [http-nio-8080-exec-3] s.w.s.h.LoggingWebSocketHandlerDecorator : StandardWebSocketSession[id=48be34f4-e386-31a2-24c4-6246122e861d, uri=ws://localhost:8080/ws/chat?userId=21] closed with CloseStatus[code=1001, reason=null]
2026-03-15 13:02:33.015  INFO 54685 --- [http-nio-8080-exec-3] o.example.handler.ChatWebSocketHandler   : 聊天 WebSocket 连接断开: 用户 21
2026-03-15 13:02:33.014 DEBUG 54685 --- [http-nio-8080-exec-10] s.w.s.h.LoggingWebSocketHandlerDecorator : StandardWebSocketSession[id=02da393d-9b21-bf98-75aa-9eaf114aaa96, uri=ws://localhost:8080/ws/chat?userId=21] closed with CloseStatus[code=1001, reason=null]
2026-03-15 13:02:33.015  INFO 54685 --- [http-nio-8080-exec-10] o.example.handler.ChatWebSocketHandler   : 聊天 WebSocket 连接断开: 用户 21
2026-03-15 13:02:33.014 DEBUG 54685 --- [http-nio-8080-exec-5] s.w.s.h.LoggingWebSocketHandlerDecorator : StandardWebSocketSession[id=833bd439-ccf3-c48a-2a79-47e4401a2af7, uri=ws://localhost:8080/ws/chat?userId=21] closed with CloseStatus[code=1001, reason=null]
2026-03-15 13:02:33.014 DEBUG 54685 --- [http-nio-8080-exec-8] s.w.s.h.LoggingWebSocketHandlerDecorator : StandardWebSocketSession[id=4c167d57-bd5a-8eb0-df6e-372d766aede2, uri=ws://localhost:8080/ws/chat?userId=21] closed with CloseStatus[code=1001, reason=null]
2026-03-15 13:02:33.015  INFO 54685 --- [http-nio-8080-exec-5] o.example.handler.ChatWebSocketHandler   : 聊天 WebSocket 连接断开: 用户 21
2026-03-15 13:02:33.015  INFO 54685 --- [http-nio-8080-exec-8] o.example.handler.ChatWebSocketHandler   : 聊天 WebSocket 连接断开: 用户 21
2026-03-15 13:02:33.249 DEBUG 54685 --- [http-nio-8080-exec-9] o.s.web.servlet.DispatcherServlet        : GET "/api/chat/contacts", parameters={}
2026-03-15 13:02:33.249 DEBUG 54685 --- [http-nio-8080-exec-9] s.w.s.m.m.a.RequestMappingHandlerMapping : Mapped to org.example.controller.ChatController#getRecentContacts(HttpServletRequest)
2026-03-15 13:02:33.250 DEBUG 54685 --- [http-nio-8080-exec-9] o.e.d.C.findRecentContacts               : ==>  Preparing: SELECT m.*, CASE WHEN m.sender_id = 0 THEN '系统通知' ELSE u.name END as sender_name, CASE WHEN m.sender_id = 0 THEN '/static/logo.png' ELSE u.avatar END as sender_avatar, (SELECT COUNT(*) FROM chat_message cm WHERE cm.sender_id = contact_id AND cm.receiver_id = ? AND cm.is_read = 0) as unread_count FROM ( SELECT CASE WHEN sender_id = ? THEN receiver_id ELSE sender_id END as contact_id, MAX(create_time) as max_time FROM chat_message WHERE sender_id = ? OR receiver_id = ? GROUP BY contact_id ) t JOIN chat_message m ON ( (m.sender_id = ? AND m.receiver_id = t.contact_id) OR (m.sender_id = t.contact_id AND m.receiver_id = ?) ) AND m.create_time = t.max_time LEFT JOIN user u ON u.id = t.contact_id ORDER BY m.create_time DESC
2026-03-15 13:02:33.251 DEBUG 54685 --- [http-nio-8080-exec-9] o.e.d.C.findRecentContacts               : ==> Parameters: null, null, null, null, null, null
2026-03-15 13:02:33.253 DEBUG 54685 --- [http-nio-8080-exec-9] o.e.d.C.findRecentContacts               : <==      Total: 0
2026-03-15 13:02:33.254 DEBUG 54685 --- [http-nio-8080-exec-9] m.m.a.RequestResponseBodyMethodProcessor : Using 'application/json', given [*/*] and supported [application/json, application/*+json, application/json, application/*+json]
2026-03-15 13:02:33.254 DEBUG 54685 --- [http-nio-8080-exec-9] m.m.a.RequestResponseBodyMethodProcessor : Writing [org.example.common.ResponseResult@34b19e2]
2026-03-15 13:02:33.254 DEBUG 54685 --- [http-nio-8080-exec-9] o.s.web.servlet.DispatcherServlet        : Completed 200 OK
2026-03-15 13:02:33.274 DEBUG 54685 --- [http-nio-8080-exec-4] o.s.web.servlet.DispatcherServlet        : GET "/api/chat/history?targetUserId=15&page=1&pageSize=20", parameters={masked}
2026-03-15 13:02:33.274 DEBUG 54685 --- [http-nio-8080-exec-4] s.w.s.m.m.a.RequestMappingHandlerMapping : Mapped to org.example.controller.ChatController#getHistory(Integer, HttpServletRequest)
2026-03-15 13:02:33.275  WARN 54685 --- [http-nio-8080-exec-4] org.example.interceptor.AuthInterceptor  : 请求缺少有效的Authorization头: /api/chat/history
2026-03-15 13:02:33.275 DEBUG 54685 --- [http-nio-8080-exec-4] o.s.web.servlet.DispatcherServlet        : Completed 401 UNAUTHORIZED
2026-03-15 13:02:35.930 DEBUG 54685 --- [http-nio-8080-exec-10] o.s.web.servlet.DispatcherServlet        : POST "/api/users/login", parameters={}
2026-03-15 13:02:35.930 DEBUG 54685 --- [http-nio-8080-exec-10] s.w.s.m.m.a.RequestMappingHandlerMapping : Mapped to org.example.controller.UserController#login(User)
2026-03-15 13:02:35.931 DEBUG 54685 --- [http-nio-8080-exec-10] m.m.a.RequestResponseBodyMethodProcessor : Read "application/json;charset=UTF-8" to [User(id=null, username=xiaoyang, password=123456, name=null, phone=null, sex=null, age=null, avatar= (truncated)...]
2026-03-15 13:02:35.932 DEBUG 54685 --- [http-nio-8080-exec-10] o.example.dao.UserMapper.findByUsername  : ==>  Preparing: SELECT * FROM user WHERE username = ? LIMIT 1
2026-03-15 13:02:35.932 DEBUG 54685 --- [http-nio-8080-exec-10] o.example.dao.UserMapper.findByUsername  : ==> Parameters: xiaoyang(String)
2026-03-15 13:02:35.934 DEBUG 54685 --- [http-nio-8080-exec-10] o.example.dao.UserMapper.findByUsername  : <==      Total: 1
2026-03-15 13:02:35.934  INFO 54685 --- [http-nio-8080-exec-10] o.e.service.impl.UserServiceMybatisImpl  : 用户 xiaoyang 登录成功
2026-03-15 13:02:35.935 DEBUG 54685 --- [http-nio-8080-exec-10] m.m.a.RequestResponseBodyMethodProcessor : Using 'application/json', given [*/*] and supported [application/json, application/*+json, application/json, application/*+json]
2026-03-15 13:02:35.936 DEBUG 54685 --- [http-nio-8080-exec-10] m.m.a.RequestResponseBodyMethodProcessor : Writing [org.example.common.ResponseResult@7465c9b2]
2026-03-15 13:02:35.936 DEBUG 54685 --- [http-nio-8080-exec-10] o.s.web.servlet.DispatcherServlet        : Completed 200 OK
2026-03-15 13:02:36.091 DEBUG 54685 --- [pool-3-thread-1] o.e.d.O.findExpiredUnpaidOrders          : ==>  Preparing: SELECT * FROM `order` WHERE payment_status = 0 AND order_status = 0 AND create_time <= ? ORDER BY create_time ASC
2026-03-15 13:02:36.092 DEBUG 54685 --- [pool-3-thread-1] o.e.d.O.findExpiredUnpaidOrders          : ==> Parameters: 2026-03-15 12:47:36.091(Timestamp)
2026-03-15 13:02:36.094 DEBUG 54685 --- [pool-3-thread-1] o.e.d.O.findExpiredUnpaidOrders          : <==      Total: 0
2026-03-15 13:02:36.415 DEBUG 54685 --- [http-nio-8080-exec-7] o.s.web.servlet.DispatcherServlet        : GET "/attendant/orders/waiting?page=0&size=10", parameters={masked}
2026-03-15 13:02:36.415 DEBUG 54685 --- [http-nio-8080-exec-7] s.w.s.m.m.a.RequestMappingHandlerMapping : Mapped to org.example.controller.AttendantController#getWaitingOrders(Integer, Integer, Integer, Integer, BigDecimal)
2026-03-15 13:02:36.419 DEBUG 54685 --- [http-nio-8080-exec-7] o.e.dao.OrderMapper.countUserOrders      : ==>  Preparing: SELECT COUNT(*) FROM `order` WHERE order_status = ?
2026-03-15 13:02:36.419 DEBUG 54685 --- [http-nio-8080-exec-7] o.e.dao.OrderMapper.countUserOrders      : ==> Parameters: 1(Integer)
2026-03-15 13:02:36.420 DEBUG 54685 --- [http-nio-8080-exec-7] o.e.dao.OrderMapper.countUserOrders      : <==      Total: 1
2026-03-15 13:02:36.420 DEBUG 54685 --- [http-nio-8080-exec-7] o.e.d.O.findUserOrdersWithPagination     : ==>  Preparing: SELECT * FROM `order` WHERE order_status = ? ORDER BY create_time DESC LIMIT ?, ?
2026-03-15 13:02:36.420 DEBUG 54685 --- [http-nio-8080-exec-7] o.e.d.O.findUserOrdersWithPagination     : ==> Parameters: 1(Integer), 0(Integer), 10(Integer)
2026-03-15 13:02:36.422 DEBUG 54685 --- [http-nio-8080-exec-7] o.e.d.O.findUserOrdersWithPagination     : <==      Total: 3
2026-03-15 13:02:36.422 DEBUG 54685 --- [http-nio-8080-exec-7] m.m.a.RequestResponseBodyMethodProcessor : Using 'application/json', given [*/*] and supported [application/json, application/*+json, application/json, application/*+json]
2026-03-15 13:02:36.423 DEBUG 54685 --- [http-nio-8080-exec-7] m.m.a.RequestResponseBodyMethodProcessor : Writing [org.example.common.ResponseResult@291f25d4]
2026-03-15 13:02:36.424 DEBUG 54685 --- [http-nio-8080-exec-7] o.s.web.servlet.DispatcherServlet        : Completed 200 OK
2026-03-15 13:02:37.044 DEBUG 54685 --- [http-nio-8080-exec-8] o.s.web.servlet.DispatcherServlet        : GET "/api/chat/contacts", parameters={}
2026-03-15 13:02:37.044 DEBUG 54685 --- [http-nio-8080-exec-8] s.w.s.m.m.a.RequestMappingHandlerMapping : Mapped to org.example.controller.ChatController#getRecentContacts(HttpServletRequest)
2026-03-15 13:02:37.048 DEBUG 54685 --- [http-nio-8080-exec-8] o.e.d.C.findRecentContacts               : ==>  Preparing: SELECT m.*, CASE WHEN m.sender_id = 0 THEN '系统通知' ELSE u.name END as sender_name, CASE WHEN m.sender_id = 0 THEN '/static/logo.png' ELSE u.avatar END as sender_avatar, (SELECT COUNT(*) FROM chat_message cm WHERE cm.sender_id = contact_id AND cm.receiver_id = ? AND cm.is_read = 0) as unread_count FROM ( SELECT CASE WHEN sender_id = ? THEN receiver_id ELSE sender_id END as contact_id, MAX(create_time) as max_time FROM chat_message WHERE sender_id = ? OR receiver_id = ? GROUP BY contact_id ) t JOIN chat_message m ON ( (m.sender_id = ? AND m.receiver_id = t.contact_id) OR (m.sender_id = t.contact_id AND m.receiver_id = ?) ) AND m.create_time = t.max_time LEFT JOIN user u ON u.id = t.contact_id ORDER BY m.create_time DESC
2026-03-15 13:02:37.048 DEBUG 54685 --- [http-nio-8080-exec-8] o.e.d.C.findRecentContacts               : ==> Parameters: 21(Integer), 21(Integer), 21(Integer), 21(Integer), 21(Integer), 21(Integer)
2026-03-15 13:02:37.049 DEBUG 54685 --- [http-nio-8080-exec-1] o.s.web.servlet.DispatcherServlet        : GET "/uploads/frontend-images/mynewlogo.png", parameters={}
2026-03-15 13:02:37.051 DEBUG 54685 --- [http-nio-8080-exec-1] o.s.w.s.handler.SimpleUrlHandlerMapping  : Mapped to ResourceHttpRequestHandler [classpath [static/uploads/]]
2026-03-15 13:02:37.051 DEBUG 54685 --- [http-nio-8080-exec-8] o.e.d.C.findRecentContacts               : <==      Total: 2
2026-03-15 13:02:37.052 DEBUG 54685 --- [http-nio-8080-exec-8] m.m.a.RequestResponseBodyMethodProcessor : Using 'application/json', given [*/*] and supported [application/json, application/*+json, application/json, application/*+json]
2026-03-15 13:02:37.052 DEBUG 54685 --- [http-nio-8080-exec-8] m.m.a.RequestResponseBodyMethodProcessor : Writing [org.example.common.ResponseResult@4d0b558c]
2026-03-15 13:02:37.052 DEBUG 54685 --- [http-nio-8080-exec-8] o.s.web.servlet.DispatcherServlet        : Completed 200 OK
2026-03-15 13:02:37.053 DEBUG 54685 --- [http-nio-8080-exec-9] o.s.web.servlet.DispatcherServlet        : GET "/api/chat/contacts", parameters={}
2026-03-15 13:02:37.053 DEBUG 54685 --- [http-nio-8080-exec-9] s.w.s.m.m.a.RequestMappingHandlerMapping : Mapped to org.example.controller.ChatController#getRecentContacts(HttpServletRequest)
2026-03-15 13:02:37.055 DEBUG 54685 --- [http-nio-8080-exec-1] o.s.web.servlet.DispatcherServlet        : Completed 200 OK
2026-03-15 13:02:37.055 DEBUG 54685 --- [http-nio-8080-exec-9] o.e.d.C.findRecentContacts               : ==>  Preparing: SELECT m.*, CASE WHEN m.sender_id = 0 THEN '系统通知' ELSE u.name END as sender_name, CASE WHEN m.sender_id = 0 THEN '/static/logo.png' ELSE u.avatar END as sender_avatar, (SELECT COUNT(*) FROM chat_message cm WHERE cm.sender_id = contact_id AND cm.receiver_id = ? AND cm.is_read = 0) as unread_count FROM ( SELECT CASE WHEN sender_id = ? THEN receiver_id ELSE sender_id END as contact_id, MAX(create_time) as max_time FROM chat_message WHERE sender_id = ? OR receiver_id = ? GROUP BY contact_id ) t JOIN chat_message m ON ( (m.sender_id = ? AND m.receiver_id = t.contact_id) OR (m.sender_id = t.contact_id AND m.receiver_id = ?) ) AND m.create_time = t.max_time LEFT JOIN user u ON u.id = t.contact_id ORDER BY m.create_time DESC
2026-03-15 13:02:37.057 DEBUG 54685 --- [http-nio-8080-exec-9] o.e.d.C.findRecentContacts               : ==> Parameters: 21(Integer), 21(Integer), 21(Integer), 21(Integer), 21(Integer), 21(Integer)
2026-03-15 13:02:37.057 DEBUG 54685 --- [http-nio-8080-exec-6] o.s.web.servlet.DispatcherServlet        : GET "/uploads/user1.jpg", parameters={}
2026-03-15 13:02:37.058 DEBUG 54685 --- [http-nio-8080-exec-6] o.s.w.s.handler.SimpleUrlHandlerMapping  : Mapped to ResourceHttpRequestHandler [classpath [static/uploads/]]
2026-03-15 13:02:37.059 DEBUG 54685 --- [http-nio-8080-exec-9] o.e.d.C.findRecentContacts               : <==      Total: 2
2026-03-15 13:02:37.059 DEBUG 54685 --- [http-nio-8080-exec-6] o.s.web.servlet.DispatcherServlet        : Completed 200 OK
2026-03-15 13:02:37.059 DEBUG 54685 --- [http-nio-8080-exec-9] m.m.a.RequestResponseBodyMethodProcessor : Using 'application/json', given [*/*] and supported [application/json, application/*+json, application/json, application/*+json]
2026-03-15 13:02:37.059 DEBUG 54685 --- [http-nio-8080-exec-9] m.m.a.RequestResponseBodyMethodProcessor : Writing [org.example.common.ResponseResult@3467645c]
2026-03-15 13:02:37.060 DEBUG 54685 --- [http-nio-8080-exec-9] o.s.web.servlet.DispatcherServlet        : Completed 200 OK
2026-03-15 13:02:37.062 DEBUG 54685 --- [http-nio-8080-exec-4] o.s.web.servlet.DispatcherServlet        : GET "/ws/chat?userId=21", parameters={masked}
2026-03-15 13:02:37.062 DEBUG 54685 --- [http-nio-8080-exec-4] o.s.w.s.s.s.WebSocketHandlerMapping      : Mapped to org.springframework.web.socket.server.support.WebSocketHttpRequestHandler@7eee6c13
2026-03-15 13:02:37.062 DEBUG 54685 --- [http-nio-8080-exec-4] o.s.w.s.s.s.WebSocketHttpRequestHandler  : GET /ws/chat
2026-03-15 13:02:37.064 DEBUG 54685 --- [http-nio-8080-exec-4] o.s.web.servlet.DispatcherServlet        : Completed 101 SWITCHING_PROTOCOLS
2026-03-15 13:02:37.066 DEBUG 54685 --- [http-nio-8080-exec-4] s.w.s.h.LoggingWebSocketHandlerDecorator : New StandardWebSocketSession[id=d57cbaa9-cf0b-4c60-5432-418111011a70, uri=ws://localhost:8080/ws/chat?userId=21]
2026-03-15 13:02:37.066  INFO 54685 --- [http-nio-8080-exec-4] o.example.handler.ChatWebSocketHandler   : 聊天 WebSocket 连接建立: 用户 21
2026-03-15 13:02:37.747 DEBUG 54685 --- [http-nio-8080-exec-10] o.s.web.servlet.DispatcherServlet        : POST "/api/chat/read?senderId=15", parameters={masked}
2026-03-15 13:02:37.748 DEBUG 54685 --- [http-nio-8080-exec-10] s.w.s.m.m.a.RequestMappingHandlerMapping : Mapped to org.example.controller.ChatController#markAsRead(Integer, HttpServletRequest)
2026-03-15 13:02:37.751 DEBUG 54685 --- [http-nio-8080-exec-10] o.e.dao.ChatMessageMapper.markAsRead     : ==>  Preparing: UPDATE chat_message SET is_read = 1 WHERE sender_id = ? AND receiver_id = ? AND is_read = 0
2026-03-15 13:02:37.751 DEBUG 54685 --- [http-nio-8080-exec-10] o.e.dao.ChatMessageMapper.markAsRead     : ==> Parameters: 15(Integer), 21(Integer)
2026-03-15 13:02:37.752 DEBUG 54685 --- [http-nio-8080-exec-10] o.e.dao.ChatMessageMapper.markAsRead     : <==    Updates: 0
2026-03-15 13:02:37.752  INFO 54685 --- [http-nio-8080-exec-10] o.example.service.impl.ChatServiceImpl   : 已发送已读回执: 接收者21 -> 发送者15
2026-03-15 13:02:37.753 DEBUG 54685 --- [http-nio-8080-exec-10] m.m.a.RequestResponseBodyMethodProcessor : Using 'application/json', given [*/*] and supported [application/json, application/*+json, application/json, application/*+json]
2026-03-15 13:02:37.753 DEBUG 54685 --- [http-nio-8080-exec-10] m.m.a.RequestResponseBodyMethodProcessor : Writing [org.example.common.ResponseResult@4e64076f]
2026-03-15 13:02:37.754 DEBUG 54685 --- [http-nio-8080-exec-10] o.s.web.servlet.DispatcherServlet        : Completed 200 OK
2026-03-15 13:02:37.810 DEBUG 54685 --- [http-nio-8080-exec-7] o.s.web.servlet.DispatcherServlet        : GET "/ws/chat?userId=21", parameters={masked}
2026-03-15 13:02:37.811 DEBUG 54685 --- [http-nio-8080-exec-7] o.s.w.s.s.s.WebSocketHandlerMapping      : Mapped to org.springframework.web.socket.server.support.WebSocketHttpRequestHandler@7eee6c13
2026-03-15 13:02:37.813 DEBUG 54685 --- [http-nio-8080-exec-5] o.s.web.servlet.DispatcherServlet        : GET "/api/chat/history?targetUserId=15&page=1&pageSize=20", parameters={masked}
2026-03-15 13:02:37.813 DEBUG 54685 --- [http-nio-8080-exec-5] s.w.s.m.m.a.RequestMappingHandlerMapping : Mapped to org.example.controller.ChatController#getHistory(Integer, HttpServletRequest)
2026-03-15 13:02:37.814 DEBUG 54685 --- [http-nio-8080-exec-7] o.s.w.s.s.s.WebSocketHttpRequestHandler  : GET /ws/chat
2026-03-15 13:02:37.815 DEBUG 54685 --- [http-nio-8080-exec-7] o.s.web.servlet.DispatcherServlet        : Completed 101 SWITCHING_PROTOCOLS
2026-03-15 13:02:37.815 DEBUG 54685 --- [http-nio-8080-exec-7] s.w.s.h.LoggingWebSocketHandlerDecorator : New StandardWebSocketSession[id=64bd50dc-579f-fac0-9a56-ec2e50690c5b, uri=ws://localhost:8080/ws/chat?userId=21]
2026-03-15 13:02:37.815  INFO 54685 --- [http-nio-8080-exec-7] o.example.handler.ChatWebSocketHandler   : 聊天 WebSocket 连接建立: 用户 21
2026-03-15 13:02:37.816 DEBUG 54685 --- [http-nio-8080-exec-5] o.e.dao.ChatMessageMapper.findHistory    : ==>  Preparing: SELECT m.*, u.name as sender_name, u.avatar as sender_avatar FROM chat_message m LEFT JOIN user u ON m.sender_id = u.id WHERE (m.sender_id = ? AND m.receiver_id = ?) OR (m.sender_id = ? AND m.receiver_id = ?) ORDER BY m.create_time ASC
2026-03-15 13:02:37.816 DEBUG 54685 --- [http-nio-8080-exec-5] o.e.dao.ChatMessageMapper.findHistory    : ==> Parameters: 21(Integer), 15(Integer), 15(Integer), 21(Integer)
2026-03-15 13:02:37.818 DEBUG 54685 --- [http-nio-8080-exec-5] o.e.dao.ChatMessageMapper.findHistory    : <==      Total: 45
2026-03-15 13:02:37.819 DEBUG 54685 --- [http-nio-8080-exec-5] m.m.a.RequestResponseBodyMethodProcessor : Using 'application/json', given [*/*] and supported [application/json, application/*+json, application/json, application/*+json]
2026-03-15 13:02:37.819 DEBUG 54685 --- [http-nio-8080-exec-5] m.m.a.RequestResponseBodyMethodProcessor : Writing [org.example.common.ResponseResult@4c965310]
2026-03-15 13:02:37.820 DEBUG 54685 --- [http-nio-8080-exec-5] o.s.web.servlet.DispatcherServlet        : Completed 200 OK
2026-03-15 13:02:37.838 DEBUG 54685 --- [http-nio-8080-exec-8] o.s.web.servlet.DispatcherServlet        : GET "/uploads/03_Medicalcompanion.jpg", parameters={}
2026-03-15 13:02:37.838 DEBUG 54685 --- [http-nio-8080-exec-8] o.s.w.s.handler.SimpleUrlHandlerMapping  : Mapped to ResourceHttpRequestHandler [classpath [static/uploads/]]
2026-03-15 13:02:37.845 DEBUG 54685 --- [http-nio-8080-exec-8] o.s.web.servlet.DispatcherServlet        : Completed 200 OK
2026-03-15 13:02:39.767 DEBUG 54685 --- [http-nio-8080-exec-6] o.s.web.servlet.DispatcherServlet        : POST "/api/chat/send", parameters={}
2026-03-15 13:02:39.768 DEBUG 54685 --- [http-nio-8080-exec-6] s.w.s.m.m.a.RequestMappingHandlerMapping : Mapped to org.example.controller.ChatController#sendMessage(ChatMessage, HttpServletRequest)
2026-03-15 13:02:39.769 DEBUG 54685 --- [http-nio-8080-exec-6] m.m.a.RequestResponseBodyMethodProcessor : Read "application/json;charset=UTF-8" to [ChatMessage(id=null, senderId=null, receiverId=15, content=22, msgType=1, isRead=null, createTime=nu (truncated)...]
2026-03-15 13:02:39.771 DEBUG 54685 --- [http-nio-8080-exec-6] org.example.dao.UserMapper.findById      : ==>  Preparing: SELECT * FROM user WHERE id = ?
2026-03-15 13:02:39.771 DEBUG 54685 --- [http-nio-8080-exec-6] org.example.dao.UserMapper.findById      : ==> Parameters: 21(Integer)
2026-03-15 13:02:39.772 DEBUG 54685 --- [http-nio-8080-exec-6] org.example.dao.UserMapper.findById      : <==      Total: 1
2026-03-15 13:02:39.772 DEBUG 54685 --- [http-nio-8080-exec-6] o.example.dao.ChatMessageMapper.insert   : ==>  Preparing: INSERT INTO chat_message (sender_id, receiver_id, content, msg_type, is_read, create_time) VALUES (?, ?, ?, ?, 0, NOW())
2026-03-15 13:02:39.773 DEBUG 54685 --- [http-nio-8080-exec-6] o.example.dao.ChatMessageMapper.insert   : ==> Parameters: 21(Integer), 15(Integer), 22(String), 1(Integer)
2026-03-15 13:02:39.774 DEBUG 54685 --- [http-nio-8080-exec-6] o.example.dao.ChatMessageMapper.insert   : <==    Updates: 1
2026-03-15 13:02:39.776 DEBUG 54685 --- [http-nio-8080-exec-6] m.m.a.RequestResponseBodyMethodProcessor : Using 'application/json', given [*/*] and supported [application/json, application/*+json, application/json, application/*+json]
2026-03-15 13:02:39.776 DEBUG 54685 --- [http-nio-8080-exec-6] m.m.a.RequestResponseBodyMethodProcessor : Writing [org.example.common.ResponseResult@33af62f2]
2026-03-15 13:02:39.777 DEBUG 54685 --- [http-nio-8080-exec-6] o.s.web.servlet.DispatcherServlet        : Completed 200 OK
2026-03-15 13:02:42.647 DEBUG 54685 --- [http-nio-8080-exec-4] s.w.s.h.LoggingWebSocketHandlerDecorator : StandardWebSocketSession[id=64bd50dc-579f-fac0-9a56-ec2e50690c5b, uri=ws://localhost:8080/ws/chat?userId=21] closed with CloseStatus[code=1001, reason=null]
2026-03-15 13:02:42.647  INFO 54685 --- [http-nio-8080-exec-4] o.example.handler.ChatWebSocketHandler   : 聊天 WebSocket 连接断开: 用户 21
2026-03-15 13:02:42.647 DEBUG 54685 --- [http-nio-8080-exec-9] s.w.s.h.LoggingWebSocketHandlerDecorator : StandardWebSocketSession[id=d57cbaa9-cf0b-4c60-5432-418111011a70, uri=ws://localhost:8080/ws/chat?userId=21] closed with CloseStatus[code=1001, reason=null]
2026-03-15 13:02:42.647  INFO 54685 --- [http-nio-8080-exec-9] o.example.handler.ChatWebSocketHandler   : 聊天 WebSocket 连接断开: 用户 21
2026-03-15 13:02:58.907 DEBUG 54685 --- [http-nio-8080-exec-7] o.s.web.servlet.DispatcherServlet        : GET "/ws/chat?userId=21", parameters={masked}
2026-03-15 13:02:58.909 DEBUG 54685 --- [http-nio-8080-exec-7] o.s.w.s.s.s.WebSocketHandlerMapping      : Mapped to org.springframework.web.socket.server.support.WebSocketHttpRequestHandler@7eee6c13
2026-03-15 13:02:58.909 DEBUG 54685 --- [http-nio-8080-exec-5] o.s.web.servlet.DispatcherServlet        : GET "/api/chat/contacts", parameters={}
2026-03-15 13:02:58.909 DEBUG 54685 --- [http-nio-8080-exec-7] o.s.w.s.s.s.WebSocketHttpRequestHandler  : GET /ws/chat
2026-03-15 13:02:58.910 DEBUG 54685 --- [http-nio-8080-exec-5] s.w.s.m.m.a.RequestMappingHandlerMapping : Mapped to org.example.controller.ChatController#getRecentContacts(HttpServletRequest)
2026-03-15 13:02:58.911 DEBUG 54685 --- [http-nio-8080-exec-7] o.s.web.servlet.DispatcherServlet        : Completed 101 SWITCHING_PROTOCOLS
2026-03-15 13:02:58.913 DEBUG 54685 --- [http-nio-8080-exec-7] s.w.s.h.LoggingWebSocketHandlerDecorator : New StandardWebSocketSession[id=f4b31b27-35cc-6b8a-219e-635c602f0df8, uri=ws://localhost:8080/ws/chat?userId=21]
2026-03-15 13:02:58.914  INFO 54685 --- [http-nio-8080-exec-7] o.example.handler.ChatWebSocketHandler   : 聊天 WebSocket 连接建立: 用户 21
2026-03-15 13:02:58.922 DEBUG 54685 --- [http-nio-8080-exec-5] o.e.d.C.findRecentContacts               : ==>  Preparing: SELECT m.*, CASE WHEN m.sender_id = 0 THEN '系统通知' ELSE u.name END as sender_name, CASE WHEN m.sender_id = 0 THEN '/static/logo.png' ELSE u.avatar END as sender_avatar, (SELECT COUNT(*) FROM chat_message cm WHERE cm.sender_id = contact_id AND cm.receiver_id = ? AND cm.is_read = 0) as unread_count FROM ( SELECT CASE WHEN sender_id = ? THEN receiver_id ELSE sender_id END as contact_id, MAX(create_time) as max_time FROM chat_message WHERE sender_id = ? OR receiver_id = ? GROUP BY contact_id ) t JOIN chat_message m ON ( (m.sender_id = ? AND m.receiver_id = t.contact_id) OR (m.sender_id = t.contact_id AND m.receiver_id = ?) ) AND m.create_time = t.max_time LEFT JOIN user u ON u.id = t.contact_id ORDER BY m.create_time DESC
2026-03-15 13:02:58.922 DEBUG 54685 --- [http-nio-8080-exec-5] o.e.d.C.findRecentContacts               : ==> Parameters: 21(Integer), 21(Integer), 21(Integer), 21(Integer), 21(Integer), 21(Integer)
2026-03-15 13:02:58.925 DEBUG 54685 --- [http-nio-8080-exec-5] o.e.d.C.findRecentContacts               : <==      Total: 2
2026-03-15 13:02:58.934 DEBUG 54685 --- [http-nio-8080-exec-5] m.m.a.RequestResponseBodyMethodProcessor : Using 'application/json', given [*/*] and supported [application/json, application/*+json, application/json, application/*+json]
2026-03-15 13:02:58.934 DEBUG 54685 --- [http-nio-8080-exec-5] m.m.a.RequestResponseBodyMethodProcessor : Writing [org.example.common.ResponseResult@41eecf6d]
2026-03-15 13:02:58.935 DEBUG 54685 --- [http-nio-8080-exec-1] o.s.web.servlet.DispatcherServlet        : GET "/uploads/frontend-images/banner.jpg", parameters={}
2026-03-15 13:02:58.936 DEBUG 54685 --- [http-nio-8080-exec-8] o.s.web.servlet.DispatcherServlet        : GET "/uploads/frontend-images/category3.jpg", parameters={}
2026-03-15 13:02:58.936 DEBUG 54685 --- [http-nio-8080-exec-6] o.s.web.servlet.DispatcherServlet        : GET "/uploads/frontend-images/category1.jpg", parameters={}
2026-03-15 13:02:58.938 DEBUG 54685 --- [http-nio-8080-exec-6] o.s.w.s.handler.SimpleUrlHandlerMapping  : Mapped to ResourceHttpRequestHandler [classpath [static/uploads/]]
2026-03-15 13:02:58.938 DEBUG 54685 --- [http-nio-8080-exec-8] o.s.w.s.handler.SimpleUrlHandlerMapping  : Mapped to ResourceHttpRequestHandler [classpath [static/uploads/]]
2026-03-15 13:02:58.938 DEBUG 54685 --- [http-nio-8080-exec-1] o.s.w.s.handler.SimpleUrlHandlerMapping  : Mapped to ResourceHttpRequestHandler [classpath [static/uploads/]]
2026-03-15 13:02:58.940 DEBUG 54685 --- [http-nio-8080-exec-4] o.s.web.servlet.DispatcherServlet        : GET "/uploads/frontend-images/category2.jpg", parameters={}
2026-03-15 13:02:58.940 DEBUG 54685 --- [http-nio-8080-exec-5] o.s.web.servlet.DispatcherServlet        : Completed 200 OK
2026-03-15 13:02:58.940 DEBUG 54685 --- [http-nio-8080-exec-3] o.s.web.servlet.DispatcherServlet        : GET "/uploads/frontend-images/category4.jpg", parameters={}
2026-03-15 13:02:58.940 DEBUG 54685 --- [http-nio-8080-exec-8] o.s.web.servlet.DispatcherServlet        : Completed 200 OK
2026-03-15 13:02:58.943 DEBUG 54685 --- [http-nio-8080-exec-6] o.s.web.servlet.DispatcherServlet        : Completed 200 OK
2026-03-15 13:02:58.948 DEBUG 54685 --- [http-nio-8080-exec-9] o.s.web.servlet.DispatcherServlet        : GET "/attendant/recommended", parameters={}
2026-03-15 13:02:58.948 DEBUG 54685 --- [http-nio-8080-exec-4] o.s.w.s.handler.SimpleUrlHandlerMapping  : Mapped to ResourceHttpRequestHandler [classpath [static/uploads/]]
2026-03-15 13:02:58.948 DEBUG 54685 --- [http-nio-8080-exec-3] o.s.w.s.handler.SimpleUrlHandlerMapping  : Mapped to ResourceHttpRequestHandler [classpath [static/uploads/]]
2026-03-15 13:02:58.948 DEBUG 54685 --- [http-nio-8080-exec-9] s.w.s.m.m.a.RequestMappingHandlerMapping : Mapped to org.example.controller.AttendantController#getRecommendedAttendants()
2026-03-15 13:02:58.950 DEBUG 54685 --- [http-nio-8080-exec-1] o.s.web.servlet.DispatcherServlet        : Completed 200 OK
2026-03-15 13:02:58.951 DEBUG 54685 --- [http-nio-8080-exec-2] o.s.web.servlet.DispatcherServlet        : GET "/ws/chat?userId=21", parameters={masked}
2026-03-15 13:02:58.951 DEBUG 54685 --- [http-nio-8080-exec-4] o.s.web.servlet.DispatcherServlet        : Completed 200 OK
2026-03-15 13:02:58.951 DEBUG 54685 --- [http-nio-8080-exec-9] o.e.dao.AttendantMapper.findRecommended  : ==>  Preparing: SELECT * FROM attendant WHERE status = 1 ORDER BY score DESC, experience_years DESC LIMIT 10
2026-03-15 13:02:58.951 DEBUG 54685 --- [http-nio-8080-exec-2] o.s.w.s.s.s.WebSocketHandlerMapping      : Mapped to org.springframework.web.socket.server.support.WebSocketHttpRequestHandler@7eee6c13
2026-03-15 13:02:58.951 DEBUG 54685 --- [http-nio-8080-exec-2] o.s.w.s.s.s.WebSocketHttpRequestHandler  : GET /ws/chat
2026-03-15 13:02:58.951 DEBUG 54685 --- [http-nio-8080-exec-9] o.e.dao.AttendantMapper.findRecommended  : ==> Parameters: 
2026-03-15 13:02:58.951 DEBUG 54685 --- [http-nio-8080-exec-3] o.s.web.servlet.DispatcherServlet        : Completed 200 OK
2026-03-15 13:02:58.951 DEBUG 54685 --- [http-nio-8080-exec-2] o.s.web.servlet.DispatcherServlet        : Completed 101 SWITCHING_PROTOCOLS
2026-03-15 13:02:58.952 DEBUG 54685 --- [http-nio-8080-exec-2] s.w.s.h.LoggingWebSocketHandlerDecorator : New StandardWebSocketSession[id=84e7db46-626f-a5a6-b7db-8346bb270f6b, uri=ws://localhost:8080/ws/chat?userId=21]
2026-03-15 13:02:58.952  INFO 54685 --- [http-nio-8080-exec-2] o.example.handler.ChatWebSocketHandler   : 聊天 WebSocket 连接建立: 用户 21
2026-03-15 13:02:58.960 DEBUG 54685 --- [http-nio-8080-exec-9] o.e.dao.AttendantMapper.findRecommended  : <==      Total: 5
2026-03-15 13:02:58.961 DEBUG 54685 --- [http-nio-8080-exec-9] org.example.dao.UserMapper.findById      : ==>  Preparing: SELECT * FROM user WHERE id = ?
2026-03-15 13:02:58.961 DEBUG 54685 --- [http-nio-8080-exec-9] org.example.dao.UserMapper.findById      : ==> Parameters: 21(Integer)
2026-03-15 13:02:58.964 DEBUG 54685 --- [http-nio-8080-exec-9] org.example.dao.UserMapper.findById      : <==      Total: 1
2026-03-15 13:02:58.965 DEBUG 54685 --- [http-nio-8080-exec-9] org.example.dao.UserMapper.findById      : ==>  Preparing: SELECT * FROM user WHERE id = ?
2026-03-15 13:02:58.965 DEBUG 54685 --- [http-nio-8080-exec-9] org.example.dao.UserMapper.findById      : ==> Parameters: 23(Integer)
2026-03-15 13:02:58.966 DEBUG 54685 --- [http-nio-8080-exec-9] org.example.dao.UserMapper.findById      : <==      Total: 1
2026-03-15 13:02:58.967 DEBUG 54685 --- [http-nio-8080-exec-9] org.example.dao.UserMapper.findById      : ==>  Preparing: SELECT * FROM user WHERE id = ?
2026-03-15 13:02:58.967 DEBUG 54685 --- [http-nio-8080-exec-9] org.example.dao.UserMapper.findById      : ==> Parameters: 24(Integer)
2026-03-15 13:02:58.968 DEBUG 54685 --- [http-nio-8080-exec-9] org.example.dao.UserMapper.findById      : <==      Total: 1
2026-03-15 13:02:58.969 DEBUG 54685 --- [http-nio-8080-exec-9] org.example.dao.UserMapper.findById      : ==>  Preparing: SELECT * FROM user WHERE id = ?
2026-03-15 13:02:58.969 DEBUG 54685 --- [http-nio-8080-exec-9] org.example.dao.UserMapper.findById      : ==> Parameters: 25(Integer)
2026-03-15 13:02:58.971 DEBUG 54685 --- [http-nio-8080-exec-9] org.example.dao.UserMapper.findById      : <==      Total: 1
2026-03-15 13:02:58.972 DEBUG 54685 --- [http-nio-8080-exec-9] org.example.dao.UserMapper.findById      : ==>  Preparing: SELECT * FROM user WHERE id = ?
2026-03-15 13:02:58.972 DEBUG 54685 --- [http-nio-8080-exec-9] org.example.dao.UserMapper.findById      : ==> Parameters: 1(Integer)
2026-03-15 13:02:58.974 DEBUG 54685 --- [http-nio-8080-exec-9] org.example.dao.UserMapper.findById      : <==      Total: 1
2026-03-15 13:02:58.975 DEBUG 54685 --- [http-nio-8080-exec-9] m.m.a.RequestResponseBodyMethodProcessor : Using 'application/json', given [*/*] and supported [application/json, application/*+json, application/json, application/*+json]
2026-03-15 13:02:58.975 DEBUG 54685 --- [http-nio-8080-exec-9] m.m.a.RequestResponseBodyMethodProcessor : Writing [org.example.common.ResponseResult@2472a7d1]
2026-03-15 13:02:58.976 DEBUG 54685 --- [http-nio-8080-exec-9] o.s.web.servlet.DispatcherServlet        : Completed 200 OK
2026-03-15 13:02:59.074 DEBUG 54685 --- [http-nio-8080-exec-5] o.s.web.servlet.DispatcherServlet        : GET "/uploads/02_Medicalcompanion.jpg", parameters={}
2026-03-15 13:02:59.074 DEBUG 54685 --- [http-nio-8080-exec-7] o.s.web.servlet.DispatcherServlet        : GET "/uploads/frontend-images/default-avatar.jpg", parameters={}
2026-03-15 13:02:59.074 DEBUG 54685 --- [http-nio-8080-exec-10] o.s.web.servlet.DispatcherServlet        : GET "/uploads/04_Medicalcompanion.jpg", parameters={}
2026-03-15 13:02:59.075 DEBUG 54685 --- [http-nio-8080-exec-7] o.s.w.s.handler.SimpleUrlHandlerMapping  : Mapped to ResourceHttpRequestHandler [classpath [static/uploads/]]
2026-03-15 13:02:59.075 DEBUG 54685 --- [http-nio-8080-exec-5] o.s.w.s.handler.SimpleUrlHandlerMapping  : Mapped to ResourceHttpRequestHandler [classpath [static/uploads/]]
2026-03-15 13:02:59.075 DEBUG 54685 --- [http-nio-8080-exec-10] o.s.w.s.handler.SimpleUrlHandlerMapping  : Mapped to ResourceHttpRequestHandler [classpath [static/uploads/]]
2026-03-15 13:02:59.076 DEBUG 54685 --- [http-nio-8080-exec-7] o.s.web.servlet.DispatcherServlet        : Completed 200 OK
2026-03-15 13:02:59.076 DEBUG 54685 --- [http-nio-8080-exec-5] o.s.web.servlet.DispatcherServlet        : Completed 200 OK
2026-03-15 13:02:59.086 DEBUG 54685 --- [http-nio-8080-exec-10] o.s.web.servlet.DispatcherServlet        : Completed 200 OK
2026-03-15 13:02:59.698 DEBUG 54685 --- [http-nio-8080-exec-8] o.s.web.servlet.DispatcherServlet        : GET "/api/chat/contacts", parameters={}
2026-03-15 13:02:59.698 DEBUG 54685 --- [http-nio-8080-exec-8] s.w.s.m.m.a.RequestMappingHandlerMapping : Mapped to org.example.controller.ChatController#getRecentContacts(HttpServletRequest)
2026-03-15 13:02:59.700 DEBUG 54685 --- [http-nio-8080-exec-8] o.e.d.C.findRecentContacts               : ==>  Preparing: SELECT m.*, CASE WHEN m.sender_id = 0 THEN '系统通知' ELSE u.name END as sender_name, CASE WHEN m.sender_id = 0 THEN '/static/logo.png' ELSE u.avatar END as sender_avatar, (SELECT COUNT(*) FROM chat_message cm WHERE cm.sender_id = contact_id AND cm.receiver_id = ? AND cm.is_read = 0) as unread_count FROM ( SELECT CASE WHEN sender_id = ? THEN receiver_id ELSE sender_id END as contact_id, MAX(create_time) as max_time FROM chat_message WHERE sender_id = ? OR receiver_id = ? GROUP BY contact_id ) t JOIN chat_message m ON ( (m.sender_id = ? AND m.receiver_id = t.contact_id) OR (m.sender_id = t.contact_id AND m.receiver_id = ?) ) AND m.create_time = t.max_time LEFT JOIN user u ON u.id = t.contact_id ORDER BY m.create_time DESC
2026-03-15 13:02:59.701 DEBUG 54685 --- [http-nio-8080-exec-8] o.e.d.C.findRecentContacts               : ==> Parameters: 21(Integer), 21(Integer), 21(Integer), 21(Integer), 21(Integer), 21(Integer)
2026-03-15 13:02:59.702 DEBUG 54685 --- [http-nio-8080-exec-8] o.e.d.C.findRecentContacts               : <==      Total: 2
2026-03-15 13:02:59.703 DEBUG 54685 --- [http-nio-8080-exec-8] m.m.a.RequestResponseBodyMethodProcessor : Using 'application/json', given [*/*] and supported [application/json, application/*+json, application/json, application/*+json]
2026-03-15 13:02:59.703 DEBUG 54685 --- [http-nio-8080-exec-8] m.m.a.RequestResponseBodyMethodProcessor : Writing [org.example.common.ResponseResult@1215af7d]
2026-03-15 13:02:59.704 DEBUG 54685 --- [http-nio-8080-exec-8] o.s.web.servlet.DispatcherServlet        : Completed 200 OK
2026-03-15 13:02:59.706 DEBUG 54685 --- [http-nio-8080-exec-6] o.s.web.servlet.DispatcherServlet        : GET "/ws/chat?userId=21", parameters={masked}
2026-03-15 13:02:59.706 DEBUG 54685 --- [http-nio-8080-exec-6] o.s.w.s.s.s.WebSocketHandlerMapping      : Mapped to org.springframework.web.socket.server.support.WebSocketHttpRequestHandler@7eee6c13
2026-03-15 13:02:59.706 DEBUG 54685 --- [http-nio-8080-exec-6] o.s.w.s.s.s.WebSocketHttpRequestHandler  : GET /ws/chat
2026-03-15 13:02:59.707 DEBUG 54685 --- [http-nio-8080-exec-6] o.s.web.servlet.DispatcherServlet        : Completed 101 SWITCHING_PROTOCOLS
2026-03-15 13:02:59.708 DEBUG 54685 --- [http-nio-8080-exec-6] s.w.s.h.LoggingWebSocketHandlerDecorator : New StandardWebSocketSession[id=aa4fcb7a-9606-539b-840d-d7663998539c, uri=ws://localhost:8080/ws/chat?userId=21]
2026-03-15 13:02:59.708  INFO 54685 --- [http-nio-8080-exec-6] o.example.handler.ChatWebSocketHandler   : 聊天 WebSocket 连接建立: 用户 21
2026-03-15 13:03:00.268 DEBUG 54685 --- [http-nio-8080-exec-4] o.s.web.servlet.DispatcherServlet        : GET "/attendant/orders/waiting?page=0&size=10", parameters={masked}
2026-03-15 13:03:00.268 DEBUG 54685 --- [http-nio-8080-exec-4] s.w.s.m.m.a.RequestMappingHandlerMapping : Mapped to org.example.controller.AttendantController#getWaitingOrders(Integer, Integer, Integer, Integer, BigDecimal)
2026-03-15 13:03:00.271 DEBUG 54685 --- [http-nio-8080-exec-4] o.e.dao.OrderMapper.countUserOrders      : ==>  Preparing: SELECT COUNT(*) FROM `order` WHERE order_status = ?
2026-03-15 13:03:00.271 DEBUG 54685 --- [http-nio-8080-exec-4] o.e.dao.OrderMapper.countUserOrders      : ==> Parameters: 1(Integer)
2026-03-15 13:03:00.272 DEBUG 54685 --- [http-nio-8080-exec-4] o.e.dao.OrderMapper.countUserOrders      : <==      Total: 1
2026-03-15 13:03:00.272 DEBUG 54685 --- [http-nio-8080-exec-4] o.e.d.O.findUserOrdersWithPagination     : ==>  Preparing: SELECT * FROM `order` WHERE order_status = ? ORDER BY create_time DESC LIMIT ?, ?
2026-03-15 13:03:00.272 DEBUG 54685 --- [http-nio-8080-exec-4] o.e.d.O.findUserOrdersWithPagination     : ==> Parameters: 1(Integer), 0(Integer), 10(Integer)
2026-03-15 13:03:00.273 DEBUG 54685 --- [http-nio-8080-exec-4] o.e.d.O.findUserOrdersWithPagination     : <==      Total: 3
2026-03-15 13:03:00.273 DEBUG 54685 --- [http-nio-8080-exec-4] m.m.a.RequestResponseBodyMethodProcessor : Using 'application/json', given [*/*] and supported [application/json, application/*+json, application/json, application/*+json]
2026-03-15 13:03:00.273 DEBUG 54685 --- [http-nio-8080-exec-4] m.m.a.RequestResponseBodyMethodProcessor : Writing [org.example.common.ResponseResult@222851cb]
2026-03-15 13:03:00.273 DEBUG 54685 --- [http-nio-8080-exec-4] o.s.web.servlet.DispatcherServlet        : Completed 200 OK
2026-03-15 13:03:02.059 DEBUG 54685 --- [http-nio-8080-exec-3] o.s.web.servlet.DispatcherServlet        : GET "/api/chat/contacts", parameters={}
2026-03-15 13:03:02.059 DEBUG 54685 --- [http-nio-8080-exec-3] s.w.s.m.m.a.RequestMappingHandlerMapping : Mapped to org.example.controller.ChatController#getRecentContacts(HttpServletRequest)
2026-03-15 13:03:02.061 DEBUG 54685 --- [http-nio-8080-exec-3] o.e.d.C.findRecentContacts               : ==>  Preparing: SELECT m.*, CASE WHEN m.sender_id = 0 THEN '系统通知' ELSE u.name END as sender_name, CASE WHEN m.sender_id = 0 THEN '/static/logo.png' ELSE u.avatar END as sender_avatar, (SELECT COUNT(*) FROM chat_message cm WHERE cm.sender_id = contact_id AND cm.receiver_id = ? AND cm.is_read = 0) as unread_count FROM ( SELECT CASE WHEN sender_id = ? THEN receiver_id ELSE sender_id END as contact_id, MAX(create_time) as max_time FROM chat_message WHERE sender_id = ? OR receiver_id = ? GROUP BY contact_id ) t JOIN chat_message m ON ( (m.sender_id = ? AND m.receiver_id = t.contact_id) OR (m.sender_id = t.contact_id AND m.receiver_id = ?) ) AND m.create_time = t.max_time LEFT JOIN user u ON u.id = t.contact_id ORDER BY m.create_time DESC
2026-03-15 13:03:02.061 DEBUG 54685 --- [http-nio-8080-exec-3] o.e.d.C.findRecentContacts               : ==> Parameters: 21(Integer), 21(Integer), 21(Integer), 21(Integer), 21(Integer), 21(Integer)
2026-03-15 13:03:02.065 DEBUG 54685 --- [http-nio-8080-exec-3] o.e.d.C.findRecentContacts               : <==      Total: 2
2026-03-15 13:03:02.065 DEBUG 54685 --- [http-nio-8080-exec-3] m.m.a.RequestResponseBodyMethodProcessor : Using 'application/json', given [*/*] and supported [application/json, application/*+json, application/json, application/*+json]
2026-03-15 13:03:02.065 DEBUG 54685 --- [http-nio-8080-exec-3] m.m.a.RequestResponseBodyMethodProcessor : Writing [org.example.common.ResponseResult@6f271326]
2026-03-15 13:03:02.066 DEBUG 54685 --- [http-nio-8080-exec-3] o.s.web.servlet.DispatcherServlet        : Completed 200 OK
2026-03-15 13:03:02.067 DEBUG 54685 --- [http-nio-8080-exec-2] o.s.web.servlet.DispatcherServlet        : GET "/api/chat/contacts", parameters={}
2026-03-15 13:03:02.068 DEBUG 54685 --- [http-nio-8080-exec-2] s.w.s.m.m.a.RequestMappingHandlerMapping : Mapped to org.example.controller.ChatController#getRecentContacts(HttpServletRequest)
2026-03-15 13:03:02.069 DEBUG 54685 --- [http-nio-8080-exec-2] o.e.d.C.findRecentContacts               : ==>  Preparing: SELECT m.*, CASE WHEN m.sender_id = 0 THEN '系统通知' ELSE u.name END as sender_name, CASE WHEN m.sender_id = 0 THEN '/static/logo.png' ELSE u.avatar END as sender_avatar, (SELECT COUNT(*) FROM chat_message cm WHERE cm.sender_id = contact_id AND cm.receiver_id = ? AND cm.is_read = 0) as unread_count FROM ( SELECT CASE WHEN sender_id = ? THEN receiver_id ELSE sender_id END as contact_id, MAX(create_time) as max_time FROM chat_message WHERE sender_id = ? OR receiver_id = ? GROUP BY contact_id ) t JOIN chat_message m ON ( (m.sender_id = ? AND m.receiver_id = t.contact_id) OR (m.sender_id = t.contact_id AND m.receiver_id = ?) ) AND m.create_time = t.max_time LEFT JOIN user u ON u.id = t.contact_id ORDER BY m.create_time DESC
2026-03-15 13:03:02.069 DEBUG 54685 --- [http-nio-8080-exec-2] o.e.d.C.findRecentContacts               : ==> Parameters: 21(Integer), 21(Integer), 21(Integer), 21(Integer), 21(Integer), 21(Integer)
2026-03-15 13:03:02.071 DEBUG 54685 --- [http-nio-8080-exec-2] o.e.d.C.findRecentContacts               : <==      Total: 2
2026-03-15 13:03:02.071 DEBUG 54685 --- [http-nio-8080-exec-2] m.m.a.RequestResponseBodyMethodProcessor : Using 'application/json', given [*/*] and supported [application/json, application/*+json, application/json, application/*+json]
2026-03-15 13:03:02.071 DEBUG 54685 --- [http-nio-8080-exec-2] m.m.a.RequestResponseBodyMethodProcessor : Writing [org.example.common.ResponseResult@4b5db5a8]
2026-03-15 13:03:02.072 DEBUG 54685 --- [http-nio-8080-exec-2] o.s.web.servlet.DispatcherServlet        : Completed 200 OK
2026-03-15 13:03:02.074 DEBUG 54685 --- [http-nio-8080-exec-9] o.s.web.servlet.DispatcherServlet        : GET "/ws/chat?userId=21", parameters={masked}
2026-03-15 13:03:02.074 DEBUG 54685 --- [http-nio-8080-exec-9] o.s.w.s.s.s.WebSocketHandlerMapping      : Mapped to org.springframework.web.socket.server.support.WebSocketHttpRequestHandler@7eee6c13
2026-03-15 13:03:02.074 DEBUG 54685 --- [http-nio-8080-exec-9] o.s.w.s.s.s.WebSocketHttpRequestHandler  : GET /ws/chat
2026-03-15 13:03:02.075 DEBUG 54685 --- [http-nio-8080-exec-9] o.s.web.servlet.DispatcherServlet        : Completed 101 SWITCHING_PROTOCOLS
2026-03-15 13:03:02.076 DEBUG 54685 --- [http-nio-8080-exec-9] s.w.s.h.LoggingWebSocketHandlerDecorator : New StandardWebSocketSession[id=ee3c1414-0f14-9279-7eef-ec1f6ecba4c8, uri=ws://localhost:8080/ws/chat?userId=21]
2026-03-15 13:03:02.076  INFO 54685 --- [http-nio-8080-exec-9] o.example.handler.ChatWebSocketHandler   : 聊天 WebSocket 连接建立: 用户 21
2026-03-15 13:03:02.746 DEBUG 54685 --- [http-nio-8080-exec-5] o.s.web.servlet.DispatcherServlet        : POST "/api/chat/read?senderId=15", parameters={masked}
2026-03-15 13:03:02.747 DEBUG 54685 --- [http-nio-8080-exec-5] s.w.s.m.m.a.RequestMappingHandlerMapping : Mapped to org.example.controller.ChatController#markAsRead(Integer, HttpServletRequest)
2026-03-15 13:03:02.750 DEBUG 54685 --- [http-nio-8080-exec-5] o.e.dao.ChatMessageMapper.markAsRead     : ==>  Preparing: UPDATE chat_message SET is_read = 1 WHERE sender_id = ? AND receiver_id = ? AND is_read = 0
2026-03-15 13:03:02.750 DEBUG 54685 --- [http-nio-8080-exec-5] o.e.dao.ChatMessageMapper.markAsRead     : ==> Parameters: 15(Integer), 21(Integer)
2026-03-15 13:03:02.751 DEBUG 54685 --- [http-nio-8080-exec-5] o.e.dao.ChatMessageMapper.markAsRead     : <==    Updates: 0
2026-03-15 13:03:02.751  INFO 54685 --- [http-nio-8080-exec-5] o.example.service.impl.ChatServiceImpl   : 已发送已读回执: 接收者21 -> 发送者15
2026-03-15 13:03:02.752 DEBUG 54685 --- [http-nio-8080-exec-5] m.m.a.RequestResponseBodyMethodProcessor : Using 'application/json', given [*/*] and supported [application/json, application/*+json, application/json, application/*+json]
2026-03-15 13:03:02.752 DEBUG 54685 --- [http-nio-8080-exec-5] m.m.a.RequestResponseBodyMethodProcessor : Writing [org.example.common.ResponseResult@1f477c3f]
2026-03-15 13:03:02.752 DEBUG 54685 --- [http-nio-8080-exec-5] o.s.web.servlet.DispatcherServlet        : Completed 200 OK
2026-03-15 13:03:02.821 DEBUG 54685 --- [http-nio-8080-exec-8] o.s.web.servlet.DispatcherServlet        : GET "/ws/chat?userId=21", parameters={masked}
2026-03-15 13:03:02.822 DEBUG 54685 --- [http-nio-8080-exec-8] o.s.w.s.s.s.WebSocketHandlerMapping      : Mapped to org.springframework.web.socket.server.support.WebSocketHttpRequestHandler@7eee6c13
2026-03-15 13:03:02.822 DEBUG 54685 --- [http-nio-8080-exec-8] o.s.w.s.s.s.WebSocketHttpRequestHandler  : GET /ws/chat
2026-03-15 13:03:02.822 DEBUG 54685 --- [http-nio-8080-exec-6] o.s.web.servlet.DispatcherServlet        : GET "/api/chat/history?targetUserId=15&page=1&pageSize=20", parameters={masked}
2026-03-15 13:03:02.822 DEBUG 54685 --- [http-nio-8080-exec-6] s.w.s.m.m.a.RequestMappingHandlerMapping : Mapped to org.example.controller.ChatController#getHistory(Integer, HttpServletRequest)
2026-03-15 13:03:02.822 DEBUG 54685 --- [http-nio-8080-exec-8] o.s.web.servlet.DispatcherServlet        : Completed 101 SWITCHING_PROTOCOLS
2026-03-15 13:03:02.823 DEBUG 54685 --- [http-nio-8080-exec-8] s.w.s.h.LoggingWebSocketHandlerDecorator : New StandardWebSocketSession[id=54f25d17-907a-3ae5-22c1-852550f61ba3, uri=ws://localhost:8080/ws/chat?userId=21]
2026-03-15 13:03:02.823  INFO 54685 --- [http-nio-8080-exec-8] o.example.handler.ChatWebSocketHandler   : 聊天 WebSocket 连接建立: 用户 21
2026-03-15 13:03:02.824 DEBUG 54685 --- [http-nio-8080-exec-6] o.e.dao.ChatMessageMapper.findHistory    : ==>  Preparing: SELECT m.*, u.name as sender_name, u.avatar as sender_avatar FROM chat_message m LEFT JOIN user u ON m.sender_id = u.id WHERE (m.sender_id = ? AND m.receiver_id = ?) OR (m.sender_id = ? AND m.receiver_id = ?) ORDER BY m.create_time ASC
2026-03-15 13:03:02.824 DEBUG 54685 --- [http-nio-8080-exec-6] o.e.dao.ChatMessageMapper.findHistory    : ==> Parameters: 21(Integer), 15(Integer), 15(Integer), 21(Integer)
2026-03-15 13:03:02.827 DEBUG 54685 --- [http-nio-8080-exec-6] o.e.dao.ChatMessageMapper.findHistory    : <==      Total: 46
2026-03-15 13:03:02.828 DEBUG 54685 --- [http-nio-8080-exec-6] m.m.a.RequestResponseBodyMethodProcessor : Using 'application/json', given [*/*] and supported [application/json, application/*+json, application/json, application/*+json]
2026-03-15 13:03:02.828 DEBUG 54685 --- [http-nio-8080-exec-6] m.m.a.RequestResponseBodyMethodProcessor : Writing [org.example.common.ResponseResult@2becbd82]
2026-03-15 13:03:02.829 DEBUG 54685 --- [http-nio-8080-exec-6] o.s.web.servlet.DispatcherServlet        : Completed 200 OK
2026-03-15 13:03:06.689 DEBUG 54685 --- [http-nio-8080-exec-4] o.s.web.servlet.DispatcherServlet        : GET "/api/chat/contacts", parameters={}
2026-03-15 13:03:06.690 DEBUG 54685 --- [http-nio-8080-exec-4] s.w.s.m.m.a.RequestMappingHandlerMapping : Mapped to org.example.controller.ChatController#getRecentContacts(HttpServletRequest)
2026-03-15 13:03:06.698 DEBUG 54685 --- [http-nio-8080-exec-4] o.e.d.C.findRecentContacts               : ==>  Preparing: SELECT m.*, CASE WHEN m.sender_id = 0 THEN '系统通知' ELSE u.name END as sender_name, CASE WHEN m.sender_id = 0 THEN '/static/logo.png' ELSE u.avatar END as sender_avatar, (SELECT COUNT(*) FROM chat_message cm WHERE cm.sender_id = contact_id AND cm.receiver_id = ? AND cm.is_read = 0) as unread_count FROM ( SELECT CASE WHEN sender_id = ? THEN receiver_id ELSE sender_id END as contact_id, MAX(create_time) as max_time FROM chat_message WHERE sender_id = ? OR receiver_id = ? GROUP BY contact_id ) t JOIN chat_message m ON ( (m.sender_id = ? AND m.receiver_id = t.contact_id) OR (m.sender_id = t.contact_id AND m.receiver_id = ?) ) AND m.create_time = t.max_time LEFT JOIN user u ON u.id = t.contact_id ORDER BY m.create_time DESC
2026-03-15 13:03:06.699 DEBUG 54685 --- [http-nio-8080-exec-4] o.e.d.C.findRecentContacts               : ==> Parameters: 21(Integer), 21(Integer), 21(Integer), 21(Integer), 21(Integer), 21(Integer)
2026-03-15 13:03:06.705 DEBUG 54685 --- [http-nio-8080-exec-4] o.e.d.C.findRecentContacts               : <==      Total: 2
2026-03-15 13:03:06.706 DEBUG 54685 --- [http-nio-8080-exec-4] m.m.a.RequestResponseBodyMethodProcessor : Using 'application/json', given [*/*] and supported [application/json, application/*+json, application/json, application/*+json]
2026-03-15 13:03:06.706 DEBUG 54685 --- [http-nio-8080-exec-4] m.m.a.RequestResponseBodyMethodProcessor : Writing [org.example.common.ResponseResult@4b3899f3]
2026-03-15 13:03:06.706 DEBUG 54685 --- [http-nio-8080-exec-4] o.s.web.servlet.DispatcherServlet        : Completed 200 OK
2026-03-15 13:03:07.646 DEBUG 54685 --- [http-nio-8080-exec-2] o.s.web.servlet.DispatcherServlet        : GET "/attendant/profile/21", parameters={}
2026-03-15 13:03:07.647 DEBUG 54685 --- [http-nio-8080-exec-2] s.w.s.m.m.a.RequestMappingHandlerMapping : Mapped to org.example.controller.AttendantController#getProfile(Integer)
2026-03-15 13:03:07.649 DEBUG 54685 --- [http-nio-8080-exec-2] org.example.dao.UserMapper.findById      : ==>  Preparing: SELECT * FROM user WHERE id = ?
2026-03-15 13:03:07.649 DEBUG 54685 --- [http-nio-8080-exec-2] org.example.dao.UserMapper.findById      : ==> Parameters: 21(Integer)
2026-03-15 13:03:07.650 DEBUG 54685 --- [http-nio-8080-exec-2] org.example.dao.UserMapper.findById      : <==      Total: 1
2026-03-15 13:03:07.650 DEBUG 54685 --- [http-nio-8080-exec-2] o.e.dao.AttendantMapper.findByUserId     : ==>  Preparing: SELECT * FROM attendant WHERE user_id = ?
2026-03-15 13:03:07.650 DEBUG 54685 --- [http-nio-8080-exec-2] o.e.dao.AttendantMapper.findByUserId     : ==> Parameters: 21(Integer)
2026-03-15 13:03:07.651 DEBUG 54685 --- [http-nio-8080-exec-2] o.e.dao.AttendantMapper.findByUserId     : <==      Total: 1
2026-03-15 13:03:07.652 DEBUG 54685 --- [http-nio-8080-exec-2] m.m.a.RequestResponseBodyMethodProcessor : Using 'application/json', given [*/*] and supported [application/json, application/*+json, application/json, application/*+json]
2026-03-15 13:03:07.652 DEBUG 54685 --- [http-nio-8080-exec-2] m.m.a.RequestResponseBodyMethodProcessor : Writing [org.example.common.ResponseResult@1a373d19]
2026-03-15 13:03:07.652 DEBUG 54685 --- [http-nio-8080-exec-2] o.s.web.servlet.DispatcherServlet        : Completed 200 OK
2026-03-15 13:03:07.654 DEBUG 54685 --- [http-nio-8080-exec-9] o.s.web.servlet.DispatcherServlet        : GET "/attendant/profile/21", parameters={}
2026-03-15 13:03:07.654 DEBUG 54685 --- [http-nio-8080-exec-9] s.w.s.m.m.a.RequestMappingHandlerMapping : Mapped to org.example.controller.AttendantController#getProfile(Integer)
2026-03-15 13:03:07.658 DEBUG 54685 --- [http-nio-8080-exec-9] org.example.dao.UserMapper.findById      : ==>  Preparing: SELECT * FROM user WHERE id = ?
2026-03-15 13:03:07.658 DEBUG 54685 --- [http-nio-8080-exec-9] org.example.dao.UserMapper.findById      : ==> Parameters: 21(Integer)
2026-03-15 13:03:07.659 DEBUG 54685 --- [http-nio-8080-exec-9] org.example.dao.UserMapper.findById      : <==      Total: 1
2026-03-15 13:03:07.659 DEBUG 54685 --- [http-nio-8080-exec-9] o.e.dao.AttendantMapper.findByUserId     : ==>  Preparing: SELECT * FROM attendant WHERE user_id = ?
2026-03-15 13:03:07.659 DEBUG 54685 --- [http-nio-8080-exec-9] o.e.dao.AttendantMapper.findByUserId     : ==> Parameters: 21(Integer)
2026-03-15 13:03:07.659 DEBUG 54685 --- [http-nio-8080-exec-9] o.e.dao.AttendantMapper.findByUserId     : <==      Total: 1
2026-03-15 13:03:07.659 DEBUG 54685 --- [http-nio-8080-exec-9] m.m.a.RequestResponseBodyMethodProcessor : Using 'application/json', given [*/*] and supported [application/json, application/*+json, application/json, application/*+json]
2026-03-15 13:03:07.659 DEBUG 54685 --- [http-nio-8080-exec-9] m.m.a.RequestResponseBodyMethodProcessor : Writing [org.example.common.ResponseResult@4c681d76]
2026-03-15 13:03:07.660 DEBUG 54685 --- [http-nio-8080-exec-9] o.s.web.servlet.DispatcherServlet        : Completed 200 OK
2026-03-15 13:03:09.119 DEBUG 54685 --- [http-nio-8080-exec-7] o.s.web.servlet.DispatcherServlet        : GET "/api/chat/contacts", parameters={}
2026-03-15 13:03:09.119 DEBUG 54685 --- [http-nio-8080-exec-7] s.w.s.m.m.a.RequestMappingHandlerMapping : Mapped to org.example.controller.ChatController#getRecentContacts(HttpServletRequest)
2026-03-15 13:03:09.122 DEBUG 54685 --- [http-nio-8080-exec-7] o.e.d.C.findRecentContacts               : ==>  Preparing: SELECT m.*, CASE WHEN m.sender_id = 0 THEN '系统通知' ELSE u.name END as sender_name, CASE WHEN m.sender_id = 0 THEN '/static/logo.png' ELSE u.avatar END as sender_avatar, (SELECT COUNT(*) FROM chat_message cm WHERE cm.sender_id = contact_id AND cm.receiver_id = ? AND cm.is_read = 0) as unread_count FROM ( SELECT CASE WHEN sender_id = ? THEN receiver_id ELSE sender_id END as contact_id, MAX(create_time) as max_time FROM chat_message WHERE sender_id = ? OR receiver_id = ? GROUP BY contact_id ) t JOIN chat_message m ON ( (m.sender_id = ? AND m.receiver_id = t.contact_id) OR (m.sender_id = t.contact_id AND m.receiver_id = ?) ) AND m.create_time = t.max_time LEFT JOIN user u ON u.id = t.contact_id ORDER BY m.create_time DESC
2026-03-15 13:03:09.123 DEBUG 54685 --- [http-nio-8080-exec-7] o.e.d.C.findRecentContacts               : ==> Parameters: 21(Integer), 21(Integer), 21(Integer), 21(Integer), 21(Integer), 21(Integer)
2026-03-15 13:03:09.126 DEBUG 54685 --- [http-nio-8080-exec-7] o.e.d.C.findRecentContacts               : <==      Total: 2
2026-03-15 13:03:09.127 DEBUG 54685 --- [http-nio-8080-exec-7] m.m.a.RequestResponseBodyMethodProcessor : Using 'application/json', given [*/*] and supported [application/json, application/*+json, application/json, application/*+json]
2026-03-15 13:03:09.128 DEBUG 54685 --- [http-nio-8080-exec-7] m.m.a.RequestResponseBodyMethodProcessor : Writing [org.example.common.ResponseResult@274750b4]
2026-03-15 13:03:09.128 DEBUG 54685 --- [http-nio-8080-exec-7] o.s.web.servlet.DispatcherServlet        : Completed 200 OK
2026-03-15 13:03:09.130 DEBUG 54685 --- [http-nio-8080-exec-5] o.s.web.servlet.DispatcherServlet        : GET "/api/chat/contacts", parameters={}
2026-03-15 13:03:09.131 DEBUG 54685 --- [http-nio-8080-exec-5] s.w.s.m.m.a.RequestMappingHandlerMapping : Mapped to org.example.controller.ChatController#getRecentContacts(HttpServletRequest)
2026-03-15 13:03:09.133 DEBUG 54685 --- [http-nio-8080-exec-5] o.e.d.C.findRecentContacts               : ==>  Preparing: SELECT m.*, CASE WHEN m.sender_id = 0 THEN '系统通知' ELSE u.name END as sender_name, CASE WHEN m.sender_id = 0 THEN '/static/logo.png' ELSE u.avatar END as sender_avatar, (SELECT COUNT(*) FROM chat_message cm WHERE cm.sender_id = contact_id AND cm.receiver_id = ? AND cm.is_read = 0) as unread_count FROM ( SELECT CASE WHEN sender_id = ? THEN receiver_id ELSE sender_id END as contact_id, MAX(create_time) as max_time FROM chat_message WHERE sender_id = ? OR receiver_id = ? GROUP BY contact_id ) t JOIN chat_message m ON ( (m.sender_id = ? AND m.receiver_id = t.contact_id) OR (m.sender_id = t.contact_id AND m.receiver_id = ?) ) AND m.create_time = t.max_time LEFT JOIN user u ON u.id = t.contact_id ORDER BY m.create_time DESC
2026-03-15 13:03:09.133 DEBUG 54685 --- [http-nio-8080-exec-5] o.e.d.C.findRecentContacts               : ==> Parameters: 21(Integer), 21(Integer), 21(Integer), 21(Integer), 21(Integer), 21(Integer)
2026-03-15 13:03:09.135 DEBUG 54685 --- [http-nio-8080-exec-5] o.e.d.C.findRecentContacts               : <==      Total: 2
2026-03-15 13:03:09.135 DEBUG 54685 --- [http-nio-8080-exec-5] m.m.a.RequestResponseBodyMethodProcessor : Using 'application/json', given [*/*] and supported [application/json, application/*+json, application/json, application/*+json]
2026-03-15 13:03:09.135 DEBUG 54685 --- [http-nio-8080-exec-5] m.m.a.RequestResponseBodyMethodProcessor : Writing [org.example.common.ResponseResult@123c8dfd]
2026-03-15 13:03:09.135 DEBUG 54685 --- [http-nio-8080-exec-5] o.s.web.servlet.DispatcherServlet        : Completed 200 OK
2026-03-15 13:03:09.137 DEBUG 54685 --- [http-nio-8080-exec-10] o.s.web.servlet.DispatcherServlet        : GET "/ws/chat?userId=21", parameters={masked}
2026-03-15 13:03:09.138 DEBUG 54685 --- [http-nio-8080-exec-10] o.s.w.s.s.s.WebSocketHandlerMapping      : Mapped to org.springframework.web.socket.server.support.WebSocketHttpRequestHandler@7eee6c13
2026-03-15 13:03:09.138 DEBUG 54685 --- [http-nio-8080-exec-10] o.s.w.s.s.s.WebSocketHttpRequestHandler  : GET /ws/chat
2026-03-15 13:03:09.138 DEBUG 54685 --- [http-nio-8080-exec-10] o.s.web.servlet.DispatcherServlet        : Completed 101 SWITCHING_PROTOCOLS
2026-03-15 13:03:09.138 DEBUG 54685 --- [http-nio-8080-exec-10] s.w.s.h.LoggingWebSocketHandlerDecorator : New StandardWebSocketSession[id=3ac49055-ac15-8217-6032-b7ed1d54adb7, uri=ws://localhost:8080/ws/chat?userId=21]
2026-03-15 13:03:09.138  INFO 54685 --- [http-nio-8080-exec-10] o.example.handler.ChatWebSocketHandler   : 聊天 WebSocket 连接建立: 用户 21
2026-03-15 13:03:09.911 DEBUG 54685 --- [http-nio-8080-exec-6] o.s.web.servlet.DispatcherServlet        : POST "/api/chat/read?senderId=15", parameters={masked}
2026-03-15 13:03:09.911 DEBUG 54685 --- [http-nio-8080-exec-6] s.w.s.m.m.a.RequestMappingHandlerMapping : Mapped to org.example.controller.ChatController#markAsRead(Integer, HttpServletRequest)
2026-03-15 13:03:09.914 DEBUG 54685 --- [http-nio-8080-exec-6] o.e.dao.ChatMessageMapper.markAsRead     : ==>  Preparing: UPDATE chat_message SET is_read = 1 WHERE sender_id = ? AND receiver_id = ? AND is_read = 0
2026-03-15 13:03:09.915 DEBUG 54685 --- [http-nio-8080-exec-6] o.e.dao.ChatMessageMapper.markAsRead     : ==> Parameters: 15(Integer), 21(Integer)
2026-03-15 13:03:09.916 DEBUG 54685 --- [http-nio-8080-exec-6] o.e.dao.ChatMessageMapper.markAsRead     : <==    Updates: 0
2026-03-15 13:03:09.916  INFO 54685 --- [http-nio-8080-exec-6] o.example.service.impl.ChatServiceImpl   : 已发送已读回执: 接收者21 -> 发送者15
2026-03-15 13:03:09.917 DEBUG 54685 --- [http-nio-8080-exec-6] m.m.a.RequestResponseBodyMethodProcessor : Using 'application/json', given [*/*] and supported [application/json, application/*+json, application/json, application/*+json]
2026-03-15 13:03:09.917 DEBUG 54685 --- [http-nio-8080-exec-6] m.m.a.RequestResponseBodyMethodProcessor : Writing [org.example.common.ResponseResult@6a149d5e]
2026-03-15 13:03:09.917 DEBUG 54685 --- [http-nio-8080-exec-6] o.s.web.servlet.DispatcherServlet        : Completed 200 OK
2026-03-15 13:03:09.973 DEBUG 54685 --- [http-nio-8080-exec-4] o.s.web.servlet.DispatcherServlet        : GET "/ws/chat?userId=21", parameters={masked}
2026-03-15 13:03:09.974 DEBUG 54685 --- [http-nio-8080-exec-4] o.s.w.s.s.s.WebSocketHandlerMapping      : Mapped to org.springframework.web.socket.server.support.WebSocketHttpRequestHandler@7eee6c13
2026-03-15 13:03:09.974 DEBUG 54685 --- [http-nio-8080-exec-4] o.s.w.s.s.s.WebSocketHttpRequestHandler  : GET /ws/chat
2026-03-15 13:03:09.974 DEBUG 54685 --- [http-nio-8080-exec-3] o.s.web.servlet.DispatcherServlet        : GET "/api/chat/history?targetUserId=15&page=1&pageSize=20", parameters={masked}
2026-03-15 13:03:09.974 DEBUG 54685 --- [http-nio-8080-exec-3] s.w.s.m.m.a.RequestMappingHandlerMapping : Mapped to org.example.controller.ChatController#getHistory(Integer, HttpServletRequest)
2026-03-15 13:03:09.974 DEBUG 54685 --- [http-nio-8080-exec-4] o.s.web.servlet.DispatcherServlet        : Completed 101 SWITCHING_PROTOCOLS
2026-03-15 13:03:09.975 DEBUG 54685 --- [http-nio-8080-exec-4] s.w.s.h.LoggingWebSocketHandlerDecorator : New StandardWebSocketSession[id=64d0bcb0-4312-0b89-d6ab-3e0e7b9cffbb, uri=ws://localhost:8080/ws/chat?userId=21]
2026-03-15 13:03:09.975  INFO 54685 --- [http-nio-8080-exec-4] o.example.handler.ChatWebSocketHandler   : 聊天 WebSocket 连接建立: 用户 21
2026-03-15 13:03:09.976 DEBUG 54685 --- [http-nio-8080-exec-3] o.e.dao.ChatMessageMapper.findHistory    : ==>  Preparing: SELECT m.*, u.name as sender_name, u.avatar as sender_avatar FROM chat_message m LEFT JOIN user u ON m.sender_id = u.id WHERE (m.sender_id = ? AND m.receiver_id = ?) OR (m.sender_id = ? AND m.receiver_id = ?) ORDER BY m.create_time ASC
2026-03-15 13:03:09.977 DEBUG 54685 --- [http-nio-8080-exec-3] o.e.dao.ChatMessageMapper.findHistory    : ==> Parameters: 21(Integer), 15(Integer), 15(Integer), 21(Integer)
2026-03-15 13:03:09.979 DEBUG 54685 --- [http-nio-8080-exec-3] o.e.dao.ChatMessageMapper.findHistory    : <==      Total: 46
2026-03-15 13:03:09.980 DEBUG 54685 --- [http-nio-8080-exec-3] m.m.a.RequestResponseBodyMethodProcessor : Using 'application/json', given [*/*] and supported [application/json, application/*+json, application/json, application/*+json]
2026-03-15 13:03:09.980 DEBUG 54685 --- [http-nio-8080-exec-3] m.m.a.RequestResponseBodyMethodProcessor : Writing [org.example.common.ResponseResult@dcfc551]
2026-03-15 13:03:09.981 DEBUG 54685 --- [http-nio-8080-exec-3] o.s.web.servlet.DispatcherServlet        : Completed 200 OK
2026-03-15 13:03:36.100 DEBUG 54685 --- [pool-3-thread-1] o.e.d.O.findExpiredUnpaidOrders          : ==>  Preparing: SELECT * FROM `order` WHERE payment_status = 0 AND order_status = 0 AND create_time <= ? ORDER BY create_time ASC
2026-03-15 13:03:36.101 DEBUG 54685 --- [pool-3-thread-1] o.e.d.O.findExpiredUnpaidOrders          : ==> Parameters: 2026-03-15 12:48:36.099(Timestamp)
2026-03-15 13:03:36.103 DEBUG 54685 --- [pool-3-thread-1] o.e.d.O.findExpiredUnpaidOrders          : <==      Total: 0
2026-03-15 13:04:36.109 DEBUG 54685 --- [pool-3-thread-1] o.e.d.O.findExpiredUnpaidOrders          : ==>  Preparing: SELECT * FROM `order` WHERE payment_status = 0 AND order_status = 0 AND create_time <= ? ORDER BY create_time ASC
2026-03-15 13:04:36.110 DEBUG 54685 --- [pool-3-thread-1] o.e.d.O.findExpiredUnpaidOrders          : ==> Parameters: 2026-03-15 12:49:36.108(Timestamp)
2026-03-15 13:04:36.111 DEBUG 54685 --- [pool-3-thread-1] o.e.d.O.findExpiredUnpaidOrders          : <==      Total: 0
2026-03-15 13:05:36.118 DEBUG 54685 --- [pool-3-thread-1] o.e.d.O.findExpiredUnpaidOrders          : ==>  Preparing: SELECT * FROM `order` WHERE payment_status = 0 AND order_status = 0 AND create_time <= ? ORDER BY create_time ASC
2026-03-15 13:05:36.121 DEBUG 54685 --- [pool-3-thread-1] o.e.d.O.findExpiredUnpaidOrders          : ==> Parameters: 2026-03-15 12:50:36.117(Timestamp)
2026-03-15 13:05:36.125 DEBUG 54685 --- [pool-3-thread-1] o.e.d.O.findExpiredUnpaidOrders          : <==      Total: 0
2026-03-15 13:05:58.359 DEBUG 54685 --- [http-nio-8080-exec-5] s.w.s.h.LoggingWebSocketHandlerDecorator : StandardWebSocketSession[id=ee3c1414-0f14-9279-7eef-ec1f6ecba4c8, uri=ws://localhost:8080/ws/chat?userId=21] closed with CloseStatus[code=1001, reason=null]
2026-03-15 13:05:58.360 DEBUG 54685 --- [http-nio-8080-exec-1] s.w.s.h.LoggingWebSocketHandlerDecorator : StandardWebSocketSession[id=f4b31b27-35cc-6b8a-219e-635c602f0df8, uri=ws://localhost:8080/ws/chat?userId=21] closed with CloseStatus[code=1001, reason=null]
2026-03-15 13:05:58.360  INFO 54685 --- [http-nio-8080-exec-1] o.example.handler.ChatWebSocketHandler   : 聊天 WebSocket 连接断开: 用户 21
2026-03-15 13:05:58.360  INFO 54685 --- [http-nio-8080-exec-5] o.example.handler.ChatWebSocketHandler   : 聊天 WebSocket 连接断开: 用户 21
2026-03-15 13:05:58.360 DEBUG 54685 --- [http-nio-8080-exec-2] s.w.s.h.LoggingWebSocketHandlerDecorator : StandardWebSocketSession[id=64d0bcb0-4312-0b89-d6ab-3e0e7b9cffbb, uri=ws://localhost:8080/ws/chat?userId=21] closed with CloseStatus[code=1001, reason=null]
2026-03-15 13:05:58.361  INFO 54685 --- [http-nio-8080-exec-2] o.example.handler.ChatWebSocketHandler   : 聊天 WebSocket 连接断开: 用户 21
2026-03-15 13:05:58.361 DEBUG 54685 --- [http-nio-8080-exec-3] s.w.s.h.LoggingWebSocketHandlerDecorator : StandardWebSocketSession[id=3ac49055-ac15-8217-6032-b7ed1d54adb7, uri=ws://localhost:8080/ws/chat?userId=21] closed with CloseStatus[code=1001, reason=null]
2026-03-15 13:05:58.361 DEBUG 54685 --- [http-nio-8080-exec-9] s.w.s.h.LoggingWebSocketHandlerDecorator : StandardWebSocketSession[id=54f25d17-907a-3ae5-22c1-852550f61ba3, uri=ws://localhost:8080/ws/chat?userId=21] closed with CloseStatus[code=1001, reason=null]
2026-03-15 13:05:58.361  INFO 54685 --- [http-nio-8080-exec-9] o.example.handler.ChatWebSocketHandler   : 聊天 WebSocket 连接断开: 用户 21
2026-03-15 13:05:58.361 DEBUG 54685 --- [http-nio-8080-exec-7] s.w.s.h.LoggingWebSocketHandlerDecorator : StandardWebSocketSession[id=84e7db46-626f-a5a6-b7db-8346bb270f6b, uri=ws://localhost:8080/ws/chat?userId=21] closed with CloseStatus[code=1001, reason=null]
2026-03-15 13:05:58.361  INFO 54685 --- [http-nio-8080-exec-7] o.example.handler.ChatWebSocketHandler   : 聊天 WebSocket 连接断开: 用户 21
2026-03-15 13:05:58.361 DEBUG 54685 --- [http-nio-8080-exec-4] s.w.s.h.LoggingWebSocketHandlerDecorator : StandardWebSocketSession[id=aa4fcb7a-9606-539b-840d-d7663998539c, uri=ws://localhost:8080/ws/chat?userId=21] closed with CloseStatus[code=1001, reason=null]
2026-03-15 13:05:58.361  INFO 54685 --- [http-nio-8080-exec-4] o.example.handler.ChatWebSocketHandler   : 聊天 WebSocket 连接断开: 用户 21
2026-03-15 13:05:58.361  INFO 54685 --- [http-nio-8080-exec-3] o.example.handler.ChatWebSocketHandler   : 聊天 WebSocket 连接断开: 用户 21
2026-03-15 13:06:36.132 DEBUG 54685 --- [pool-3-thread-1] o.e.d.O.findExpiredUnpaidOrders          : ==>  Preparing: SELECT * FROM `order` WHERE payment_status = 0 AND order_status = 0 AND create_time <= ? ORDER BY create_time ASC
2026-03-15 13:06:36.134 DEBUG 54685 --- [pool-3-thread-1] o.e.d.O.findExpiredUnpaidOrders          : ==> Parameters: 2026-03-15 12:51:36.132(Timestamp)
2026-03-15 13:06:36.136 DEBUG 54685 --- [pool-3-thread-1] o.e.d.O.findExpiredUnpaidOrders          : <==      Total: 0
2026-03-15 13:07:36.138 DEBUG 54685 --- [pool-3-thread-1] o.e.d.O.findExpiredUnpaidOrders          : ==>  Preparing: SELECT * FROM `order` WHERE payment_status = 0 AND order_status = 0 AND create_time <= ? ORDER BY create_time ASC
2026-03-15 13:07:36.140 DEBUG 54685 --- [pool-3-thread-1] o.e.d.O.findExpiredUnpaidOrders          : ==> Parameters: 2026-03-15 12:52:36.138(Timestamp)
2026-03-15 13:07:36.141 DEBUG 54685 --- [pool-3-thread-1] o.e.d.O.findExpiredUnpaidOrders          : <==      Total: 0
2026-03-15 13:08:36.147 DEBUG 54685 --- [pool-3-thread-1] o.e.d.O.findExpiredUnpaidOrders          : ==>  Preparing: SELECT * FROM `order` WHERE payment_status = 0 AND order_status = 0 AND create_time <= ? ORDER BY create_time ASC
2026-03-15 13:08:36.149 DEBUG 54685 --- [pool-3-thread-1] o.e.d.O.findExpiredUnpaidOrders          : ==> Parameters: 2026-03-15 12:53:36.147(Timestamp)
2026-03-15 13:08:36.150 DEBUG 54685 --- [pool-3-thread-1] o.e.d.O.findExpiredUnpaidOrders          : <==      Total: 0
2026-03-15 13:08:52.408 DEBUG 54685 --- [SpringApplicationShutdownHook] o.s.b.a.ApplicationAvailabilityBean      : Application availability state ReadinessState changed from ACCEPTING_TRAFFIC to REFUSING_TRAFFIC
2026-03-15 13:08:52.408 DEBUG 54685 --- [SpringApplicationShutdownHook] ConfigServletWebServerApplicationContext : Closing org.springframework.boot.web.servlet.context.AnnotationConfigServletWebServerApplicationContext@4ae9cfc1, started on Sun Mar 15 12:54:33 CST 2026
2026-03-15 13:08:52.409 DEBUG 54685 --- [SpringApplicationShutdownHook] ySourcesPropertyResolver$DefaultResolver : Found key 'spring.liveBeansView.mbeanDomain' in PropertySource 'systemProperties' with value of type String
2026-03-15 13:08:53.464  INFO 54685 --- [SpringApplicationShutdownHook] com.zaxxer.hikari.HikariDataSource       : HikariPool-1 - Shutdown initiated...
2026-03-15 13:08:53.474  INFO 54685 --- [SpringApplicationShutdownHook] com.zaxxer.hikari.HikariDataSource       : HikariPool-1 - Shutdown completed.
